"Gencode Id","Gene Symbol","Variant Id","SNP Id","P-Value","NES","Tissue"
"ENSG00000230658.2","KLHL7-DT","chr7_23274928_C_T_b38","rs5850","1.8e-116","0.96","Skin - Sun Exposed (Lower leg)"
"ENSG00000230658.2","KLHL7-DT","chr7_23274928_C_T_b38","rs5850","5.6e-110","1.0","Cells - Cultured fibroblasts"
"ENSG00000230658.2","KLHL7-DT","chr7_23274928_C_T_b38","rs5850","2.4e-104","0.99","Nerve - Tibial"
"ENSG00000230658.2","KLHL7-DT","chr7_23274928_C_T_b38","rs5850","1.5e-100","0.92","Thyroid"
"ENSG00000230658.2","KLHL7-DT","chr7_23274928_C_T_b38","rs5850","3.4e-98","0.97","Skin - Not Sun Exposed (Suprapubic)"
"ENSG00000230658.2","KLHL7-DT","chr7_23274928_C_T_b38","rs5850","3.1e-96","0.90","Artery - Tibial"
"ENSG00000230658.2","KLHL7-DT","chr7_23274928_C_T_b38","rs5850","1.9e-92","0.87","Adipose - Subcutaneous"
"ENSG00000230658.2","KLHL7-DT","chr7_23274928_C_T_b38","rs5850","7.9e-84","0.76","Muscle - Skeletal"
"ENSG00000230658.2","KLHL7-DT","chr7_23274928_C_T_b38","rs5850","8.9e-83","0.94","Esophagus - Mucosa"
"ENSG00000230658.2","KLHL7-DT","chr7_23274928_C_T_b38","rs5850","3.8e-81","0.98","Esophagus - Muscularis"
"ENSG00000230658.2","KLHL7-DT","chr7_23274928_C_T_b38","rs5850","6.6e-75","0.82","Lung"
"ENSG00000230658.2","KLHL7-DT","chr7_23274928_C_T_b38","rs5850","8.3e-70","0.93","Breast - Mammary Tissue"
"ENSG00000230658.2","KLHL7-DT","chr7_23274928_C_T_b38","rs5850","3.6e-69","0.85","Adipose - Visceral (Omentum)"
"ENSG00000230658.2","KLHL7-DT","chr7_23274928_C_T_b38","rs5850","2.5e-68","0.90","Testis"
"ENSG00000230658.2","KLHL7-DT","chr7_23274928_C_T_b38","rs5850","5.4e-67","0.94","Artery - Aorta"
"ENSG00000230658.2","KLHL7-DT","chr7_23274928_C_T_b38","rs5850","6.7e-63","0.95","Esophagus - Gastroesophageal Junction"
"ENSG00000230658.2","KLHL7-DT","chr7_23274928_C_T_b38","rs5850","1.2e-60","1.0","Pituitary"
"ENSG00000230658.2","KLHL7-DT","chr7_23274928_C_T_b38","rs5850","3.4e-60","0.87","Heart - Atrial Appendage"
"ENSG00000230658.2","KLHL7-DT","chr7_23274928_C_T_b38","rs5850","4.0e-58","0.90","Colon - Sigmoid"
"ENSG00000230658.2","KLHL7-DT","chr7_23274928_C_T_b38","rs5850","5.4e-57","0.88","Colon - Transverse"
"ENSG00000230658.2","KLHL7-DT","chr7_23274928_C_T_b38","rs5850","3.2e-55","0.93","Stomach"
"ENSG00000230658.2","KLHL7-DT","chr7_23274928_C_T_b38","rs5850","1.7e-54","0.83","Heart - Left Ventricle"
"ENSG00000230658.2","KLHL7-DT","chr7_23274928_C_T_b38","rs5850","6.5e-49","1.1","Brain - Caudate (basal ganglia)"
"ENSG00000230658.2","KLHL7-DT","chr7_23274928_C_T_b38","rs5850","6.4e-48","1.1","Brain - Nucleus accumbens (basal ganglia)"
"ENSG00000230658.2","KLHL7-DT","chr7_23274928_C_T_b38","rs5850","1.5e-47","1.0","Cells - EBV-transformed lymphocytes"
"ENSG00000230658.2","KLHL7-DT","chr7_23274928_C_T_b38","rs5850","1.6e-47","0.94","Pancreas"
"ENSG00000230658.2","KLHL7-DT","chr7_23274928_C_T_b38","rs5850","6.6e-44","1.1","Brain - Hypothalamus"
"ENSG00000230658.2","KLHL7-DT","chr7_23274928_C_T_b38","rs5850","5.0e-43","1.0","Brain - Cortex"
"ENSG00000230658.2","KLHL7-DT","chr7_23274928_C_T_b38","rs5850","8.8e-40","1.0","Brain - Frontal Cortex (BA9)"
"ENSG00000230658.2","KLHL7-DT","chr7_23274928_C_T_b38","rs5850","2.7e-39","0.92","Prostate"
"ENSG00000230658.2","KLHL7-DT","chr7_23274928_C_T_b38","rs5850","2.1e-38","1.1","Brain - Hippocampus"
"ENSG00000230658.2","KLHL7-DT","chr7_23274928_C_T_b38","rs5850","2.5e-38","0.93","Spleen"
"ENSG00000230658.2","KLHL7-DT","chr7_23274928_C_T_b38","rs5850","3.0e-37","0.82","Adrenal Gland"
"ENSG00000230658.2","KLHL7-DT","chr7_23274928_C_T_b38","rs5850","6.7e-37","1.1","Brain - Putamen (basal ganglia)"
"ENSG00000230658.2","KLHL7-DT","chr7_23274928_C_T_b38","rs5850","6.8e-37","0.90","Artery - Coronary"
"ENSG00000230658.2","KLHL7-DT","chr7_23274928_C_T_b38","rs5850","2.9e-34","1.1","Brain - Substantia nigra"
"ENSG00000230658.2","KLHL7-DT","chr7_23274928_C_T_b38","rs5850","1.7e-33","1.0","Brain - Anterior qcingulate cortex (BA24)"
"ENSG00000230658.2","KLHL7-DT","chr7_23274928_C_T_b38","rs5850","1.3e-32","1.1","Brain - Spinal cord (cervical c-1)"
"ENSG00000136243.18","NUP42","chr7_23274928_C_T_b38","rs5850","1.8e-32","-0.51","Heart - Atrial Appendage"
"ENSG00000230658.2","KLHL7-DT","chr7_23274928_C_T_b38","rs5850","1.8e-32","0.91","Brain - Cerebellar Hemisphere"
"ENSG00000230658.2","KLHL7-DT","chr7_23274928_C_T_b38","rs5850","1.2e-27","0.90","Brain - Cerebellum"
"ENSG00000136243.18","NUP42","chr7_23274928_C_T_b38","rs5850","2.7e-27","-0.47","Brain - Cerebellar Hemisphere"
"ENSG00000136235.17","GPNMB","chr7_23274928_C_T_b38","rs5850","3.1e-27","-0.33","Heart - Left Ventricle"
"ENSG00000226816.3","ENSG00000226816","chr7_23274928_C_T_b38","rs5850","7.6e-27","0.52","Heart - Atrial Appendage"
"ENSG00000136235.17","GPNMB","chr7_23274928_C_T_b38","rs5850","5.6e-26","-0.74","Brain - Nucleus accumbens (basal ganglia)"
"ENSG00000136243.18","NUP42","chr7_23274928_C_T_b38","rs5850","1.2e-25","-0.38","Heart - Left Ventricle"
"ENSG00000230658.2","KLHL7-DT","chr7_23274928_C_T_b38","rs5850","1.2e-25","0.82","Small Intestine - Terminal Ileum"
"ENSG00000226816.3","ENSG00000226816","chr7_23274928_C_T_b38","rs5850","8.4e-25","0.61","Esophagus - Gastroesophageal Junction"
"ENSG00000226816.3","ENSG00000226816","chr7_23274928_C_T_b38","rs5850","8.9e-25","0.38","Thyroid"
"ENSG00000230658.2","KLHL7-DT","chr7_23274928_C_T_b38","rs5850","2.7e-24","0.89","Ovary"
"ENSG00000136235.17","GPNMB","chr7_23274928_C_T_b38","rs5850","3.3e-24","-0.43","Heart - Atrial Appendage"
"ENSG00000230658.2","KLHL7-DT","chr7_23274928_C_T_b38","rs5850","3.6e-24","0.90","Minor Salivary Gland"
"ENSG00000136243.18","NUP42","chr7_23274928_C_T_b38","rs5850","8.5e-24","-0.56","Brain - Cerebellum"
"ENSG00000136243.18","NUP42","chr7_23274928_C_T_b38","rs5850","9.0e-24","-0.30","Lung"
"ENSG00000230658.2","KLHL7-DT","chr7_23274928_C_T_b38","rs5850","3.9e-23","0.76","Liver"
"ENSG00000136235.17","GPNMB","chr7_23274928_C_T_b38","rs5850","6.7e-23","-0.65","Brain - Caudate (basal ganglia)"
"ENSG00000230658.2","KLHL7-DT","chr7_23274928_C_T_b38","rs5850","1.7e-22","1.0","Brain - Amygdala"
"ENSG00000136243.18","NUP42","chr7_23274928_C_T_b38","rs5850","3.6e-22","-0.35","Adipose - Subcutaneous"
"ENSG00000226816.3","ENSG00000226816","chr7_23274928_C_T_b38","rs5850","7.1e-22","0.49","Adipose - Visceral (Omentum)"
"ENSG00000122550.18","KLHL7","chr7_23274928_C_T_b38","rs5850","8.2e-22","0.30","Thyroid"
"ENSG00000226816.3","ENSG00000226816","chr7_23274928_C_T_b38","rs5850","1.4e-21","0.49","Esophagus - Mucosa"
"ENSG00000136235.17","GPNMB","chr7_23274928_C_T_b38","rs5850","1.4e-21","-0.73","Brain - Putamen (basal ganglia)"
"ENSG00000136235.17","GPNMB","chr7_23274928_C_T_b38","rs5850","1.7e-21","-0.64","Brain - Anterior qcingulate cortex (BA24)"
"ENSG00000136235.17","GPNMB","chr7_23274928_C_T_b38","rs5850","1.3e-20","-0.61","Brain - Frontal Cortex (BA9)"
"ENSG00000230658.2","KLHL7-DT","chr7_23274928_C_T_b38","rs5850","1.6e-20","0.89","Uterus"
"ENSG00000226816.3","ENSG00000226816","chr7_23274928_C_T_b38","rs5850","2.2e-20","0.39","Skin - Not Sun Exposed (Suprapubic)"
"ENSG00000136243.18","NUP42","chr7_23274928_C_T_b38","rs5850","8.1e-19","-0.34","Nerve - Tibial"
"ENSG00000226816.3","ENSG00000226816","chr7_23274928_C_T_b38","rs5850","9.6e-19","0.56","Heart - Left Ventricle"
"ENSG00000226816.3","ENSG00000226816","chr7_23274928_C_T_b38","rs5850","1.2e-18","0.49","Esophagus - Muscularis"
"ENSG00000230658.2","KLHL7-DT","chr7_23274928_C_T_b38","rs5850","2.1e-18","0.79","Vagina"
"ENSG00000226816.3","ENSG00000226816","chr7_23274928_C_T_b38","rs5850","8.5e-18","0.39","Adipose - Subcutaneous"
"ENSG00000136235.17","GPNMB","chr7_23274928_C_T_b38","rs5850","1.4e-17","-0.59","Brain - Hypothalamus"
"ENSG00000136243.18","NUP42","chr7_23274928_C_T_b38","rs5850","2.4e-17","-0.33","Esophagus - Muscularis"
"ENSG00000136243.18","NUP42","chr7_23274928_C_T_b38","rs5850","5.2e-17","-0.52","Brain - Cortex"
"ENSG00000136243.18","NUP42","chr7_23274928_C_T_b38","rs5850","5.3e-17","-0.48","Brain - Frontal Cortex (BA9)"
"ENSG00000226816.3","ENSG00000226816","chr7_23274928_C_T_b38","rs5850","5.7e-17","0.50","Colon - Sigmoid"
"ENSG00000122550.18","KLHL7","chr7_23274928_C_T_b38","rs5850","3.5e-16","-0.15","Heart - Left Ventricle"
"ENSG00000136243.18","NUP42","chr7_23274928_C_T_b38","rs5850","4.1e-16","-0.29","Muscle - Skeletal"
"ENSG00000136235.17","GPNMB","chr7_23274928_C_T_b38","rs5850","4.7e-16","-0.54","Brain - Hippocampus"
"ENSG00000226816.3","ENSG00000226816","chr7_23274928_C_T_b38","rs5850","6.3e-16","0.44","Brain - Nucleus accumbens (basal ganglia)"
"ENSG00000226816.3","ENSG00000226816","chr7_23274928_C_T_b38","rs5850","6.6e-16","0.31","Skin - Sun Exposed (Lower leg)"
"ENSG00000136235.17","GPNMB","chr7_23274928_C_T_b38","rs5850","8.2e-16","-0.57","Brain - Cerebellar Hemisphere"
"ENSG00000136235.17","GPNMB","chr7_23274928_C_T_b38","rs5850","1.1e-15","-0.48","Brain - Cortex"
"ENSG00000226816.3","ENSG00000226816","chr7_23274928_C_T_b38","rs5850","1.5e-15","0.44","Breast - Mammary Tissue"
"ENSG00000230658.2","KLHL7-DT","chr7_23274928_C_T_b38","rs5850","3.7e-15","0.87","Kidney - Cortex"
"ENSG00000122550.18","KLHL7","chr7_23274928_C_T_b38","rs5850","1.3e-14","-0.20","Heart - Atrial Appendage"
"ENSG00000136235.17","GPNMB","chr7_23274928_C_T_b38","rs5850","1.3e-14","-0.18","Skin - Sun Exposed (Lower leg)"
"ENSG00000226816.3","ENSG00000226816","chr7_23274928_C_T_b38","rs5850","2.5e-14","0.36","Nerve - Tibial"
"ENSG00000136243.18","NUP42","chr7_23274928_C_T_b38","rs5850","6.8e-14","-0.27","Thyroid"
"ENSG00000136243.18","NUP42","chr7_23274928_C_T_b38","rs5850","1.0e-13","-0.39","Spleen"
"ENSG00000136235.17","GPNMB","chr7_23274928_C_T_b38","rs5850","2.0e-13","-0.50","Brain - Cerebellum"
"ENSG00000136243.18","NUP42","chr7_23274928_C_T_b38","rs5850","2.3e-13","-0.51","Brain - Anterior qcingulate cortex (BA24)"
"ENSG00000136243.18","NUP42","chr7_23274928_C_T_b38","rs5850","2.8e-13","-0.34","Breast - Mammary Tissue"
"ENSG00000122550.18","KLHL7","chr7_23274928_C_T_b38","rs5850","3.3e-13","0.20","Cells - Cultured fibroblasts"
"ENSG00000136243.18","NUP42","chr7_23274928_C_T_b38","rs5850","3.4e-13","-0.35","Esophagus - Gastroesophageal Junction"
"ENSG00000226816.3","ENSG00000226816","chr7_23274928_C_T_b38","rs5850","1.9e-12","0.39","Pituitary"
"ENSG00000136235.17","GPNMB","chr7_23274928_C_T_b38","rs5850","2.6e-12","-0.39","Spleen"
"ENSG00000136243.18","NUP42","chr7_23274928_C_T_b38","rs5850","2.7e-12","-0.29","Adipose - Visceral (Omentum)"
"ENSG00000230658.2","KLHL7-DT","chr7_23274928_C_T_b38","rs5850","4.2e-12","1.1","Bladder"
"ENSG00000226816.3","ENSG00000226816","chr7_23274928_C_T_b38","rs5850","7.2e-12","0.43","Adrenal Gland"
"ENSG00000136235.17","GPNMB","chr7_23274928_C_T_b38","rs5850","7.3e-12","-0.19","Testis"
"ENSG00000136243.18","NUP42","chr7_23274928_C_T_b38","rs5850","7.7e-12","-0.40","Pituitary"
"ENSG00000136243.18","NUP42","chr7_23274928_C_T_b38","rs5850","5.4e-11","-0.44","Brain - Putamen (basal ganglia)"
"ENSG00000226816.3","ENSG00000226816","chr7_23274928_C_T_b38","rs5850","8.9e-11","0.23","Whole Blood"
"ENSG00000136235.17","GPNMB","chr7_23274928_C_T_b38","rs5850","2.1e-10","-0.17","Skin - Not Sun Exposed (Suprapubic)"
"ENSG00000230042.1","AK3P3","chr7_23274928_C_T_b38","rs5850","2.3e-10","-0.27","Heart - Left Ventricle"
"ENSG00000136243.18","NUP42","chr7_23274928_C_T_b38","rs5850","2.4e-10","-0.35","Brain - Caudate (basal ganglia)"
"ENSG00000136243.18","NUP42","chr7_23274928_C_T_b38","rs5850","3.4e-10","-0.48","Brain - Substantia nigra"
"ENSG00000226816.3","ENSG00000226816","chr7_23274928_C_T_b38","rs5850","3.6e-10","0.32","Artery - Aorta"
"ENSG00000136243.18","NUP42","chr7_23274928_C_T_b38","rs5850","3.8e-10","-0.18","Testis"
"ENSG00000226816.3","ENSG00000226816","chr7_23274928_C_T_b38","rs5850","5.2e-10","0.29","Artery - Tibial"
"ENSG00000136243.18","NUP42","chr7_23274928_C_T_b38","rs5850","6.5e-10","-0.27","Colon - Transverse"
"ENSG00000226816.3","ENSG00000226816","chr7_23274928_C_T_b38","rs5850","7.5e-10","0.31","Brain - Caudate (basal ganglia)"
"ENSG00000136235.17","GPNMB","chr7_23274928_C_T_b38","rs5850","1.3e-9","-0.66","Brain - Amygdala"
"ENSG00000136243.18","NUP42","chr7_23274928_C_T_b38","rs5850","1.3e-9","-0.35","Brain - Hypothalamus"
"ENSG00000136235.17","GPNMB","chr7_23274928_C_T_b38","rs5850","1.6e-9","-0.15","Whole Blood"
"ENSG00000136243.18","NUP42","chr7_23274928_C_T_b38","rs5850","2.2e-9","-0.45","Brain - Spinal cord (cervical c-1)"
"ENSG00000226816.3","ENSG00000226816","chr7_23274928_C_T_b38","rs5850","3.4e-9","0.26","Lung"
"ENSG00000136235.17","GPNMB","chr7_23274928_C_T_b38","rs5850","4.5e-9","-0.19","Artery - Aorta"
"ENSG00000122550.18","KLHL7","chr7_23274928_C_T_b38","rs5850","4.7e-9","0.16","Adipose - Subcutaneous"
"ENSG00000226816.3","ENSG00000226816","chr7_23274928_C_T_b38","rs5850","9.3e-9","0.48","Vagina"
"ENSG00000230042.1","AK3P3","chr7_23274928_C_T_b38","rs5850","1.6e-8","-0.27","Skin - Sun Exposed (Lower leg)"
"ENSG00000136243.18","NUP42","chr7_23274928_C_T_b38","rs5850","1.8e-8","-0.22","Artery - Aorta"
"ENSG00000226816.3","ENSG00000226816","chr7_23274928_C_T_b38","rs5850","2.2e-8","0.33","Colon - Transverse"
"ENSG00000136243.18","NUP42","chr7_23274928_C_T_b38","rs5850","2.3e-8","-0.19","Artery - Tibial"
"ENSG00000136243.18","NUP42","chr7_23274928_C_T_b38","rs5850","2.5e-8","-0.17","Cells - Cultured fibroblasts"
"ENSG00000226816.3","ENSG00000226816","chr7_23274928_C_T_b38","rs5850","3.7e-8","0.36","Artery - Coronary"
"ENSG00000226816.3","ENSG00000226816","chr7_23274928_C_T_b38","rs5850","4.5e-8","0.32","Brain - Putamen (basal ganglia)"
"ENSG00000136235.17","GPNMB","chr7_23274928_C_T_b38","rs5850","7.0e-8","-0.15","Stomach"
"ENSG00000226816.3","ENSG00000226816","chr7_23274928_C_T_b38","rs5850","8.0e-8","0.42","Ovary"
"ENSG00000230042.1","AK3P3","chr7_23274928_C_T_b38","rs5850","8.8e-8","-0.27","Testis"
"ENSG00000136243.18","NUP42","chr7_23274928_C_T_b38","rs5850","1.2e-7","-0.30","Brain - Hippocampus"
"ENSG00000122550.18","KLHL7","chr7_23274928_C_T_b38","rs5850","1.3e-7","0.13","Artery - Tibial"
"ENSG00000226816.3","ENSG00000226816","chr7_23274928_C_T_b38","rs5850","1.4e-7","0.47","Minor Salivary Gland"
"ENSG00000122550.18","KLHL7","chr7_23274928_C_T_b38","rs5850","1.9e-7","0.15","Adipose - Visceral (Omentum)"
"ENSG00000122550.18","KLHL7","chr7_23274928_C_T_b38","rs5850","2.4e-7","0.095","Whole Blood"
"ENSG00000230042.1","AK3P3","chr7_23274928_C_T_b38","rs5850","2.7e-7","-0.44","Brain - Nucleus accumbens (basal ganglia)"
"ENSG00000136243.18","NUP42","chr7_23274928_C_T_b38","rs5850","3.0e-7","-0.38","Ovary"
"ENSG00000136243.18","NUP42","chr7_23274928_C_T_b38","rs5850","3.7e-7","-0.41","Brain - Amygdala"
"ENSG00000136235.17","GPNMB","chr7_23274928_C_T_b38","rs5850","4.3e-7","-0.19","Colon - Sigmoid"
"ENSG00000136235.17","GPNMB","chr7_23274928_C_T_b38","rs5850","4.8e-7","-0.14","Artery - Tibial"
"ENSG00000136243.18","NUP42","chr7_23274928_C_T_b38","rs5850","5.1e-7","-0.24","Brain - Nucleus accumbens (basal ganglia)"
"ENSG00000136243.18","NUP42","chr7_23274928_C_T_b38","rs5850","5.2e-7","-0.22","Colon - Sigmoid"
"ENSG00000226816.3","ENSG00000226816","chr7_23274928_C_T_b38","rs5850","5.8e-7","0.37","Prostate"
"ENSG00000136243.18","NUP42","chr7_23274928_C_T_b38","rs5850","5.8e-7","-0.31","Prostate"
"ENSG00000136235.17","GPNMB","chr7_23274928_C_T_b38","rs5850","5.9e-7","-0.27","Adrenal Gland"
"ENSG00000122550.18","KLHL7","chr7_23274928_C_T_b38","rs5850","6.7e-7","0.13","Nerve - Tibial"
"ENSG00000136243.18","NUP42","chr7_23274928_C_T_b38","rs5850","9.5e-7","-0.23","Stomach"
"ENSG00000230042.1","AK3P3","chr7_23274928_C_T_b38","rs5850","9.6e-7","-0.24","Skin - Not Sun Exposed (Suprapubic)"
"ENSG00000226816.3","ENSG00000226816","chr7_23274928_C_T_b38","rs5850","9.9e-7","0.42","Uterus"
"ENSG00000230042.1","AK3P3","chr7_23274928_C_T_b38","rs5850","0.0000012","-0.44","Brain - Cerebellar Hemisphere"
"ENSG00000122550.18","KLHL7","chr7_23274928_C_T_b38","rs5850","0.0000014","0.12","Colon - Sigmoid"
"ENSG00000122550.18","KLHL7","chr7_23274928_C_T_b38","rs5850","0.0000029","-0.24","Cells - EBV-transformed lymphocytes"
"ENSG00000226816.3","ENSG00000226816","chr7_23274928_C_T_b38","rs5850","0.0000030","0.24","Brain - Hypothalamus"
"ENSG00000226816.3","ENSG00000226816","chr7_23274928_C_T_b38","rs5850","0.0000044","0.40","Brain - Cerebellum"
"ENSG00000230042.1","AK3P3","chr7_23274928_C_T_b38","rs5850","0.0000053","-0.29","Breast - Mammary Tissue"
"ENSG00000136243.18","NUP42","chr7_23274928_C_T_b38","rs5850","0.0000056","-0.38","Uterus"
"ENSG00000122550.18","KLHL7","chr7_23274928_C_T_b38","rs5850","0.0000057","0.26","Ovary"
"ENSG00000226816.3","ENSG00000226816","chr7_23274928_C_T_b38","rs5850","0.0000059","0.35","Small Intestine - Terminal Ileum"
"ENSG00000136235.17","GPNMB","chr7_23274928_C_T_b38","rs5850","0.0000061","-0.38","Brain - Substantia nigra"
"ENSG00000122550.18","KLHL7","chr7_23274928_C_T_b38","rs5850","0.0000077","0.11","Colon - Transverse"
"ENSG00000136235.17","GPNMB","chr7_23274928_C_T_b38","rs5850","0.0000085","-0.078","Adipose - Subcutaneous"
"ENSG00000226816.3","ENSG00000226816","chr7_23274928_C_T_b38","rs5850","0.0000085","0.34","Pancreas"
"ENSG00000122550.18","KLHL7","chr7_23274928_C_T_b38","rs5850","0.0000088","0.12","Esophagus - Gastroesophageal Junction"
"ENSG00000136235.17","GPNMB","chr7_23274928_C_T_b38","rs5850","0.0000092","-0.10","Breast - Mammary Tissue"
"ENSG00000156928.5","MALSU1","chr7_23274928_C_T_b38","rs5850","0.0000093","-0.092","Adipose - Visceral (Omentum)"
"ENSG00000136235.17","GPNMB","chr7_23274928_C_T_b38","rs5850","0.000011","-0.13","Esophagus - Gastroesophageal Junction"
"ENSG00000136235.17","GPNMB","chr7_23274928_C_T_b38","rs5850","0.000011","-0.12","Colon - Transverse"
"ENSG00000230042.1","AK3P3","chr7_23274928_C_T_b38","rs5850","0.000013","-0.23","Nerve - Tibial"
"ENSG00000136243.18","NUP42","chr7_23274928_C_T_b38","rs5850","0.000015","-0.23","Adrenal Gland"
"ENSG00000230042.1","AK3P3","chr7_23274928_C_T_b38","rs5850","0.000017","-0.20","Whole Blood"
"ENSG00000230042.1","AK3P3","chr7_23274928_C_T_b38","rs5850","0.000017","-0.39","Prostate"
"ENSG00000230042.1","AK3P3","chr7_23274928_C_T_b38","rs5850","0.000018","-0.22","Heart - Atrial Appendage"
"ENSG00000136235.17","GPNMB","chr7_23274928_C_T_b38","rs5850","0.000018","-0.10","Nerve - Tibial"
"ENSG00000230042.1","AK3P3","chr7_23274928_C_T_b38","rs5850","0.000021","-0.48","Brain - Amygdala"
"ENSG00000122550.18","KLHL7","chr7_23274928_C_T_b38","rs5850","0.000030","0.13","Brain - Nucleus accumbens (basal ganglia)"
"ENSG00000230042.1","AK3P3","chr7_23274928_C_T_b38","rs5850","0.000037","-0.20","Thyroid"
"ENSG00000136235.17","GPNMB","chr7_23274928_C_T_b38","rs5850","0.000038","-0.11","Lung"
"ENSG00000226816.3","ENSG00000226816","chr7_23274928_C_T_b38","rs5850","0.000047","0.30","Brain - Cerebellar Hemisphere"
"ENSG00000230042.1","AK3P3","chr7_23274928_C_T_b38","rs5850","0.000049","-0.21","Adipose - Subcutaneous"
"ENSG00000136235.17","GPNMB","chr7_23274928_C_T_b38","rs5850","0.000051","-0.11","Esophagus - Muscularis"
"ENSG00000136243.18","NUP42","chr7_23274928_C_T_b38","rs5850","0.000052","-0.13","Skin - Not Sun Exposed (Suprapubic)"
"ENSG00000230042.1","AK3P3","chr7_23274928_C_T_b38","rs5850","0.000055","-0.31","Brain - Caudate (basal ganglia)"
"ENSG00000136235.17","GPNMB","chr7_23274928_C_T_b38","rs5850","0.000066","-0.21","Prostate"
"ENSG00000226816.3","ENSG00000226816","chr7_23274928_C_T_b38","rs5850","0.000070","0.32","Brain - Hippocampus"
"ENSG00000226816.3","ENSG00000226816","chr7_23274928_C_T_b38","rs5850","0.000077","0.30","Spleen"
"ENSG00000136243.18","NUP42","chr7_23274928_C_T_b38","rs5850","0.00013","-0.088","Whole Blood"
"ENSG00000230042.1","AK3P3","chr7_23274928_C_T_b38","rs5850","0.00014","-0.34","Spleen"
"ENSG00000156928.5","MALSU1","chr7_23274928_C_T_b38","rs5850","0.00017","-0.075","Artery - Tibial"
"ENSG00000122550.18","KLHL7","chr7_23274928_C_T_b38","rs5850","0.00019","-0.093","Muscle - Skeletal"
"ENSG00000136243.18","NUP42","chr7_23274928_C_T_b38","rs5850","0.00022","-0.10","Esophagus - Mucosa"