"Gencode Id","Gene Symbol","Variant Id","SNP Id","Phenotype Id","Intron Id","P-Value","NES","Tissue"
"ENSG00000122550.18","KLHL7","chr7_23274928_C_T_b38","rs5850","chr7:23144025:23152067:clu_108824_+:ENSG00000122550.18","23144025:23152067:clu_108824_+","8.9e-28","-0.78","Testis"
"ENSG00000122550.18","KLHL7","chr7_23274928_C_T_b38","rs5850","chr7:23147781:23152067:clu_108824_+:ENSG00000122550.18","23147781:23152067:clu_108824_+","1.7e-23","0.71","Testis"
"ENSG00000136243.18","NUP42","chr7_23274928_C_T_b38","rs5850","chr7:23187146:23196680:clu_52190_+:ENSG00000136243.18","23187146:23196680:clu_52190_+","4.0e-21","0.66","Brain - Cerebellum"
"ENSG00000122550.18","KLHL7","chr7_23274928_C_T_b38","rs5850","chr7:23152209:23152833:clu_108825_+:ENSG00000122550.18","23152209:23152833:clu_108825_+","2.1e-20","-0.61","Testis"
"ENSG00000136243.18","NUP42","chr7_23274928_C_T_b38","rs5850","chr7:23187146:23196680:clu_62055_+:ENSG00000136243.18","23187146:23196680:clu_62055_+","7.9e-18","0.46","Nerve - Tibial"
"ENSG00000136243.18","NUP42","chr7_23274928_C_T_b38","rs5850","chr7:23187146:23196680:clu_55835_+:ENSG00000136243.18","23187146:23196680:clu_55835_+","9.6e-18","0.54","Esophagus - Muscularis"
"ENSG00000136243.18","NUP42","chr7_23274928_C_T_b38","rs5850","chr7:23187146:23196680:clu_54636_+:ENSG00000136243.18","23187146:23196680:clu_54636_+","5.0e-17","0.55","Colon - Sigmoid"
"ENSG00000156928.5","MALSU1","chr7_23274928_C_T_b38","rs5850","chr7:23299149:23300839:clu_108834_+:ENSG00000156928.5","23299149:23300839:clu_108834_+","3.9e-16","-0.48","Testis"
"ENSG00000136243.18","NUP42","chr7_23274928_C_T_b38","rs5850","chr7:23187146:23196680:clu_51705_+:ENSG00000136243.18","23187146:23196680:clu_51705_+","4.2e-16","0.55","Brain - Cerebellar Hemisphere"
"ENSG00000122550.18","KLHL7","chr7_23274928_C_T_b38","rs5850","chr7:23144025:23147669:clu_108824_+:ENSG00000122550.18","23144025:23147669:clu_108824_+","6.8e-16","0.59","Testis"
"ENSG00000136243.18","NUP42","chr7_23274928_C_T_b38","rs5850","chr7:23187146:23196680:clu_52051_+:ENSG00000136243.18","23187146:23196680:clu_52051_+","3.8e-15","0.35","Muscle - Skeletal"
"ENSG00000136243.18","NUP42","chr7_23274928_C_T_b38","rs5850","chr7:23187146:23196680:clu_53871_+:ENSG00000136243.18","23187146:23196680:clu_53871_+","6.3e-15","0.52","Esophagus - Gastroesophageal Junction"
"ENSG00000136243.18","NUP42","chr7_23274928_C_T_b38","rs5850","chr7:23187146:23196680:clu_58872_+:ENSG00000136243.18","23187146:23196680:clu_58872_+","9.7e-14","0.43","Adipose - Visceral (Omentum)"
"ENSG00000136243.18","NUP42","chr7_23274928_C_T_b38","rs5850","chr7:23187146:23196680:clu_56942_+:ENSG00000136243.18","23187146:23196680:clu_56942_+","3.9e-12","0.41","Esophagus - Mucosa"
"ENSG00000136243.18","NUP42","chr7_23274928_C_T_b38","rs5850","chr7:23187146:23196680:clu_50258_+:ENSG00000136243.18","23187146:23196680:clu_50258_+","9.0e-12","0.54","Brain - Nucleus accumbens (basal ganglia)"
"ENSG00000136235.17","GPNMB","chr7_23274928_C_T_b38","rs5850","chr7:23260138:23260488:clu_61479_+:ENSG00000136235.17","23260138:23260488:clu_61479_+","1.2e-10","-0.37","Skin - Sun Exposed (Lower leg)"
"ENSG00000136243.18","NUP42","chr7_23274928_C_T_b38","rs5850","chr7:23187146:23196680:clu_47298_+:ENSG00000136243.18","23187146:23196680:clu_47298_+","1.4e-10","0.35","Cells - Cultured fibroblasts"
"ENSG00000136243.18","NUP42","chr7_23274928_C_T_b38","rs5850","chr7:23187146:23196680:clu_60085_+:ENSG00000136243.18","23187146:23196680:clu_60085_+","2.4e-10","0.34","Adipose - Subcutaneous"
"ENSG00000136243.18","NUP42","chr7_23274928_C_T_b38","rs5850","chr7:23187146:23196680:clu_53807_+:ENSG00000136243.18","23187146:23196680:clu_53807_+","3.2e-10","0.40","Heart - Atrial Appendage"
"ENSG00000136243.18","NUP42","chr7_23274928_C_T_b38","rs5850","chr7:23187146:23196680:clu_61485_+:ENSG00000136243.18","23187146:23196680:clu_61485_+","3.4e-10","0.29","Skin - Sun Exposed (Lower leg)"
"ENSG00000136243.18","NUP42","chr7_23274928_C_T_b38","rs5850","chr7:23187146:23196680:clu_49915_+:ENSG00000136243.18","23187146:23196680:clu_49915_+","9.7e-10","0.47","Adrenal Gland"
"ENSG00000136243.18","NUP42","chr7_23274928_C_T_b38","rs5850","chr7:23187146:23196680:clu_63843_+:ENSG00000136243.18","23187146:23196680:clu_63843_+","1.1e-9","0.33","Thyroid"
"ENSG00000136243.18","NUP42","chr7_23274928_C_T_b38","rs5850","chr7:23187146:23196680:clu_59459_+:ENSG00000136243.18","23187146:23196680:clu_59459_+","1.3e-9","0.50","Pituitary"
"ENSG00000136243.18","NUP42","chr7_23274928_C_T_b38","rs5850","chr7:23187146:23196680:clu_49272_+:ENSG00000136243.18","23187146:23196680:clu_49272_+","1.6e-9","0.49","Brain - Cortex"
"ENSG00000136243.18","NUP42","chr7_23274928_C_T_b38","rs5850","chr7:23187146:23196680:clu_53129_+:ENSG00000136243.18","23187146:23196680:clu_53129_+","1.9e-9","0.50","Spleen"
"ENSG00000136243.18","NUP42","chr7_23274928_C_T_b38","rs5850","chr7:23187146:23196680:clu_55458_+:ENSG00000136243.18","23187146:23196680:clu_55458_+","2.9e-9","0.33","Artery - Tibial"
"ENSG00000136243.18","NUP42","chr7_23274928_C_T_b38","rs5850","chr7:23195915:23196680:clu_53129_+:ENSG00000136243.18","23195915:23196680:clu_53129_+","5.2e-9","-0.49","Spleen"
"ENSG00000136243.18","NUP42","chr7_23274928_C_T_b38","rs5850","chr7:23187146:23196680:clu_48496_+:ENSG00000136243.18","23187146:23196680:clu_48496_+","5.7e-9","0.43","Heart - Left Ventricle"
"ENSG00000136243.18","NUP42","chr7_23274928_C_T_b38","rs5850","chr7:23187146:23196680:clu_51378_+:ENSG00000136243.18","23187146:23196680:clu_51378_+","7.1e-9","0.42","Brain - Caudate (basal ganglia)"
"ENSG00000136243.18","NUP42","chr7_23274928_C_T_b38","rs5850","chr7:23187146:23195839:clu_46170_+:ENSG00000136243.18","23187146:23195839:clu_46170_+","1.1e-8","0.49","Cells - EBV-transformed lymphocytes"
"ENSG00000136243.18","NUP42","chr7_23274928_C_T_b38","rs5850","chr7:23187146:23196680:clu_60137_+:ENSG00000136243.18","23187146:23196680:clu_60137_+","1.5e-8","0.27","Skin - Not Sun Exposed (Suprapubic)"
"ENSG00000136243.18","NUP42","chr7_23274928_C_T_b38","rs5850","chr7:23195915:23196680:clu_51705_+:ENSG00000136243.18","23195915:23196680:clu_51705_+","2.6e-8","-0.45","Brain - Cerebellar Hemisphere"
"ENSG00000136243.18","NUP42","chr7_23274928_C_T_b38","rs5850","chr7:23187146:23196680:clu_46170_+:ENSG00000136243.18","23187146:23196680:clu_46170_+","3.7e-8","0.48","Cells - EBV-transformed lymphocytes"
"ENSG00000136243.18","NUP42","chr7_23274928_C_T_b38","rs5850","chr7:23195915:23196680:clu_52190_+:ENSG00000136243.18","23195915:23196680:clu_52190_+","4.0e-8","-0.46","Brain - Cerebellum"
"ENSG00000136243.18","NUP42","chr7_23274928_C_T_b38","rs5850","chr7:23187146:23196680:clu_46135_+:ENSG00000136243.18","23187146:23196680:clu_46135_+","5.4e-8","0.49","Brain - Anterior qcingulate cortex (BA24)"
"ENSG00000136243.18","NUP42","chr7_23274928_C_T_b38","rs5850","chr7:23187146:23195839:clu_53129_+:ENSG00000136243.18","23187146:23195839:clu_53129_+","7.2e-8","0.35","Spleen"
"ENSG00000136243.18","NUP42","chr7_23274928_C_T_b38","rs5850","chr7:23187146:23196680:clu_61478_+:ENSG00000136243.18","23187146:23196680:clu_61478_+","9.3e-8","0.35","Breast - Mammary Tissue"
"ENSG00000136243.18","NUP42","chr7_23274928_C_T_b38","rs5850","chr7:23187146:23196680:clu_47812_+:ENSG00000136243.18","23187146:23196680:clu_47812_+","1.4e-7","0.45","Brain - Frontal Cortex (BA9)"
"ENSG00000230658.2","KLHL7-DT","chr7_23274928_C_T_b38","rs5850","chr7:23103578:23104250:clu_105676_-:ENSG00000230658.2","23103578:23104250:clu_105676_-","1.5e-7","0.41","Testis"
"ENSG00000136243.18","NUP42","chr7_23274928_C_T_b38","rs5850","chr7:23187146:23196680:clu_57363_+:ENSG00000136243.18","23187146:23196680:clu_57363_+","5.3e-7","0.45","Prostate"
"ENSG00000136235.17","GPNMB","chr7_23274928_C_T_b38","rs5850","chr7:23260773:23266517:clu_47302_+:ENSG00000136235.17","23260773:23266517:clu_47302_+","5.3e-7","-0.29","Cells - Cultured fibroblasts"
"ENSG00000136235.17","GPNMB","chr7_23274928_C_T_b38","rs5850","chr7:23260773:23266517:clu_53810_+:ENSG00000136235.17","23260773:23266517:clu_53810_+","9.7e-7","-0.35","Heart - Atrial Appendage"
"ENSG00000136243.18","NUP42","chr7_23274928_C_T_b38","rs5850","chr7:23195915:23196680:clu_57363_+:ENSG00000136243.18","23195915:23196680:clu_57363_+","0.0000012","-0.44","Prostate"
"ENSG00000136243.18","NUP42","chr7_23274928_C_T_b38","rs5850","chr7:23195915:23196680:clu_62055_+:ENSG00000136243.18","23195915:23196680:clu_62055_+","0.0000012","-0.27","Nerve - Tibial"
"ENSG00000136243.18","NUP42","chr7_23274928_C_T_b38","rs5850","chr7:23195915:23196680:clu_58872_+:ENSG00000136243.18","23195915:23196680:clu_58872_+","0.0000014","-0.30","Adipose - Visceral (Omentum)"
"ENSG00000136243.18","NUP42","chr7_23274928_C_T_b38","rs5850","chr7:23187146:23196680:clu_49428_+:ENSG00000136243.18","23187146:23196680:clu_49428_+","0.0000025","0.51","Ovary"
"ENSG00000136243.18","NUP42","chr7_23274928_C_T_b38","rs5850","chr7:23195915:23196680:clu_59459_+:ENSG00000136243.18","23195915:23196680:clu_59459_+","0.0000026","-0.37","Pituitary"
"ENSG00000136243.18","NUP42","chr7_23274928_C_T_b38","rs5850","chr7:23187146:23195839:clu_60040_+:ENSG00000136243.18","23187146:23195839:clu_60040_+","0.0000029","0.28","Colon - Transverse"
"ENSG00000136235.17","GPNMB","chr7_23274928_C_T_b38","rs5850","chr7:23260773:23266481:clu_53810_+:ENSG00000136235.17","23260773:23266481:clu_53810_+","0.0000029","0.33","Heart - Atrial Appendage"
"ENSG00000136243.18","NUP42","chr7_23274928_C_T_b38","rs5850","chr7:23187146:23196680:clu_108827_+:ENSG00000136243.18","23187146:23196680:clu_108827_+","0.0000031","0.33","Testis"
"ENSG00000136243.18","NUP42","chr7_23274928_C_T_b38","rs5850","chr7:23195915:23196680:clu_51378_+:ENSG00000136243.18","23195915:23196680:clu_51378_+","0.0000046","-0.39","Brain - Caudate (basal ganglia)"
"ENSG00000136243.18","NUP42","chr7_23274928_C_T_b38","rs5850","chr7:23195915:23196680:clu_52051_+:ENSG00000136243.18","23195915:23196680:clu_52051_+","0.0000053","-0.24","Muscle - Skeletal"
"ENSG00000136235.17","GPNMB","chr7_23274928_C_T_b38","rs5850","chr7:23260138:23260456:clu_63171_+:ENSG00000136235.17","23260138:23260456:clu_63171_+","0.000013","0.29","Lung"