snp,SNP.PP.H4.row1,SNP.PP.H4.row2,SNP.PP.H4.row3,SNP.PP.H4.row4,SNP.PP.H4.row5,SNP.PP.H4.row6,SNP.PP.H4.row7,SNP.PP.H4.row8,SNP.PP.H4.row9,SNP.PP.H4.row10,SNP.PP.H4.row11,SNP.PP.H4.row12,SNP.PP.H4.row13,SNP.PP.H4.row14,SNP.PP.H4.row15,SNP.PP.H4.row16,SNP.PP.H4.row17,SNP.PP.H4.row18,SNP.PP.H4.row19,SNP.PP.H4.row20,SNP.PP.H4.row21,SNP.PP.H4.row22,SNP.PP.H4.row23,SNP.PP.H4.row24,SNP.PP.H4.row25,SNP.PP.H4.row26,SNP.PP.H4.row27,SNP.PP.H4.row28,SNP.PP.H4.row29,SNP.PP.H4.row30,SNP.PP.H4.row31,SNP.PP.H4.row32,SNP.PP.H4.row33,SNP.PP.H4.row34,SNP.PP.H4.row35,SNP.PP.H4.row36,SNP.PP.H4.row37,SNP.PP.H4.row38,SNP.PP.H4.row39,SNP.PP.H4.row40,SNP.PP.H4.row41,SNP.PP.H4.row42,SNP.PP.H4.row43,SNP.PP.H4.row44,SNP.PP.H4.row45,SNP.PP.H4.row46,SNP.PP.H4.row47,SNP.PP.H4.row48,SNP.PP.H4.row49,SNP.PP.H4.row50,SNP.PP.H4.row51,SNP.PP.H4.row52,SNP.PP.H4.row53,SNP.PP.H4.row54,SNP.PP.H4.row55,SNP.PP.H4.row56,SNP.PP.H4.row57,SNP.PP.H4.row58,SNP.PP.H4.row59,SNP.PP.H4.row60,SNP.PP.H4.row61,SNP.PP.H4.row62,SNP.PP.H4.row63,SNP.PP.H4.row64,SNP.PP.H4.row65,SNP.PP.H4.row66,SNP.PP.H4.row67,SNP.PP.H4.row68,SNP.PP.H4.row69,SNP.PP.H4.row70,SNP.PP.H4.row71,SNP.PP.H4.row72,SNP.PP.H4.row73,SNP.PP.H4.row74,SNP.PP.H4.row75,SNP.PP.H4.row76,SNP.PP.H4.row77,SNP.PP.H4.row78,SNP.PP.H4.row79,SNP.PP.H4.row80,SNP.PP.H4.row81,SNP.PP.H4.row82,SNP.PP.H4.row83,SNP.PP.H4.row84,SNP.PP.H4.row85,SNP.PP.H4.row86,SNP.PP.H4.row87,SNP.PP.H4.row88,SNP.PP.H4.row89,SNP.PP.H4.row90,SNP.PP.H4.row91,SNP.PP.H4.row92,SNP.PP.H4.row93,SNP.PP.H4.row94,SNP.PP.H4.row95,SNP.PP.H4.row96,SNP.PP.H4.row97,SNP.PP.H4.row98,SNP.PP.H4.row99,SNP.PP.H4.row100
rs5850,3.5363640089691006e-65,0,1.5811848083247698e-123,1.3335153531363465e-184,0,0,0,0,0,1.9028455412597748e-82,5.930206821577151e-280,0,5.9002879701440304e-229,1.3684608314234396e-305,0,0,0,0,0,1.32310016980339e-293,7.477188806361089e-60,1.5441805753252688e-231,5.010579151540687e-190,9.492902320305157e-75,0,0,0,0,0,2.9311404520934763e-67,2.838615752412598e-66,0,1.6433220027640528e-133,4.7675239265415516e-213,0,0,0,0,0,1.541874465269082e-98,0,0,0,0,0,0,0,0,0,0,0,0,0,0,0,0,0,0,0,0,0,0,0,0,0,0,0,0,0,0,1.352229462333996e-54,0,3.929677122511826e-130,5.821673725775559e-249,0,0,0,0,0,7.249102021857248e-71,4.507883654249545e-18,0,5.471111325140645e-112,7.56776337732117e-168,0,0,0,0,0,5.1486110537329645e-33,6.073068476729665e-76,0,9.135899761591762e-114,3.6159130682932298e-168,0,0,0,0,0,1.5289384887862142e-93
rs4140959,2.2676809013141238e-67,1.19356e-318,3.3170486365492138e-52,1.5424759236704157e-183,0,0,0,0,0,2.6417267911408157e-83,7.530564670666286e-251,0,2.4511796179088036e-126,3.134624091223371e-273,0,0,0,0,0,3.637557028755933e-263,1.5197140699571728e-9,2.806088104189123e-147,3.3316217610036055e-66,3.480310105199764e-21,0,0,0,0,0,1.2897916157510718e-15,5.620301716193443e-68,1.4676e-318,1.0644368917065064e-61,1.7027123913604794e-211,0,0,0,0,0,6.6093906462683186e-99,0,0,0,0,0,0,0,0,0,0,0,0,0,0,0,0,0,0,0,0,0,0,0,0,0,0,0,0,0,0,5.505839784167672e-56,0,5.2344887399600484e-58,4.2757906236862326e-247,0,0,0,0,0,6.390234132902695e-71,1.939867701716661e-25,2.230959411804882e-308,7.702278028780161e-46,5.874384255914678e-172,0,0,0,0,0,4.796769851211856e-39,3.658145792439656e-83,7.606486916865e-312,1.8003145179096413e-47,3.928856856000604e-172,0,0,0,0,0,1.9938947444547395e-99
rs6961109,1.7780966375305771e-69,0,5.202700365488328e-124,1.5893539748110837e-186,0,0,0,0,0,2.715123063544206e-83,6.99063153054475e-286,0,4.55163640815032e-231,3.82387032640886e-309,0,0,0,0,0,4.426157663031216e-296,2.2200100499534633e-94,1.9853590106429307e-284,9.735366443657458e-221,6.680974572823583e-107,0,0,0,0,0,2.4696806874371814e-98,2.390147983626643e-68,0,9.055003764131329e-132,9.515580264584144e-213,0,0,0,0,0,3.6842982651173463e-97,0,0,0,0,0,0,0,0,0,0,0,0,0,0,0,0,0,0,0,0,0,0,0,0,0,0,0,0,0,0,3.135407120314522e-58,0,5.962771918807748e-130,3.199746859130174e-250,0,0,0,0,0,4.7699666351353794e-71,1.5758524730796654e-26,0,1.2516018419612932e-116,6.270968464885766e-174,0,0,0,0,0,5.1076429101547e-38,1.2023484387275167e-89,0,1.1836444728718514e-123,1.6969316895737858e-179,0,0,0,0,0,8.590130516083985e-104
rs858267,1.804614747592275e-73,0,6.73859618e-316,1.4036758071636157e-174,1.01541e-318,0,0,0,0,2.208244030875633e-70,1.1377057908731125e-273,0,0,5.415440072499121e-281,5.2681354e-316,0,0,0,0,5.772565131356431e-267,1.68094241976e-313,0,0,4.4020478228473e-310,0,0,0,0,0,1.49853574583004e-300,5.4121408545264996e-58,0,2.616642615357814e-309,1.8749799068877663e-186,0,0,0,0,0,6.685401378630236e-70,0,0,0,0,0,0,0,0,0,0,0,0,0,0,0,0,0,0,0,0,0,0,0,0,0,0,0,0,0,0,1.4814809917994462e-43,0,3.595520884333002e-303,1.315633143423807e-219,0,0,0,0,0,1.8061170374743876e-39,1.4292932011417496e-29,0,1.4487166072621656e-307,4.949455546277127e-161,0,0,0,0,0,3.7123994696701784e-24,1.5173834537249844e-80,0,1.9063285384597412e-302,1.8635729636086833e-154,0,0,0,0,0,8.687466991440319e-78
rs166662,1.3073815499032215e-74,0,1.41691105e-316,2.795951870694621e-178,1.745270545e-315,0,0,0,0,9.074732162515734e-72,1.140245902327799e-276,0,0,1.492269740529425e-286,1.2526493137e-314,0,0,0,0,3.2817560484847867e-270,9.35451691e-315,0,0,6.735476272e-314,6.23e-322,0,0,0,0,4.730472645007742e-302,9.227250671089646e-60,0,1.29480076387314e-310,8.78910945415268e-191,0,0,0,0,0,6.465462777326857e-72,0,0,0,0,0,0,0,0,0,0,0,0,0,0,0,0,0,0,0,0,0,0,0,0,0,0,0,0,0,0,2.6885086914038547e-46,0,1.8937929066142612e-305,6.564402371540751e-225,0,0,0,0,0,1.8592172992897144e-42,1.0914245623701468e-30,0,3.21078438913486e-308,1.0391418845889267e-164,0,0,0,0,0,1.608036855799428e-25,5.903486503323028e-78,0,2.1526146362159532e-299,1.9934468400551064e-154,0,0,0,0,0,1.9172347818063384e-75
rs14114,5.768284421512258e-75,0,2.1566894e-316,9.169026111452696e-179,3.2364e-318,0,0,0,0,3.539077988735052e-72,9.331185072121252e-277,0,0,9.076842911704091e-287,4.3084733e-317,0,0,0,0,2.3738680756310853e-270,3.665216685e-315,0,0,1.9615338407e-314,0,0,0,0,0,1.638305272412559e-302,5.737316801740613e-60,0,2.7774110540277e-310,4.061912735866196e-191,0,0,0,0,0,3.553432995887027e-72,0,0,0,0,0,0,0,0,0,0,0,0,0,0,0,0,0,0,0,0,0,0,0,0,0,0,0,0,0,0,1.652873280275609e-46,0,4.016625121649226e-305,2.9996633142055985e-225,0,0,0,0,0,1.0103463307918272e-42,6.139563459063395e-31,0,6.230969314178629e-308,4.344780326836302e-165,0,0,0,0,0,7.995613092000429e-26,3.6327846595276373e-78,0,4.569809219357361e-299,9.117692530006539e-155,0,0,0,0,0,1.0428416837008294e-75
rs10256996,2.669025491822784e-75,0,4.118069424919436e-147,1.5753964873383397e-172,0,0,0,0,0,1.9623823361023611e-81,4.04167235344103e-300,0,1.3876493704721138e-262,1.4598886351495952e-303,0,0,0,0,0,1.2321634384787626e-302,1.673519953465255e-116,4.42703889434036e-309,3.8698643834253096e-260,3.325735088777525e-109,0,0,0,0,0,8.96424063291518e-113,4.3396955515371116e-70,0,8.669431024738239e-151,1.1408843650891475e-194,0,0,0,0,0,3.220964957451805e-91,0,0,0,0,0,0,0,0,0,0,0,0,0,0,0,0,0,0,0,0,0,0,0,0,0,0,0,0,0,0,6.901174592165554e-62,0,6.920616122845845e-151,4.650681255729998e-234,0,0,0,0,0,5.0552328186578145e-67,2.5492100642808716e-35,0,1.067637325329869e-142,6.698793079220531e-163,0,0,0,0,0,3.978389864294725e-39,9.330632112354694e-95,0,4.8436135484090635e-146,8.695948559351906e-165,0,0,0,0,0,3.20979451942213e-101
rs858239,2.7082955525158197e-72,3.2549722605005e-311,2.718451363427451e-96,3.5243125270504685e-176,0,0,0,0,0,4.496713098869465e-81,4.606612832568514e-247,0,1.0289278466229215e-161,3.6684410379128945e-257,0,0,0,0,0,3.1714447215972342e-252,5.787635713036891e-64,2.4402286564251655e-189,8.706640392587129e-160,2.535707478692568e-63,0,0,0,0,0,7.000870070668293e-63,3.566833363111669e-63,2.126775422142862e-301,4.635522800165951e-96,2.0673137433829517e-194,0,0,0,0,0,5.978300977918132e-87,0,0,0,0,0,0,0,0,0,0,0,0,0,0,0,0,0,0,0,0,0,0,0,0,0,0,0,0,0,0,2.465332167175951e-58,2.103664582e-314,1.6083544180436551e-99,3.662774726422409e-237,0,0,0,0,0,4.078136969432905e-66,6.926159870187602e-34,1.8188713633924054e-304,1.8871012596839947e-93,4.0125887970586836e-168,0,0,0,0,0,2.440970021520326e-40,1.288018027074809e-91,6.115542248936024e-308,4.3497563311891456e-95,2.6464826004671397e-168,0,0,0,0,0,1.0005903838422203e-100
rs6461688,1.498731751047271e-72,5.828438785415225e-258,1,4.451478724445027e-177,0,0,0,0,0,2.057179565746463e-82,2.177104285496942e-189,0,3.232458975681801e-8,3.957137122846517e-200,0,0,0,0,0,1.2390928087236637e-195,0.9999999984802344,1.3642891669693258e-72,1,1,0,0,0,0,0,1,1.1575333636163794e-63,2.2333121382311862e-248,1,1.5312959223960143e-195,0,0,0,0,0,1.6039013169199786e-88,0,0,0,0,0,0,0,0,0,0,0,0,0,0,0,0,0,0,0,0,0,0,0,0,0,0,0,0,0,0,2.3059139931790986e-55,6.366800677187412e-258,1,7.819516641456503e-235,0,0,0,0,0,3.153396936054725e-64,5.521368408716123e-37,4.691733074685289e-254,1,7.300975776814706e-172,0,0,0,0,0,1.6086658073061328e-44,4.4545765998280454e-93,6.843788142815715e-256,1,2.089082398255385e-170,0,0,0,0,0,2.860816391904145e-103
rs3807459,6.05404083520731e-56,0,3.457891647727287e-170,3.968565084178186e-179,0,0,0,0,0,3.658203310564794e-80,1.2416180825840416e-283,0,1.5780899741702739e-288,4.98078348184e-313,0,0,0,0,0,3.110905590903889e-304,8.095379886704618e-72,6.671728478618738e-244,6.929903336269105e-258,1.7866726986955611e-90,0,0,0,0,0,3.5637844851492464e-86,7.388534281936655e-62,0,5.4640506677433895e-185,2.157206242482856e-212,0,0,0,0,0,4.5068864669217464e-101,0,0,0,0,0,0,0,0,0,0,0,0,0,0,0,0,0,0,0,0,0,0,0,0,0,0,0,0,0,0,7.895332454126619e-47,0,2.9310097273348144e-178,5.909013639514199e-245,0,0,0,0,0,4.753135084018743e-70,0.9999671687847306,5.13295e-318,1.5503471598472573e-150,2.9182849132933705e-154,0,0,0,0,0,1.2825639977607238e-22,3.977245958339695e-63,0,7.64303697355811e-157,4.116606494270726e-159,0,0,0,0,0,1.1244501380232596e-87
rs433395,7.421552600327356e-67,1.60638204863e-312,1.8295041222001046e-138,5.689084158941725e-182,0,0,0,0,0,1.4304314012498645e-81,3.313178413609277e-255,0,1.81744443842913e-217,1.554224979556732e-276,0,0,0,0,0,2.6478501212214024e-266,4.263979837885746e-87,3.2377798405251364e-219,1.5753522359279686e-230,1.1004804649954787e-97,0,0,0,0,0,5.987411606441184e-92,1.0192221937493206e-67,1.094486783547e-312,3.253103530154624e-148,3.4798592226422104e-210,0,0,0,0,0,1.9830650938788125e-97,0,0,0,0,0,0,0,0,0,0,0,0,0,0,0,0,0,0,0,0,0,0,0,0,0,0,0,0,0,0,7.594563017957916e-57,1.1671e-319,1.2168084470226371e-145,6.646710879311861e-247,0,0,0,0,0,1.4583517878838276e-70,9.023917641483746e-27,4.267833163250869e-304,6.038247740172881e-134,3.0796155155091066e-172,0,0,0,0,0,3.6918002895662184e-39,7.1180586300559895e-84,6.086637360178736e-307,5.903610004956692e-135,8.615448563759129e-172,0,0,0,0,0,6.4190252910004614e-99
rs1637217,2.8236397177432227e-77,0,3.95269243474e-312,3.271291108500858e-175,0,0,0,0,0,4.3798526443208015e-73,7.036067874585483e-280,0,0,4.9884015379610675e-284,0,0,0,0,0,4.5253955726295286e-272,3.213233377e-315,0,0,1.2533483323633327e-308,0,0,0,0,0,3.6311500356853446e-301,9.21951584497128e-66,0,1.671022301161317e-309,4.7573295910472665e-191,0,0,0,0,0,1.4436242376085812e-76,0,0,0,0,0,0,0,0,0,0,0,0,0,0,0,0,0,0,0,0,0,0,0,0,0,0,0,0,0,0,2.219201276468178e-49,0,2.0191158462774733e-301,2.935371100100793e-222,0,0,0,0,0,3.4295264256041346e-44,2.621819930199022e-35,0,9.962395591515038e-306,1.3522797950590037e-163,0,0,0,0,0,8.632247601012184e-29,5.387062632258546e-99,0,2.53719146605e-313,9.854411204223775e-170,0,0,0,0,0,3.9096466006254505e-95
rs12534523,4.016204624248184e-81,0,3.4031891302155563e-271,2.053982829878203e-191,0,0,1,0,0,5.866624156608787e-83,3.8624457821e-313,0,0,0,0,0,1,0,0,2.3394358487426e-311,1.1475998762313731e-274,0,0,1.9760188191076573e-280,0,0,1,0,0,1.2212782817117668e-266,1.843090714252564e-80,0,2.0221220045375873e-279,4.1982945250171943e-218,0,0,1,0,0,2.717784253854732e-97,0,0,0,0,0,0,1,0,0,0,0,0,0,0,0,0,1,0,0,0,1,1,1,1,1,0,1,0,0,1,1.84228702363897e-69,0,1.0146315204567626e-276,1.0757086962306396e-254,0,0,1,0,0,2.681124432127323e-70,1.1786072268479871e-46,0,2.7109189618342807e-272,2.683513992872826e-187,0,0,1,0,0,3.654368554120117e-46,1.1108531866805851e-101,0,3.1669732528036235e-271,8.970288000449757e-185,0,0,1,0,0,7.592142658454438e-104
rs1637214,1.3268453515159094e-78,0,3.7337514479974e-311,2.3068029362275575e-175,0,0,0,0,0,5.62426444522153e-75,2.20332662957758e-285,0,0,2.3441777782737575e-288,0,0,0,0,0,3.872581965705297e-278,2.7734109e-314,0,0,1.623394286135616e-306,0,0,0,0,0,8.564684122487037e-301,1.455418802716631e-69,0,5.3027782779794e-311,1.1269986196406012e-193,0,0,0,0,0,6.227722306670662e-81,0,0,0,0,0,0,0,0,0,0,0,0,0,0,0,0,0,0,0,0,0,0,0,0,0,0,0,0,0,0,2.3637163400723244e-52,0,4.3231594865055813e-302,4.6918266220961035e-224,0,0,0,0,0,9.982240416929883e-48,3.2822400525613135e-38,0,2.507105557397479e-306,2.5404714378989294e-165,0,0,0,0,0,2.9531572779501135e-32,4.3064510832417705e-100,0,4.077200717035e-312,1.1821659638733488e-169,0,0,0,0,0,8.540832487720422e-97
rs10634,1.0143680512957218e-78,0,3.0254128215957e-311,1.7181949395492955e-175,0,0,0,0,0,4.26492822469361e-75,3.305409810135312e-286,0,0,3.4262863669831127e-289,0,0,0,0,0,5.7625908643661424e-279,4.9013139745e-314,0,0,2.795175005000746e-306,0,0,0,0,0,1.5013446320167246e-300,5.2169137125353434e-70,0,2.014619925601e-311,3.935824651809216e-194,0,0,0,0,0,2.21424488895467e-81,0,0,0,0,0,0,0,0,0,0,0,0,0,0,0,0,0,0,0,0,0,0,0,0,0,0,0,0,0,0,7.671017385305745e-53,0,1.4870406862923012e-302,1.4834955570090935e-224,0,0,0,0,0,3.213337737553137e-48,1.4908466148651495e-38,0,1.2069776452850653e-306,1.1242518853098587e-165,0,0,0,0,0,1.330515502927688e-32,3.88414966917954e-100,0,3.89764709331e-312,1.038823042724504e-169,0,0,0,0,0,7.640950415838335e-97
rs3807453,1.6950854163518903e-80,0,7.55884555760572e-307,3.540404202116282e-187,0,0,0,0,0,7.781562001619885e-79,2.463698214178783e-277,0,0,3.14898246186147e-290,0,0,0,0,0,4.6896346885109084e-272,2.97024e-318,0,0,2.089e-320,0,0,0,0,0,9.933856998165519e-307,3.277203924986225e-67,0,1.892159494554213e-302,3.048666657050011e-201,0,0,0,0,0,1.518708745187411e-80,0,0,0,0,0,0,0,0,0,0,0,0,0,0,0,0,0,0,0,0,0,0,0,0,0,0,0,0,0,0,1.3424315590732254e-54,0,3.890781490319049e-298,3.2011779956227034e-236,0,0,0,0,0,6.139805179992425e-52,5.4774305514127316e-39,0,6.63006744480637e-301,5.09321403828381e-176,0,0,0,0,0,5.33731562301818e-35,6.208713349086759e-92,0,9.315002386186285e-298,2.0475363189678823e-171,0,0,0,0,0,1.3335584772777407e-90
rs1964536,1.7173487845583338e-70,0,3.1706913336469633e-245,2.8126805639525138e-176,0,0,0,0,0,8.080392492995472e-81,3.4254e-320,0,0,0,0,0,0,0,0,0,2.3161921985013816e-183,0,0,1.2771917549696134e-184,0,0,0,0,0,7.939629758810589e-184,4.2154604081294374e-73,0,1.00769908393544e-256,3.075049664463744e-206,0,0,0,0,0,2.0022338387191204e-98,0,0,0,0,0,0,0,0,0,0,0,0,0,0,0,0,0,0,0,0,0,0,0,0,0,0,0,0,0,0,1.0261899815997218e-60,0,1.2314138452975068e-252,1.918872350412677e-241,0,0,0,0,0,4.8104860846801375e-70,1.2710483958585985e-18,0,6.369930990865478e-229,9.267824036802294e-155,0,0,0,0,0,1.2694244164654293e-26,1.8628780076376548e-79,0,1.1571704928021914e-233,4.817426144961153e-158,0,0,0,0,0,4.10103641443825e-90
rs6461686,7.040821514809462e-77,1,3.1640666549123634e-186,1.150540370753158e-170,0,0,0,0,0,1.698036514178979e-80,1,1,0.999999967675422,1,0,0,0,0,0,1,2.006990123181547e-190,1,0,1.1041888792637405e-179,0,0,0,0,0,3.5263111641085195e-184,1.4191743649984641e-77,1,8.2574972371467085e-196,1.0329029058981856e-198,0,0,0,0,0,3.455057507658699e-96,0,0,0,0,0,0,0,0,0,0,0,0,0,0,0,0,0,0,0,0,0,0,0,0,0,0,0,0,0,0,9.91684482362557e-60,1,2.896520520456586e-186,1.8501564495954394e-228,0,0,0,0,0,2.382782765818297e-62,3.222293510360959e-45,1,3.9306517479934103e-190,2.3442148410827158e-169,0,0,0,0,0,1.6495276420108912e-46,1.782220935345792e-99,1,2.694643438150298e-188,4.59842187505735e-166,0,0,0,0,0,2.0110389924445496e-103
rs274035,1.0936206313404408e-82,0,6.3188760551e-313,1.9302264647115866e-185,0,0,0,0,0,4.318057681841296e-82,6.672035725051277e-305,0,0,7.206450489e-314,0,0,0,0,0,1.0923364302003849e-300,7.73625e-318,0,0,4.5971797e-316,0,0,0,0,0,2.225377809929897e-307,7.509372231145533e-82,0,5.618e-321,5.903239699652594e-212,0,0,0,0,0,2.993099882276336e-96,1,1,1,1,1,1.0166757016544763e-125,0,0,0,1,0,0,0,0,0,0,0,0,0,0,0,0,0,0,0,0,0,0,0,0,1.268136389955001e-69,0,4.762335e-317,2.5554297452149996e-247,0,0,0,0,0,4.9885571583493795e-68,2.130361230531196e-49,0,3.341208474e-315,1.6739736157970727e-182,0,0,0,0,0,1.7854422431369737e-46,1.9104971985632556e-103,0,3.7139583065e-313,5.324228929795964e-179,0,0,0,0,0,3.529420553515939e-103
rs12700437,5.569954254929904e-82,0,1.766203529074e-311,3.61355264019843e-182,0,0,0,0,1,1.1302860566866311e-81,5.1014893028646605e-306,0,0,2.025355252684e-312,0,0,0,0,1,4.2924973148414435e-302,1.307305e-317,0,0,2.8554809452e-313,0,0,0,0,1,1.9327040253437203e-307,3.242472517414368e-81,0,1.33126e-319,9.369238094928691e-209,0,0,0,0,1,6.642153045931366e-96,4.831771445888399e-113,4.500737891424457e-117,2.6516876178899717e-112,1.7760188425554756e-110,1.15886245695872e-113,5.9892751610683605e-229,0,0,1,2.483255350545693e-113,0,0,0,0,0,0,0,0,1,0,0,0,0,0,0,0,0,0,1,0,1.263285758347501e-68,0,2.603583574e-315,9.357089142045491e-244,0,0,0,0,1,2.5540275915374732e-67,1.1051548033671913e-49,0,9.51238496e-315,3.1919763166953934e-180,0,0,0,0,1,4.760259938670357e-47,1.6684344276156998e-103,0,1.779982527665e-312,1.7090731234931603e-176,0,0,0,0,1,1.584094714880596e-103
rs274034,1.2411482511216918e-83,0,2.92988563803e-313,6.857876818392513e-190,0,0,0,0,0,5.4646870817452626e-83,1.1654953666946906e-298,0,0,3.940923865019e-311,0,0,0,0,0,2.127788710383106e-294,3.36493e-319,0,0,6.26e-321,0,0,0,0,0,1.079362648743327e-308,5.289772748101352e-85,0,1.5e-323,1.3018119378219866e-218,0,0,0,0,0,2.3511183247262e-99,0,0,0,0,0,0,0,0,0,0,0,0,0,0,0,0,0,0,0,0,0,0,0,0,0,0,0,0,0,0,2.665100113579366e-72,0,4.08904e-319,1.681264169859079e-253,0,0,0,0,0,1.1690750967936478e-70,4.173452023143385e-48,0,2.67423529623e-313,1.0266330310702377e-184,0,0,0,0,0,3.900388571567189e-45,1.1154929133303122e-104,0,8.859542616e-314,9.73198835293194e-184,0,0,0,0,0,2.2979666146423547e-104
rs9969137,5.642267634932833e-81,0,2.728319377500971e-307,2.6600599432862492e-189,0,0,0,0,0,2.375185838468162e-80,0,0,0,0,0,0,0,0,0,0,4.6825634332e-313,0,0,7.4326045e-317,0,0,0,0,0,1.4360821658369675e-302,7.267916865148205e-86,0,4.55e-321,1.5261348375815364e-221,0,0,0,0,0,3.088514867330623e-100,0,0,0,0,0,0,0,0,0,0,0,0,0,0,0,0,0,0,0,0,0,0,0,0,0,0,0,0,0,0,4.0927564479454925e-71,0,1.286288034e-314,2.2029774498476028e-254,0,0,0,0,0,1.7165128415452463e-69,1.0791972634271376e-48,0,1.4165096658072e-310,2.2651259926423738e-187,0,0,0,0,0,9.643075323365628e-46,1.539329338146608e-103,0,2.504324188968216e-309,1.145877078248925e-184,0,0,0,0,0,3.0318710054235213e-103
rs10278268,4.02192846369059e-83,0,1.579105e-317,1.3346240168755652e-190,0,0,0,0,0,1.543677302413341e-80,0,0,0,0,0,0,0,0,0,0,7.46e-322,0,0,0,0,0,0,0,0,2.09057210864874e-309,1.5535117869861066e-86,0,0,2.2960659669076352e-221,0,0,0,0,0,6.019113909283687e-99,0,0,0,0,0,0,0,0,0,0,0,0,0,0,0,0,0,0,0,0,0,0,0,0,0,0,0,0,0,0,3.886429061997799e-72,0,1e-323,1.4724201381662112e-254,0,0,0,0,0,1.4861415095397172e-68,1.0948815604625132e-49,0,1.1669e-319,1.6175045955661902e-187,0,0,0,0,0,8.919902956451256e-45,7.090566984971486e-104,0,9.36645e-318,3.715132460456242e-184,0,0,0,0,0,1.2733224653897702e-101
rs2193827,9.084066120929117e-83,0,1.92250205475e-313,1.866241414710203e-193,0,0,0,0,0,2.6563203553207742e-83,0,0,0,0,0,0,0,0,0,0,3.40836e-319,0,0,0,0,0,0,0,0,7.2610601289235e-310,2.088073020782965e-86,0,0,1.9106380955416622e-224,0,0,0,0,0,6.163702636938631e-102,0,0,0,0,0,0,0,0,0,0,0,0,0,0,0,0,0,0,0,0,0,0,0,0,0,0,0,0,0,0,9.499047145066335e-72,0,1.3066e-319,2.2280451575356047e-257,0,0,0,0,0,2.7673714077992776e-71,1.4717998503379249e-49,0,8.4549776e-316,1.3461395312500362e-190,0,0,0,0,0,9.135235110099752e-48,1.3979256010215307e-103,0,9.953780537e-314,4.534614152910729e-187,0,0,0,0,0,1.9125794384561962e-104
rs11532668,9.363920327534198e-77,0,2.7681280061904284e-284,8.492139428941242e-161,0,0,0,0,0,1.890238670913407e-83,4.6775186115743e-310,0,0,2.5959504786922505e-300,0,0,0,0,0,3.91517129825e-313,1.0153770510425065e-293,0,0,3.1003188182498633e-273,0,0,0,0,0,1.4932687768271603e-290,1.5757526401025108e-65,0,6.031243926469184e-282,6.364915819242089e-177,0,0,0,0,0,3.2110185175761964e-87,0,0,0,0,0,0,0,0,0,0,0,0,0,0,0,0,0,0,0,0,0,0,0,0,0,0,0,0,0,0,6.5084993943638e-50,0,1.250518530061636e-274,6.739019056130225e-209,0,0,0,0,0,1.3089620200328115e-55,2.684538491061009e-41,0,2.1541467037173034e-284,1.0838840588687974e-155,0,0,0,0,0,1.1502689065218354e-45,1.7897049417906608e-96,0,1.780030211369664e-283,2.5627697437312186e-153,0,0,0,0,0,1.6903460835461897e-103
rs6461708,2.8738028960499987e-80,0,1.0199707990610468e-270,3.020037529026606e-190,0,0,0,0,0,6.064225908196078e-82,1.423948773677097e-307,0,0,1e-323,0,0,0,0,0,1.2459168789278119e-305,9.479190241619365e-284,0,0,3.353869868444598e-289,0,0,0,0,0,1.4572744136220878e-275,1.3661881417205844e-77,0,6.278149630425421e-277,6.394566198447056e-215,0,0,0,0,0,2.910212739770024e-94,0,0,0,0,0,0,0,0,0,0,0,0,0,0,0,0,0,0,0,0,0,0,0,0,0,0,0,0,0,0,1.0856151708984508e-67,0,2.5043064227518685e-275,1.302529820458177e-252,0,0,0,0,0,2.2823462971874254e-68,6.779834079375305e-48,0,6.531711709381392e-274,3.1719637459627737e-188,0,0,0,0,0,3.0367446159731026e-47,3.365037441524108e-101,0,4.0182609592255206e-271,5.583596252616419e-184,0,0,0,0,0,3.3223360198454616e-103
rs12700451,6.749097832076084e-79,0,1.733703580074e-312,5.805777449398505e-188,0,0,0,0,0,1.580963547618685e-78,0,0,0,0,0,0,0,0,0,0,4e-323,0,0,0,0,0,0,0,0,7.00925852686e-313,1.9403323107235247e-83,0,0,7.434229960471851e-220,0,0,0,0,0,4.588260650115782e-98,0,0,0,0,0,0,0,0,0,0,0,0,0,0,0,0,0,0,0,0,0,0,0,0,0,0,0,0,0,0,2.484148514094542e-69,0,4.1477e-320,2.4397685379893186e-253,0,0,0,0,0,5.797502334937159e-68,1.969330064296661e-49,0,1.37317e-318,7.542007486294058e-189,0,0,0,0,0,9.791865852504399e-47,1.608840253224044e-99,0,1.390463275647e-312,2.1852258482292287e-181,0,0,0,0,0,1.7632923251281221e-99
rs17796841,2.0711236135461915e-76,0,1.6313040525835812e-298,2.2172916297290614e-185,0,0,0,0,0,1.204650805113089e-78,3.7596757839e-313,0,0,0,0,0,0,0,0,9.067380907546e-312,3.3664769982467323e-302,0,0,1.2134225330395147e-306,0,0,0,0,0,1.426535268937097e-294,1.1539558137940009e-75,0,1.1768157303045033e-306,5.502387747173707e-212,0,0,0,0,0,6.775481553637353e-93,0,0,0,0,0,0,0,0,0,0,0,0,0,0,0,0,0,0,0,0,0,0,0,0,0,0,0,0,0,0,2.5453345729620227e-64,0,1.3030304798743977e-303,3.1111294600394957e-248,0,0,0,0,0,1.4749838812121723e-65,4.5224863276976017e-45,0,9.669039612159024e-303,2.1554991077272264e-184,0,0,0,0,0,5.5834576791569574e-45,1.0795490968774178e-96,0,2.860808384685983e-298,1.8248532287697472e-178,0,0,0,0,0,2.9378716196962275e-99
rs7806462,2.368724561135856e-80,0,3.6767758709711125e-304,1.9277353211102657e-192,0,0,0,0,0,3.153785309306771e-82,0,0,0,0,0,0,0,0,0,0,2.017486879158313e-299,0,0,5.527938047998392e-307,0,0,0,0,0,1.9569511666707254e-291,2.5811598282521273e-84,0,5.187497e-317,9.356059035765871e-224,0,0,0,0,0,3.469191652201156e-101,0,0,0,0,0,0,0,0,0,0,0,0,0,0,0,0,0,0,0,0,0,0,0,0,0,0,0,0,0,0,1.1895114056868826e-69,0,1.2000573676919e-310,1.1052432257891536e-256,0,0,0,0,0,1.5778779823032194e-70,8.262702706772112e-43,0,3.4813837895053507e-302,2.9937033006905384e-185,0,0,0,0,0,2.3351269749917723e-42,6.6406473936342774e-96,0,3.468011197000405e-299,8.533201612586352e-181,0,0,0,0,0,4.1367877973002326e-98
rs12531563,1.6755201619317467e-76,0,4.3512078715072234e-303,3.8129511532770635e-193,0,0,0,0,0,5.949769919534269e-78,0,0,0,0,0,0,0,0,0,0,5.642565527489285e-309,0,0,4.323e-321,0,0,0,0,0,1.4597511690406808e-300,4.898508136651593e-80,0,1.647078877e-315,4.965015764920342e-224,0,0,0,0,0,1.7559420535155672e-96,0,0,0,0,0,0,0,0,0,0,0,0,0,0,0,0,0,0,0,0,0,0,0,0,0,0,0,0,0,0,1.353264582745184e-65,0,2.28414511761244e-309,3.516014915236095e-257,0,0,0,0,0,4.787628813698505e-66,1.5912858574550828e-40,0,1.1217228282251391e-302,1.6121801664650815e-187,0,0,0,0,0,1.1994151429036963e-39,4.479744944873292e-96,0,3.914091176249439e-302,1.6096580139215185e-185,0,0,0,0,0,7.442846496177556e-98
rs2615691,1,0,1.5539078339373312e-235,2.4382665508695258e-96,0,1,0,0,0,1,0,0,0,0,0,1,0,0,0,0,1.9e-322,0,0,1.54475060816e-313,0,1,0,0,0,1.3709111045e-312,6.7726847065597365e-84,0,0,7.355077504262375e-207,0,1,0,0,0,6.8368600620847845e-99,0,0,0,0,0,1,0,0,0,0,0,0,0,0,0,1,0,0,0,0,0,0,0,0,0,1,0,0,0,0,1.280657312558377e-66,0,1.29342e-318,3.565090213563836e-237,0,1,0,0,0,1.2759103973087082e-65,1.508734019462648e-49,0,6.3636e-320,1.6377501635150128e-175,0,1,0,0,0,3.202458379451061e-47,7.625821920155407e-104,0,3.986843e-318,2.9358684018765574e-172,0,1,0,0,0,3.567975961906142e-104
rs34035541,5.623091024692461e-83,0,9.7849243596e-313,4.910780031329222e-192,0,0,0,0,0,9.11961105272889e-83,0,0,0,0,0,0,0,0,0,0,4.403e-319,0,0,1.5e-323,0,0,0,0,0,5.202382585202125e-309,3.815200843573236e-86,0,0,1.4840139636763547e-222,0,0,0,0,0,6.2461792125069e-101,0,0,0,0,0,0,0,0,0,0,0,0,0,0,0,0,0,0,0,0,0,0,0,0,0,0,0,0,0,0,6.900221645191062e-72,0,7.80416e-319,6.880101068267088e-256,0,0,0,0,0,1.1149399737771522e-70,3.3513015340929595e-50,0,1.58297132e-315,1.3029947332356287e-189,0,0,0,0,0,1.1536804119480085e-47,2.4494004414685375e-103,0,1.434034591687e-312,3.377566463329225e-185,0,0,0,0,0,1.8586441740874328e-103
rs10269243,1.2040318647600043e-83,0,3.6592216e-317,9.519716834134869e-194,0,0,0,0,0,3.1498525589535236e-83,0,0,0,0,0,0,0,0,0,0,6.616e-321,0,0,0,0,0,0,0,0,1.2606265459096e-310,3.1077346758483344e-86,0,0,1.0943977660603752e-223,0,0,0,0,0,8.207143198749712e-101,0,0,0,0,0,0,0,0,0,0,0,0,0,0,0,0,0,0,0,0,0,0,0,0,0,0,0,0,0,0,2.0699251377273252e-72,0,4e-323,1.868517191355948e-257,0,0,0,0,0,5.3950332586273565e-71,3.666854101447553e-50,0,3.02497e-319,1.2907242440332549e-190,0,0,0,0,0,2.0361824326790594e-47,2.826126778248256e-103,0,2.88974728e-316,3.528145072223467e-186,0,0,0,0,0,3.4592276633869975e-103
rs375092,3.7936455156368354e-83,0,6.460349436768401e-290,3.2023622679166804e-187,0,0,0,0,0,8.985104366570049e-83,5e-324,0,0,0,0,0,0,0,0,4.0667e-320,6.370857484311869e-302,0,0,1.8106362438558478e-301,0,0,0,0,0,1.0992993615946724e-291,2.9771717772978692e-77,0,6.564377465890646e-293,1.1193420540056642e-208,0,0,0,0,0,7.118133105449974e-92,0,0,0,0,0,0,0,0,0,0,0,0,0,0,0,0,0,0,0,0,0,0,0,0,0,0,0,0,0,0,1.867215552752979e-66,0,2.066686114141733e-290,1.799552736615771e-245,0,0,0,0,0,4.4060363694350104e-65,8.348267299923549e-50,0,3.8589823323963894e-292,3.1373563244557137e-184,0,0,0,0,0,4.1969474938053437e-47,1.5888275117606681e-102,0,9.103187543977442e-289,2.117674507706487e-179,0,0,0,0,0,1.760671727946499e-102
rs11762251,2.970480798124083e-54,0,1.9480740895170177e-265,1.2662111014479928e-151,0,0,0,0,0,1.3819459168577053e-59,5.0402897e-317,0,0,1.3147e-320,0,0,0,0,0,9.7229e-319,2.2388518793414675e-299,0,0,3.2131006955883665e-292,0,0,0,0,0,7.588245387705724e-295,4.250274742961534e-77,0,3.608993629632835e-297,8.069406361307563e-202,0,0,0,0,0,1.9960762840385323e-97,0,0,0,0,0,0,0,0,0,0,0,0,0,0,0,0,0,0,0,0,0,0,0,0,0,0,0,0,0,0,1.8097396093280974e-59,0,7.713928618109766e-288,8.807484119507046e-232,0,0,0,0,0,8.388177894560883e-64,5.640629680982621e-38,0,1.004115083643121e-284,1.0704360908706155e-165,0,0,0,0,0,5.570096216348579e-41,3.201318357087654e-95,0,7.063583157578585e-286,2.1546512073376825e-165,0,0,0,0,0,6.96832540675788e-101
rs4236309,1.4378719647858494e-83,0,1.3268696e-317,1.6000130930706067e-193,0,0,0,0,0,3.8502361580958815e-83,0,0,0,0,0,0,0,0,0,2e-323,2.777e-321,0,0,0,0,0,0,0,0,5.412755292166e-311,6.682970872003969e-87,0,0,3.3122118246276154e-224,0,0,0,0,0,1.8064774850244102e-101,0,0,0,0,0,0,0,0,0,0,0,0,0,0,0,0,0,0,0,0,0,0,0,0,0,0,0,0,0,0,1.7577251147335955e-72,0,1e-323,2.233112939538363e-257,0,0,0,0,0,4.689271227305187e-71,2.7222745496754998e-50,0,6.819e-320,1.3486182456534921e-190,0,0,0,0,0,1.5472834713260312e-47,2.602631497816226e-104,0,8.0805e-318,4.5728267380211006e-187,0,0,0,0,0,3.260731913926721e-104
rs6948678,2.2155582280990805e-73,0,1.226864726332e-310,2.0933947124611802e-159,0,0,0,0,0,9.907699856922233e-72,1.487e-321,0,0,8.585136148e-314,0,0,0,0,0,2.75311115e-316,3.4722611414e-314,0,0,1.1045870345511407e-295,0,0,0,0,0,1.1312374138126147e-302,3.5897087257775084e-71,0,2.5737307e-317,1.5106796526093655e-184,0,0,0,0,0,1.6204838854951648e-84,0,0,0,0,0,0,0,0,0,0,0,0,0,0,0,0,0,0,0,0,0,0,0,0,0,0,0,0,0,0,2.3821188181892366e-56,0,8.573491764583e-311,2.5697317114301094e-217,0,0,0,0,0,1.061305307212642e-53,4.4619762847813957e-41,0,6.7068400876e-314,1.8769339922651027e-157,0,0,0,0,0,4.235334754578037e-37,2.155791058888891e-92,0,4.016406440892274e-309,3.2162023534716176e-151,0,0,0,0,0,4.5105717966753476e-91
rs12700426,8.264821503095195e-78,0,8.969308155983243e-300,8.555684746057849e-137,0,0,0,0,0,6.771554804755043e-75,0,0,0,7.36017896403012e-290,0,0,0,0,0,3.94709e-318,9.936673213265803e-296,0,0,3.463234580449052e-250,0,0,0,0,0,5.931269173074421e-283,1.5427681499571295e-60,0,2.1677865711756483e-291,7.113235284028269e-147,0,0,0,0,0,1.276002180006155e-72,0,0,0,0,0,0,0,0,0,0,0,0,0,0,0,0,0,0,0,0,0,0,0,0,0,0,0,0,0,0,1.538866101249207e-57,0,1.085443201739272e-296,1.818773164015766e-191,0,0,0,0,0,1.2561543164250637e-53,1.5683407367705826e-47,0,4.620011662897718e-305,7.227956094492416e-137,0,0,0,0,0,2.727508756335675e-42,2.3006545611300153e-103,0,8.400291532067414e-305,3.760464167774029e-135,0,0,0,0,0,8.819451876025177e-101
rs4719731,9.118995328971793e-81,0,1.659172332385773e-286,2.9802568540062136e-83,0,0,0,0,0,9.033398320702573e-66,5.28109e-318,0,0,1.0562136716570934e-226,0,0,0,0,0,2.1692224320229662e-299,6.343818179446447e-278,0,0,6.980347380117154e-176,0,0,0,0,0,4.5783248190647006e-253,1,0,2.355780888790016e-215,1.455633080455135e-30,0,0,0,0,0,1,0,0,0,0,0,0,0,0,0,0,0,0,0,0,0,0,0,0,0,0,0,0,0,0,0,0,0,0,0,0,7.132579582965394e-42,0,8.434744526149311e-265,2.661397458064382e-119,0,0,0,0,0,7.039438777132606e-26,6.933794957896004e-39,0,3.4244645958516817e-280,1.0088613504897386e-71,0,0,0,0,0,1.4579612225568422e-21,2.642908781390655e-104,0,1.6178719833124864e-289,1.363821776625996e-79,0,0,0,0,0,1.22495913769497e-89
rs17797041,1.2097536168188354e-73,0,1.6061120913384498e-281,1.4082866546630897e-184,0,0,0,0,0,7.534502406508319e-79,0,0,0,0,0,0,0,0,0,0,3.1690445036564775e-294,0,0,1.2420585805381065e-300,0,0,0,0,0,1.437929825129003e-289,9.521623325324391e-51,0,1.6367423123348495e-267,4.936854706511293e-189,0,0,0,0,0,5.986382687799253e-71,0,0,0,0,0,0,0,0,0,0,0,0,0,0,0,0,0,0,0,0,0,0,0,0,0,0,0,0,0,0,2.4852705738068505e-56,0,2.144536307744179e-281,3.3031190127727786e-242,0,0,0,0,0,1.5421214118714933e-60,3.283121526951625e-5,0,1.1831588679125568e-248,1.7015114692130905e-146,0,0,0,0,0,4.340256703845947e-8,6.057822426895546e-95,0,2.7059074465774483e-282,1.1134723009240252e-178,0,0,0,0,0,1.765263111502755e-100
rs17147607,1.3660470747099013e-83,0,1.0105798430068083e-302,4.788098997944704e-184,0,0,0,0,0,2.8445817326502288e-83,0,0,0,0,0,0,0,0,0,0,9.37348056927813e-299,0,0,1.1061599895693264e-294,0,0,0,0,0,1.4220188113253593e-288,2.335763096262767e-86,0,2.2372996204e-314,3.6464600736611924e-214,0,0,0,0,0,4.909953469111348e-101,0,0,0,0,0,0,0,0,0,0,0,0,0,0,0,0,0,0,0,0,0,0,0,0,0,0,0,0,0,0,5.699247836165702e-72,0,2.7403328205837053e-308,2.2807170440251594e-247,0,0,0,0,0,1.182381257698672e-70,1.7339312928088541e-47,0,3.4818818681977983e-302,2.705721718213915e-178,0,0,0,0,0,7.663999129697731e-45,2.0067609493150063e-104,0,4.9947997797704795e-303,1.1106106696407556e-177,0,0,0,0,0,1.9551660744971498e-104
rs2058275,1.0603023903265593e-83,0,1.6305323358221645e-300,2.382316308038005e-190,0,0,0,0,0,3.76986223098624e-83,6.439683278389589e-284,0,0,8.854329190243024e-297,0,0,0,0,0,9.493723019278137e-280,3.821229128818658e-301,0,0,2.8906290943705344e-303,0,0,0,0,0,9.898070104031302e-291,9.584539776695321e-85,0,1.90836450418474e-310,9.59149184405522e-219,0,0,0,0,0,3.440034796888347e-99,0,0,0,0,0,0,0,0,0,0,0,0,0,0,0,0,0,0,0,0,0,0,0,0,0,0,0,0,0,0,1.1320752978261797e-70,0,1.131503216344096e-304,2.9040320612890926e-252,0,0,0,0,0,4.010128558935907e-69,2.6209274476859436e-50,0,1.094036613330371e-302,2.621672688206408e-187,0,0,0,0,0,1.9779784192024466e-47,1.1604412582044446e-104,0,6.0039948825415115e-301,4.116817254032707e-184,0,0,0,0,0,1.9304304551656327e-104
rs6461715,1.345835340713354e-77,0,5.7184669345e-313,1.3200538796333936e-173,0,0,0,0,0,2.6778196409118774e-80,0,0,0,0,0,0,0,0,0,0,5.303775e-318,0,0,1.75147702554991e-309,0,0,0,0,0,7.688227218907e-311,1.2504535153379633e-80,0,0,5.462764717705701e-204,0,0,0,0,0,2.5116133266463694e-98,0,0,0,0,0,0,0,0,0,0,0,0,0,0,0,0,0,0,0,0,0,0,0,0,0,0,0,0,0,0,4.1755468389859893e-66,0,1.15314e-318,4.675946124504809e-237,0,0,0,0,0,8.277324793503169e-68,1.7653572109495819e-44,0,2.036092313e-315,7.708788187454185e-171,0,0,0,0,0,7.455775133729297e-45,7.044816482946403e-98,0,1.007105219577e-312,1.091033682182363e-166,0,0,0,0,0,6.558346209490523e-101
rs668279,1.093786872567636e-83,0,4.81070907854e-312,1.582959536505234e-193,1,0,0,0,0,1.802723836786347e-83,1.3291136843254683e-286,0,0,1.1771199204603237e-302,1,0,0,0,0,9.08311753756229e-283,2.1882464e-317,0,0,1.1e-322,1,0,0,0,0,2.6275100654583853e-307,2.1918452110308556e-58,0,1.2481783889381998e-295,1.4128374631122133e-195,1,0,0,0,0,3.646718230156485e-73,0,0,0,0,0,0,0,0,0,0,0,0,0,0,0,0,0,0,0,0,0,0,0,0,0,0,0,0,0,0,2.1797327073823833e-45,0,6.2310384582660395e-291,3.6016106118173663e-230,1,0,0,0,0,3.5792083365776717e-44,1.0736126332469844e-29,0,1.281743674304569e-293,6.917330204603892e-170,1,0,0,0,0,3.755907767107943e-27,1.248513085266691e-77,0,1.8475107014201295e-285,2.852981462693808e-160,1,0,0,0,0,9.627751082792467e-78
rs17147383,1.3544391498173514e-83,0,2.241334e-318,4.308955152755676e-193,0,0,0,0,0,2.0398455120137753e-83,0,0,0,0,0,0,0,0,0,0,5.04e-322,0,0,0,0,0,0,0,0,5.51216390473e-312,1.1025475067603451e-86,0,0,1.562266073218274e-223,0,0,0,0,0,1.676219632819284e-101,0,0,0,0,0,0,0,0,0,0,0,0,0,0,0,0,0,0,0,0,0,0,0,0,0,0,0,0,0,0,1.182206675576869e-72,0,0,4.294002494176893e-257,0,0,0,0,0,1.7738562765368323e-71,5.561937027223904e-50,0,2.4985e-320,7.877571078809816e-190,0,0,0,0,0,1.7780118756119596e-47,4.22735237410947e-104,0,2.353605e-318,2.123487311872307e-186,0,0,0,0,0,2.9788009905426634e-104
rs4722195,1.7557678968916562e-82,0,6.32923353114e-312,8.239499179371832e-191,0,0,0,0,0,2.857432520483184e-82,9.93e-322,0,0,0,0,0,0,0,0,6.68767e-318,1.61e-321,0,0,0,0,0,0,0,0,1.9125772706806e-311,6.745503934421414e-87,0,0,1.409916280183474e-222,0,0,0,0,0,1.1082024649655139e-101,0,0,0,0,0,0,0,0,0,0,0,0,0,0,0,0,0,0,0,0,0,0,0,0,0,0,0,0,0,0,1.6531918301496066e-72,0,3.8734e-319,8.857545067831841e-256,0,0,0,0,0,2.6805219777557446e-71,4.302524685909511e-49,0,4.2100239754e-314,8.988989417952525e-188,0,0,0,0,0,1.4862883068524155e-46,1.2700771718884435e-103,0,1.54039323674e-312,9.410930487980534e-185,0,0,0,0,0,9.671063833072716e-104
rs187985,2.8110132772952442e-42,0,1.2674559152927545e-241,9.73396861772086e-159,0,0,0,0,0,8.323392893432395e-51,2e-320,0,0,0,0,0,0,0,0,0,2.594874049390452e-278,0,0,3.0252615961612103e-290,0,0,0,0,0,5.59764675202724e-277,2.904488863075809e-73,0,1.6956260176936896e-281,4.4796282513944454e-217,0,0,0,0,0,8.681665460342969e-97,0,0,0,0,0,0,0,0,0,0,0,0,0,0,0,0,0,0,0,0,0,0,0,0,0,0,0,0,0,0,3.227035619551401e-57,0,9.457024803234343e-274,1.2758135590369677e-248,0,0,0,0,0,9.519814815755053e-65,9.000815826880078e-30,0,1.1016129256953031e-264,1.387594940636003e-176,0,0,0,0,0,5.6570521827872765e-36,1.6882859506386338e-89,0,2.5611407654446807e-268,9.23085216828947e-179,0,0,0,0,0,2.3389382991164022e-98
rs10276099,5.537788611558056e-82,0,1.09786388e-315,4.324081816777006e-192,0,0,0,0,0,3.2345292143176787e-83,0,0,0,0,0,0,0,0,0,0,1.64e-321,0,0,0,0,0,0,0,0,6.98789282036e-313,2.153456975593527e-85,0,0,7.489260599375681e-223,0,0,0,0,0,1.2697164209111101e-101,0,0,0,0,0,0,0,0,0,0,0,0,0,0,0,0,0,0,0,0,0,0,0,0,0,0,0,0,0,0,4.306499930028793e-71,0,5.53e-322,3.839179189974214e-256,0,0,0,0,0,2.506030726141782e-71,1.0425458467453776e-48,0,5.61028e-318,3.624152624494397e-189,0,0,0,0,0,1.292530136360353e-47,3.362410814308569e-102,0,2.24274746e-315,4.1455012195391595e-185,0,0,0,0,0,9.188841036928656e-104
rs7789949,1.3690921101121258e-83,0,2.1850616e-317,4.058029752689405e-193,0,0,0,0,0,2.9261555390151523e-83,0,0,0,0,0,0,0,0,0,0,2.9e-322,0,0,0,0,0,0,0,0,4.543007793006e-312,2.945352257448351e-87,0,0,3.888347015409912e-224,0,0,0,0,0,6.35474042027794e-102,0,0,0,0,0,0,0,0,0,0,0,0,0,0,0,0,0,0,0,0,0,0,0,0,0,0,0,0,0,0,1.2050296004738156e-72,0,1.5e-323,4.077901053006278e-257,0,0,0,0,0,2.5659589095334237e-71,2.8068325033865207e-50,0,1.216e-319,3.7038453402736663e-190,0,0,0,0,0,1.2733624758252234e-47,1,0,5.3696811676891924e-214,4.680058737350302e-83,0,0,0,0,0,1
rs1029738,4.559856915874392e-77,0,2.3771159885494638e-306,1.1671324614929208e-190,0,0,0,0,0,1.3650576375005108e-79,0,0,0,0,0,0,0,0,0,0,1.0494165895e-313,0,0,9e-323,0,0,0,0,0,2.2887555287778323e-306,2.16227994355652e-80,0,1.45949e-318,2.4650519011159347e-221,0,0,0,0,0,6.534427244105532e-98,0,0,0,0,0,0,0,0,0,0,0,0,0,0,0,0,0,0,0,0,0,0,0,0,0,0,0,0,0,0,3.9713657151178807e-66,0,1.34561197534e-312,1.160553658176888e-254,0,0,0,0,0,1.1844777283027457e-67,2.9437503428689625e-41,0,4.165597606034364e-306,3.354468327942812e-185,0,0,0,0,0,1.8705596427831155e-41,1.4308319669349656e-97,0,2.509604411332998e-306,5.782642078268977e-184,0,0,0,0,0,2.0041197547612638e-100
rs274030,5.898816271718983e-82,0,2.54206785e-316,2.397832189828719e-189,0,0,0,0,0,2.9971720322889976e-82,0,0,0,0,0,0,0,0,0,0,2.17102e-318,0,0,2.97e-321,0,0,0,0,0,8.036416507974547e-309,4.580219669363024e-83,0,0,8.292499204566591e-218,0,0,0,0,0,2.3492484121616398e-98,0,0,0,0,0,0,0,0,0,0,0,0,0,0,0,0,0,0,0,0,0,0,0,0,0,0,0,0,0,0,3.281026190111607e-67,0,9.1899e-319,1.522719898744472e-249,0,0,0,0,0,1.6609009813409225e-66,2.031967745998217e-48,0,2.37693e-318,3.677261493426801e-186,0,0,0,0,0,2.1914644146325797e-46,2.8470669129599327e-102,0,4.1279784e-316,1.827344099989052e-182,0,0,0,0,0,6.768302123939217e-103
rs10225081,2.5995740621930277e-83,0,1.5106047406580015e-303,2.421789679142897e-193,0,0,0,0,0,3.0305908865720706e-82,1.3735e-320,0,0,0,0,0,0,0,0,6.6389387e-316,1.36463884644e-313,0,0,4.2803e-319,0,0,0,0,0,1.1590296730514355e-302,9.370087525292062e-87,0,7.0498956e-316,3.887971664624675e-224,0,0,0,0,0,1.1027183413661155e-100,0,0,0,0,0,0,0,0,0,0,0,0,0,0,0,0,0,0,0,0,0,0,0,0,0,0,0,0,0,0,2.0238581572859358e-72,0,7.6438036584765e-310,2.1526365504110627e-257,0,0,0,0,0,2.3506741541824215e-70,5.446238175875939e-50,0,8.59057948068138e-306,2.2588357187441686e-190,0,0,0,0,0,1.3476979228933658e-46,7.954480199048146e-104,0,1.555170215287333e-303,1.1700779054411109e-186,0,0,0,0,0,4.338825495185957e-103
rs227944,7.047371083542683e-81,0,2.1329693254e-314,7.70720153890287e-191,0,0,0,0,0,1.5365939131830316e-80,0,0,0,0,0,0,0,0,0,0,6.0205068e-316,0,0,2.22e-321,0,0,0,0,0,9.563497000534998e-306,1.1781102277162316e-83,0,0,5.738530792850061e-221,0,0,0,0,0,2.5930669351396448e-98,0,0,0,0,0,0,0,0,0,0,0,0,0,0,0,0,0,0,0,0,0,0,0,0,0,0,0,0,0,0,1.020379415886581e-69,0,2.0074e-320,1.2740535257508799e-254,0,0,0,0,0,2.2165671887268622e-68,6.299325559483742e-50,0,5.17524e-319,3.067025713417783e-190,0,0,0,0,0,2.91539116581643e-47,5.8070039843734695e-102,0,5.9132613e-315,1.0027448591523535e-184,0,0,0,0,0,5.924058695699332e-102
rs227921,9.199118908702498e-84,0,2.06765e-318,1.0249682001663716e-193,0,0,0,0,0,2.208691673954238e-83,0,0,0,0,0,0,0,0,0,0,1.83e-322,0,0,0,0,0,0,0,0,3.16851269682e-312,1.8681099732983858e-85,0,0,9.270684735702839e-223,0,0,0,0,0,4.5277989366035137e-100,0,0,0,0,0,0,0,0,0,0,0,0,0,0,0,0,0,0,0,0,0,0,0,0,0,0,0,0,0,0,2.7129731264113454e-72,0,5e-324,3.451167676774799e-257,0,0,0,0,0,6.489654796910356e-71,9.61853362746827e-50,0,5.8685e-320,4.771191126711077e-190,0,0,0,0,0,4.901946196726666e-47,2.5072613487117605e-104,0,1.89604e-318,4.410953801870233e-187,0,0,0,0,0,2.8165906135041283e-104
rs227943,5.388144835583708e-83,0,4.695191e-317,3.6685145417471075e-192,0,0,0,0,0,1.0946682826339755e-82,0,0,0,0,0,0,0,0,0,0,2.886905e-318,0,0,6.4e-323,0,0,0,0,0,4.2729492272048095e-308,4.812089801150142e-81,0,5e-324,1.459250737912586e-217,0,0,0,0,0,9.868992744598507e-96,0,0,0,0,0,0,0,0,0,0,0,0,0,0,0,0,0,0,0,0,0,0,0,0,0,0,0,0,0,0,5.566930295050669e-69,0,3.153e-320,4.327361497201545e-253,0,0,0,0,0,1.126798602961976e-67,2.9366611418518774e-50,0,6.946e-320,8.901405956310785e-190,0,0,0,0,0,1.2663913089196003e-47,1.768652886060719e-101,0,5.18530222e-315,1.901351165982942e-183,0,0,0,0,0,1.6812068126095998e-101
rs34607168,2.224001654734959e-79,0,3.6562156913222396e-300,1.0203073991076601e-182,0,0,0,0,0,2.0976539197776543e-80,0,0,0,0,0,0,0,0,0,0,9.057801467650943e-297,0,0,1.3990664240473855e-295,0,0,0,0,0,6.2240523422842044e-288,2.3152039980392725e-69,0,4.928064193714948e-299,4.7307544692984547e-200,0,0,0,0,0,2.2043666318608098e-85,0,0,0,0,0,0,0,0,0,0,0,0,0,0,0,0,0,0,0,0,0,0,0,0,0,0,0,0,0,0,1.5293984041374623e-70,0,1.6341734038651243e-308,8.010746195926124e-249,0,0,0,0,0,1.4371649183798943e-70,1.1059568355492992e-27,0,4.93528300247654e-284,2.258852613195878e-161,0,0,0,0,0,2.2141534714378094e-26,4.099155164222569e-102,0,2.2672976437437276e-302,2.9693338723557034e-178,0,0,0,0,0,1.8089574444320887e-103
rs12700412,1.1417115891998902e-75,0,3.57637163301845e-283,1,0,0,0,0,0,1.1459592292888243e-76,6.985073820564263e-297,0,0,3.744001928877419e-128,0,0,0,0,0,2.90710064525385e-294,6.737864077988677e-294,0,0,1.9869431574342103e-114,0,0,0,0,0,4.927047054413763e-285,2.5633693958119307e-48,0,1.0396515789174992e-264,1,0,0,0,0,0,2.5972860614343573e-64,0,0,0,0,0,0,0,0,0,0,0,0,0,0,0,0,0,0,0,0,0,0,0,0,0,0,0,0,0,0,1,1.047e-321,2.0359496584081678e-225,1,0,0,0,0,0,1,2.5644995191167828e-45,0,2.1805499321948353e-288,1,0,0,0,0,0,5.46369176083928e-44,7.230821903638798e-103,0,7.620638730374454e-290,1,0,0,0,0,0,3.395749790562331e-104
rs227951,4.0207141087668355e-76,0,8.2472610093e-314,4.508203403610286e-177,0,0,0,0,0,4.1287258861507286e-77,0,0,0,0,0,0,0,0,0,0,5.013e-319,0,0,1.892411175e-315,0,0,0,0,0,3.75024941375825e-310,4.8807886711583395e-80,0,0,2.437448941963331e-208,0,0,0,0,0,5.059396232233629e-96,0,0,0,0,0,0,0,0,0,0,0,0,0,0,0,0,0,0,0,0,0,0,0,0,0,0,0,0,0,0,1.441602893382486e-65,0,1.922e-320,1.845450341616944e-241,0,0,0,0,0,1.4748428410413773e-65,3.0964325488929713e-47,0,1.724e-320,1.5456662361094858e-178,0,0,0,0,0,6.749091117056176e-46,3.0488120498461954e-96,0,2.10404330624e-313,5.397587675140728e-170,0,0,0,0,0,1.4648014764714183e-97
rs10950939,6.174300107029861e-84,0,5.107045912410726e-309,9.31593700444209e-186,0,0,0,0,0,1.6739760701644463e-83,0,0,0,0,0,0,0,0,0,0,2.446529842311313e-309,0,0,1.2428220002366339e-306,0,0,0,0,0,4.832409561828415e-299,7.435785170304548e-86,0,7.9634e-320,4.997017342341175e-215,0,0,0,0,0,2.0350926094098855e-100,0,0,0,0,0,0,0,0,0,0,0,0,0,0,0,0,0,0,0,0,0,0,0,0,0,0,0,0,0,0,1.2555852613725262e-71,0,6.75008186e-314,2.1629248325691173e-248,0,0,0,0,0,3.391524528802162e-70,2.8911409554057493e-49,0,6.49125208617766e-310,1.942056504408861e-181,0,0,0,0,0,1.663801790973025e-46,1.0673618739131827e-104,0,2.970374375799144e-309,2.542841194991137e-179,0,0,0,0,0,1.3539681760477311e-104
rs13243243,9.404586064663485e-80,0,4.686494941413e-311,1.0924475255924655e-188,0,0,0,0,0,1.236636134760251e-81,0,0,0,0,0,0,0,0,0,0,2.778282e-317,0,0,1.087e-321,0,0,0,0,0,2.661522994247326e-309,4.532004939988217e-84,0,5e-324,2.3447497015914795e-220,0,0,0,0,0,6.015731645120494e-101,0,0,0,0,0,0,0,0,0,0,0,0,0,0,0,0,0,0,0,0,0,0,0,0,0,0,0,0,0,0,8.943434836634549e-69,0,2.896634e-317,1.1861009578375843e-252,0,0,0,0,0,1.1716390476701428e-69,3.356597266163772e-45,0,4.540303514263e-312,1.7358569163480656e-184,0,0,0,0,0,9.368548187787182e-45,3.040423957585021e-101,0,5.097533517833e-312,5.576526761292933e-183,0,0,0,0,0,1.870560045765136e-103
rs10950919,1.5909677846275096e-81,0,4.19692997256166e-310,3.13418189626349e-191,0,0,0,0,0,9.408362197804893e-82,0,0,0,0,0,0,0,0,0,0,2.642e-320,0,0,0,0,0,0,0,0,1.1382319392519e-310,2.6584098046808223e-85,0,9e-323,2.3325445999115902e-222,0,0,0,0,0,1.5869761693807204e-100,0,0,0,0,0,0,0,0,0,0,0,0,0,0,0,0,0,0,0,0,0,0,0,0,0,0,0,0,0,0,1.0455904396568404e-70,0,1.79272115e-316,2.351694075445764e-255,0,0,0,0,0,6.160294703769233e-70,5.042949915318545e-48,0,3.611038959825e-312,4.4228402619627426e-188,0,0,0,0,0,6.330064110720134e-46,8.195975303950938e-102,0,7.27425389000193e-310,2.549366047891614e-184,0,0,0,0,0,2.2677153727155526e-102
rs274041,9.33363236350827e-84,0,3.803369194e-315,1.0315472794501506e-193,2.2003953725676242e-285,0,0,0,0,1.829527023064095e-83,1.01638281423588e-309,0,0,0,1.971868378532938e-308,0,0,0,0,8.260793406159777e-306,4.14705e-318,0,0,1.5e-323,4.886813499980126e-286,0,0,0,0,5.922145287980604e-308,7.750529565060593e-67,0,4.0892113898263115e-307,3.815180055340451e-204,9.118097574841314e-294,0,0,0,0,1.5336114694953615e-81,0,0,0,0,0,0,0,0,0,0,0,0,0,0,0,0,0,0,0,0,0,0,0,0,0,0,0,0,0,0,5.306662506125868e-55,0,1.4054650988316998e-303,6.696013567280232e-240,6.277705905015959e-295,0,0,0,0,1.0363270851279775e-53,3.0730275793194024e-38,0,3.3990803739371244e-305,1.5120240279516842e-178,7.380768498198776e-294,0,0,0,0,1.2785726403131934e-35,4.4615476730316446e-86,0,6.116751098405207e-297,7.785611518201953e-169,9.21457222557618e-294,0,0,0,0,4.091748541503842e-86
rs10249628,5.83970506640792e-81,0,3.8562587e-316,1.9301909866090286e-191,0,0,0,0,0,1.41256604530969e-80,7.4e-323,0,0,0,0,0,0,0,0,7.5696e-319,1.53e-322,0,0,0,0,0,0,0,0,2.658848175054e-312,3.4370523069336725e-86,0,0,5.05988592326636e-224,0,0,0,0,0,8.392663743090746e-101,0,0,0,0,0,0,0,0,0,0,0,0,0,0,0,0,0,0,0,0,0,0,0,0,0,0,0,0,0,0,3.4079793870681845e-72,0,0,1.2860644646673408e-257,0,0,0,0,0,8.2130043166876e-71,3.8486978645029825e-49,0,6.8986e-320,5.663396603187212e-190,0,0,0,0,0,1.9760707009064015e-46,1.0730654204445208e-103,0,2.38407e-318,5.600210017492794e-187,0,0,0,0,0,1.2144490776925484e-103
rs17150424,4.543827148058968e-81,0,5.54423354416e-313,2.945241640778144e-189,0,0,0,0,0,4.1943728189879284e-81,0,0,0,0,0,0,0,0,0,8.64e-321,1.1e-322,0,0,0,0,0,0,0,0,7.17062943196e-313,8.791209182351917e-87,0,0,2.538007835655283e-222,0,0,0,0,0,8.191994933673384e-102,0,0,0,0,0,0,0,0,0,0,0,0,0,0,0,0,0,0,0,0,0,0,0,0,0,0,0,0,0,0,6.420902158810122e-72,0,5.094e-321,4.751728208885172e-255,0,0,0,0,0,5.905117224638319e-71,6.203160369108473e-45,0,2.05451778535e-312,1.790053151731595e-183,0,0,0,0,0,1.2154274722844487e-42,2.0791163095922876e-103,0,8.53524469e-315,2.1278776834875707e-184,0,0,0,0,0,8.979647199613304e-104
rs6973118,2.120061952183812e-83,0,7.020992335593781e-308,2.1672170864995304e-192,0,0,0,0,0,8.651125875067248e-83,0,0,0,0,0,0,0,0,0,9.24e-322,3.036682043e-315,0,0,1.04515e-319,0,0,0,0,0,9.027658195352977e-305,2.398511722469207e-86,0,1.02845e-319,1.0920459786332461e-222,0,0,0,0,0,9.880109485003716e-101,0,0,0,0,0,0,0,0,0,0,0,0,0,0,0,0,0,0,0,0,0,0,0,0,0,0,0,0,0,0,5.014507635213969e-72,0,1.07934192594e-313,5.852461567776629e-256,0,0,0,0,0,2.0386356701758383e-70,2.229775516194703e-50,0,2.0044178949635e-310,1.0147727441890414e-189,0,0,0,0,0,1.931327981176337e-47,5.713467346759522e-103,0,6.366007900966992e-307,9.221941401310071e-185,0,0,0,0,0,1.090835063268917e-102
rs10950951,7.348933550783974e-79,0,1.3806437247e-314,4.314807947200736e-182,0,0,0,0,0,3.652594996009216e-80,0,0,0,0,0,0,0,0,0,0,1.833e-321,0,0,3.62e-320,0,0,0,0,0,6.63145037927e-313,1.1433137012866163e-84,0,0,2.989838789538536e-215,0,0,0,0,0,5.73638696221672e-101,0,0,0,0,0,0,0,0,0,0,0,0,0,0,0,0,0,0,0,0,0,0,0,0,0,0,0,0,0,0,7.219932787827529e-69,0,8.8e-322,4.8397921808741545e-247,0,0,0,0,0,3.5751774035234155e-69,1.3239940037087177e-48,0,6.752e-320,3.4608036106674325e-182,0,0,0,0,0,1.3967993640047933e-47,1.2581059243892356e-99,0,7.95228593e-315,1.1663344443646772e-175,0,0,0,0,0,2.925699161381689e-101
rs4722193,5.495466878203124e-83,0,1.6141756953617e-311,8.156968966616285e-194,0,0,0,0,0,9.106776240863865e-83,0,0,0,0,0,0,0,0,0,0,7.99944e-318,0,0,5e-324,0,0,0,0,0,9.65765117812613e-308,1.671168453488624e-86,0,5e-324,1.1048152462504012e-224,0,0,0,0,0,2.7956070871053285e-101,0,0,0,0,0,0,0,0,0,0,0,0,0,0,0,0,0,0,0,0,0,0,0,0,0,0,0,0,0,0,4.663746749710673e-72,0,8.90352e-318,7.903429510080716e-258,0,0,0,0,0,7.699850151417925e-71,1.1391476144380505e-48,0,9.08245795756e-313,7.527625553988815e-190,0,0,0,0,0,4.00692198947967e-46,1.0241278313351633e-103,0,1.012087018455e-311,2.4001983256470576e-187,0,0,0,0,0,7.940530169547817e-104
rs156418,8.870334906592275e-84,0,1.2741130311311e-310,4.614478407450863e-193,3.2589830153906505e-158,0,0,0,0,2.0824777135763257e-83,8.520627839986084e-297,0,0,2.712536999247e-312,2.576227749814046e-168,0,0,0,0,8.294462575623697e-293,2.23e-321,0,0,0,4.094634821219767e-162,0,0,0,0,3.813542824956e-311,9.69955068112779e-67,0,1.8038895694356417e-302,2.247395112237721e-203,1.7783470642891467e-166,0,0,0,0,2.29872910382673e-81,0,0,0,0,0,0,0,0,0,0,0,0,0,0,0,0,0,0,0,0,0,0,0,0,0,0,0,0,0,0,1.987711022354585e-51,0,1.855675310319064e-295,1.1805713955032011e-235,3.664584932690002e-164,0,0,0,0,4.649227884324995e-50,6.590656200055962e-36,0,2.569648849099443e-298,1.5263883607980026e-175,2.466924344123875e-164,0,0,0,0,3.284277261631619e-33,5.778651796822806e-85,0,2.792620636599706e-291,4.7465479386110685e-167,1.8599797423341023e-165,0,0,0,0,6.347491552763977e-85
rs17781408,1.8665347798813496e-83,0,9.949123207489577e-308,1.100864604425836e-193,0,0,0,0,0,2.1784105462676474e-83,0,0,0,0,0,0,0,0,0,0,1.0700457e-316,0,0,2.1e-322,0,0,0,0,0,9.098245811788878e-307,5.795721052167403e-87,0,4e-320,1.522476194890634e-224,0,0,0,0,0,6.8282112943147115e-102,0,0,0,0,0,0,0,0,0,0,0,0,0,0,0,0,0,0,0,0,0,0,0,0,0,0,0,0,0,0,1.7800368990034462e-72,0,6.1667810714e-314,1.1986247362994324e-257,0,0,0,0,0,2.0697595351478594e-71,3.948710142697124e-50,0,5.71322278654604e-310,1.0368283517952208e-190,0,0,0,0,0,9.782046220039032e-48,2.939240159753909e-104,0,5.271100200502301e-308,2.737169165824742e-187,0,0,0,0,0,1.6049960855473607e-104
rs10232205,6.398357460979958e-83,0,2.0626621101740135e-296,9.793210244626424e-189,0,0,0,0,0,2.5766269514284362e-82,0,0,0,0,0,0,0,0,0,0,1.6190646334472656e-284,0,0,8.343348257103148e-286,0,0,0,0,0,4.750058288711606e-274,3.741585077078346e-86,0,1.5617287551983197e-308,2.5506884646104033e-219,0,0,0,0,0,1.5210185240847681e-100,0,0,0,0,0,0,0,0,0,0,0,0,0,0,0,0,0,0,0,0,0,0,0,0,0,0,0,0,0,0,3.976760166784654e-72,0,8.3323939482955e-303,6.949321246945645e-253,0,0,0,0,0,1.595510580844362e-70,2.0246847503744826e-47,0,1.7717163187807673e-296,1.3796463558185526e-183,0,0,0,0,0,1.7306580575510885e-44,2.3115633477228006e-102,0,2.5071647196716788e-295,5.586388345644131e-181,0,0,0,0,0,4.3553604781882726e-102
rs34096175,6.630872415100423e-81,0,1.47042271e-315,4.0178209333141837e-191,0,0,0,0,0,1.3939662971765333e-79,0,0,0,0,0,0,0,0,0,0,5e-323,0,0,0,0,0,0,0,0,7.43582162305e-312,1.4392489953301873e-86,0,0,3.884195269018278e-224,0,0,0,0,0,3.054311797344671e-100,0,0,0,0,0,0,0,0,0,0,0,0,0,0,0,0,0,0,0,0,0,0,0,0,0,0,0,0,0,0,2.7663222567142727e-72,0,5e-324,1.9137230413728108e-257,0,0,0,0,0,5.7939082777455085e-70,1.632950113967424e-48,0,9.8293e-319,4.405007075824658e-189,0,0,0,0,0,7.286606727928636e-45,1.5526575600858114e-102,0,1.1584164e-316,1.48547152861915e-185,0,0,0,0,0,1.5271881470556456e-101
rs798645,1.3674642159556696e-76,0,5.9481695916e-314,3.063317423846777e-176,0,0,0,0,0,4.730053870776648e-74,0,0,0,0,0,0,0,0,0,0,1.11936e-319,0,0,8.442422987e-315,0,0,0,0,0,2.8208064877826425e-307,4.378541917864963e-76,0,2.47e-322,4.3686852570231733e-203,0,0,0,0,0,1.5288872572955765e-88,0,0,0,0,0,0,0,0,0,0,0,0,0,0,0,0,0,0,0,0,0,0,0,0,0,0,0,0,0,0,1.9097540585613665e-64,0,5.39915e-319,4.884384920905873e-239,0,0,0,0,0,6.581347174182455e-61,9.220982598157796e-47,0,1.0887e-319,9.196170626799882e-177,0,0,0,0,0,6.770147489694565e-42,2.241037381119531e-95,0,3.27969871309e-312,7.926726540693937e-168,0,0,0,0,0,3.6268907822681613e-93
rs12700457,2.020127204747599e-80,0,3.215375e-316,1.8633713553182298e-185,0,0,0,0,0,2.807036845500812e-80,0,0,0,0,0,0,0,0,0,0,1.2e-321,0,0,3.7e-322,0,0,0,0,0,1.2146220159527e-311,1.3127753713889635e-83,0,0,5.393321786174228e-216,0,0,0,0,0,1.8414318440501337e-98,0,0,0,0,0,0,0,0,0,0,0,0,0,0,0,0,0,0,0,0,0,0,0,0,0,0,0,0,0,0,4.104759193110024e-70,0,4.4e-323,4.32279650257832e-250,0,0,0,0,0,5.682563834444467e-69,6.184766428907337e-49,0,2.672e-320,2.5397898787974766e-184,0,0,0,0,0,1.8241624432595546e-46,5.826544214738687e-101,0,3.12019283e-316,8.485950395191771e-179,0,0,0,0,0,3.7880500012281156e-101
rs1581498,1.094683331478608e-81,0,2.32354e-318,3.032592957400418e-192,0,0,0,0,0,3.997832913766797e-81,0,0,0,0,0,0,0,0,0,5e-324,2.66776e-319,0,0,0,0,0,0,0,0,7.09801102307502e-309,3.271601909222495e-85,0,0,4.036744705602367e-223,0,0,0,0,0,1.2061252783252044e-99,0,0,0,0,0,0,0,0,0,0,0,0,0,0,0,0,0,0,0,0,0,0,0,0,0,0,0,0,0,0,8.965865759100591e-71,0,0,2.8357912521444734e-256,0,0,0,0,0,3.2622377493170587e-69,2.0694861308038493e-47,0,1.19233e-319,2.5523599690864493e-188,0,0,0,0,0,1.604240459713574e-44,1.7012694078823769e-102,0,1.21493e-318,7.441619394502183e-186,0,0,0,0,0,2.9069963538337707e-102
rs2058159,3.9803713731993806e-82,0,9.053479648e-314,1.9893930025671105e-188,0,0,0,0,0,4.157814459380226e-83,0,0,0,0,0,0,0,0,0,0,1.02465e-318,0,0,1.7243e-320,0,0,0,0,0,7.7977074086619e-310,8.932509868333849e-81,0,2.63e-321,1.9884547437148617e-214,0,0,0,0,0,9.419131247909867e-97,0,0,0,0,0,0,0,0,0,0,0,0,0,0,0,0,0,0,0,0,0,0,0,0,0,0,0,0,0,0,1.3631365557186955e-69,0,2.01517e-318,7.778444654729705e-251,0,0,0,0,0,1.418626664202621e-69,8.79941938517523e-41,0,5.432792706363173e-308,1.957964423395464e-177,0,0,0,0,0,1.9510407446554618e-39,8.39632109312287e-102,0,6.42537457933e-313,6.626051011478575e-181,0,0,0,0,0,4.1036074551504035e-103
rs2109345,5.007489972942735e-83,0,8.94208e-318,1.9851273138715749e-193,0,0,0,0,0,5.812615516830088e-82,0,0,0,0,0,0,0,0,0,0,3.3e-322,0,0,0,0,0,0,0,0,2.7971014949765e-311,2.8387822442476237e-86,0,0,5.012398269265364e-224,0,0,0,0,0,3.32643791001972e-100,0,0,0,0,0,0,0,0,0,0,0,0,0,0,0,0,0,0,0,0,0,0,0,0,0,0,0,0,0,0,6.651220349275112e-72,0,1e-323,3.0104125927852388e-257,0,0,0,0,0,7.692014376814304e-70,3.568272540129738e-49,0,1.72963e-319,6.297672643069663e-190,0,0,0,0,0,8.791851369542892e-46,3.1144992823515097e-102,0,1.87121736e-316,1.9495090532986396e-185,0,0,0,0,0,1.6915116926230892e-101
rs12538567,8.897274432804696e-83,0,4.15548e-318,1.0197438077029191e-193,0,0,0,0,0,7.535889202133772e-82,0,0,0,0,0,0,0,0,0,0,2.8e-322,0,0,0,0,0,0,0,0,1.7406893779644e-311,8.967592424970243e-86,0,0,4.577782624010574e-224,0,0,0,0,0,7.667419274978941e-100,0,0,0,0,0,0,0,0,0,0,0,0,0,0,0,0,0,0,0,0,0,0,0,0,0,0,0,0,0,0,6.591682421120035e-72,0,0,8.625549568785251e-258,0,0,0,0,0,5.5623848866889674e-70,6.278558409502877e-49,0,7.96e-320,3.2036703123316243e-190,0,0,0,0,0,1.1287773026311997e-45,7.405022771851258e-102,0,1.16361284e-316,1.3400753953349334e-185,0,0,0,0,0,2.9345342115569156e-101
rs17740440,1.4749697821255472e-81,0,2.9832343066774046e-301,1.4718911478319578e-161,0,0,0,0,0,5.35200214002711e-82,0,0,0,4.28e-321,0,0,0,0,0,0,3.785799262852203e-298,0,0,1.2719491793259824e-273,0,0,0,0,0,1.000788819092788e-288,2.2392602622081316e-57,0,5.8640708040774415e-286,9.952733107014934e-165,0,0,0,0,0,8.202260560516552e-73,0,0,0,0,0,0,0,0,0,0,0,0,0,0,0,0,0,0,0,0,0,0,0,0,0,0,0,0,0,0,3.873592913543873e-65,0,5.092124607659102e-302,4.4132949931646825e-220,0,0,0,0,0,1.4003428422035901e-64,9.75763459499402e-19,0,5.357053385150529e-274,4.335018034048064e-129,0,0,0,0,0,7.515337991303213e-17,8.623521175347548e-104,0,5.868219531722126e-303,1.3587699984777384e-156,0,0,0,0,0,1.4640403624751667e-104
rs1860530,5.30050789765287e-80,0,1.075417e-317,3.7026105443479073e-190,0,0,0,0,0,5.397924901575908e-79,0,0,0,0,0,0,0,0,0,0,1.570329573e-315,0,0,3.696e-321,0,0,0,0,0,1.1650695953036348e-304,1.1172870016792559e-82,0,0,3.4761660080704027e-220,0,0,0,0,0,1.1486029602220505e-96,0,0,0,0,0,0,0,0,0,0,0,0,0,0,0,0,0,0,0,0,0,0,0,0,0,0,0,0,0,0,1.5246555891461047e-68,0,2e-323,1.2159583721457326e-253,0,0,0,0,0,1.5469217479909443e-66,2.2781436334624562e-46,0,1.25463e-319,7.084764804248749e-187,0,0,0,0,0,4.9244900640323276e-43,1.3560212066972184e-100,0,9.256424e-318,1.4956355302751897e-183,0,0,0,0,0,6.46116890282085e-100
rs2268748,6.933394500853698e-83,0,4.22546833167405e-310,1.6540695420505835e-192,0,0,0,0,0,5.116065089819223e-39,0,0,0,0,0,0,0,0,0,3.9696356809676118e-286,1.823e-321,0,0,0,0,0,0,0,0,9.790624289689367e-268,1.4293196173709396e-62,0,1.1278430935166974e-298,1.5187364699324381e-199,0,0,0,0,0,1.0646707841893153e-33,0,0,0,0,0,0,0,0,0,0,0,0,0,0,0,0,0,0,0,0,0,0,0,0,0,0,0,0,0,0,1.0057744923905083e-71,0,3.9839177e-316,2.7394594711479654e-256,0,0,0,0,0,7.393975540248792e-27,6.384678312310644e-47,0,1.056197516639354e-309,6.781107995864546e-187,0,0,0,0,0,0.9999999565974358,7.145159334875264e-101,0,1.4650698603394738e-307,2.6914636291955182e-183,0,0,0,0,0,2.4668192446969777e-57
rs10264441,4.4883816005568845e-81,0,1.1912947302413156e-307,2.3689002486511255e-193,0,0,0,0,0,4.500650166817223e-80,0,0,0,0,0,0,0,0,0,0,4.6387908e-316,0,0,1e-323,0,0,0,0,0,3.3887690891395315e-305,1.8656727241320737e-84,0,6.4115e-320,4.3856874387322985e-224,0,0,0,0,0,1.8884990833565524e-98,0,0,0,0,0,0,0,0,0,0,0,0,0,0,0,0,0,0,0,0,0,0,0,0,0,0,0,0,0,0,4.372641547872451e-70,0,7.543174031e-314,2.6348584359148288e-257,0,0,0,0,0,4.368341708823375e-68,4.123619712714717e-46,0,2.97088086376613e-308,9.689232890563344e-189,0,0,0,0,0,8.776773718129803e-43,2.92864714719864e-101,0,2.615254593799355e-307,2.4405785745586404e-186,0,0,0,0,0,1.374003356070785e-100
rs439593,1.1276269056854348e-27,0,1.9963995085220944e-254,4.928502098438039e-135,0,0,0,0,0,3.4739468394676535e-31,1.6788864e-317,0,0,0,0,0,0,0,0,2.144645e-317,5.262730629107133e-292,0,0,7.74426604250032e-295,0,0,0,0,0,1.1811922446776907e-285,1.111150600373211e-65,0,2.547096155018482e-301,2.1630554653015873e-200,0,0,0,0,0,3.4556241185345485e-84,0,0,0,0,0,0,0,0,0,0,0,0,0,0,0,0,0,0,0,0,0,0,0,0,0,0,0,0,0,0,6.812642828696291e-48,0,7.839321003229941e-292,3.3995508836022644e-230,0,0,0,0,0,2.0910316280223426e-50,6.3784493079285995e-21,0,3.065309384927739e-283,1.2411332539009543e-158,0,0,0,0,0,4.171033308489497e-22,3.0550959951661623e-83,0,1.8198029390255186e-289,2.1083520059814478e-163,0,0,0,0,0,4.4037013659143625e-87
rs10224604,3.6702225760246387e-81,0,7.423835983904e-312,1.905895135939899e-189,0,0,0,0,0,1.182801082738239e-80,0,0,0,0,0,0,0,0,0,0,9.42922e-318,0,0,1.65e-321,0,0,0,0,0,2.213842799609441e-307,2.15937658274181e-83,0,5.4e-323,4.9943641129003166e-219,0,0,0,0,0,7.024954750850664e-98,0,0,0,0,0,0,0,0,0,0,0,0,0,0,0,0,0,0,0,0,0,0,0,0,0,0,0,0,0,0,3.197305386996472e-69,0,4.203402e-317,1.8956018692001123e-252,0,0,0,0,0,1.02657497535614e-67,2.7975839606919264e-43,0,1.536017902444023e-309,6.467605419656118e-182,0,0,0,0,0,1.9136973328762372e-40,2.2153473496196027e-102,0,1.5076317425e-312,1.8164237591947172e-183,0,0,0,0,0,3.340384051986823e-102
rs11773115,1.3250117341394406e-71,0,3.84990194478603e-310,1.5682700295203705e-172,0,0,0,0,0,2.749647954053259e-73,0,0,0,0,0,0,0,0,0,0,3.167465e-318,0,0,1.262212337e-314,0,0,0,0,0,4.7887346343992e-310,7.9831359769362615e-80,0,0,4.208427596548323e-208,0,0,0,0,0,1.6723482820223758e-96,0,0,0,0,0,0,0,0,0,0,0,0,0,0,0,0,0,0,0,0,0,0,0,0,0,0,0,0,0,0,4.229092137607425e-64,0,7.9866e-320,5.714847886016404e-240,0,0,0,0,0,8.743629745305693e-65,1.4048577781825915e-44,0,1.108e-318,7.402650855355872e-176,0,0,0,0,0,6.188145839567733e-44,3.8511170602601033e-94,0,3.76473265046e-312,7.197084189608854e-168,0,0,0,0,0,3.739205632837547e-96
rs36031806,6.190517347262245e-83,0,3.605726e-318,3.923406904079669e-187,0,0,0,0,0,4.947033237412866e-82,0,0,0,0,0,0,0,0,0,0,7.2e-322,0,0,1.54e-321,0,0,0,0,0,4.212177716546e-311,2.9576020977308467e-84,0,0,8.348748283488155e-216,0,0,0,0,0,2.385906726874147e-98,0,0,0,0,0,0,0,0,0,0,0,0,0,0,0,0,0,0,0,0,0,0,0,0,0,0,0,0,0,0,9.556823864239653e-68,0,3.618e-320,6.915226323795534e-247,0,0,0,0,0,7.60884448927934e-66,7.344038939109483e-48,0,1.161123e-318,2.072168967370288e-182,0,0,0,0,0,1.2457292597742225e-44,9.995592557951956e-104,0,1.958807e-318,1.0002618304691782e-180,0,0,0,0,0,3.737332080870927e-103
rs11770370,4.054641945704384e-82,0,4.377244e-318,2.0688988679940554e-193,0,0,0,0,0,2.231696957631399e-80,0,0,0,0,0,0,0,0,0,1.5e-323,3.88e-321,0,0,0,0,0,0,0,0,1.55574437482898e-309,1.0851412292385288e-85,0,0,2.4661428664484556e-224,0,0,0,0,0,6.029271069808716e-99,0,0,0,0,0,0,0,0,0,0,0,0,0,0,0,0,0,0,0,0,0,0,0,0,0,0,0,0,0,0,3.0041183873444116e-71,0,0,1.75008928599885e-257,0,0,0,0,0,1.6473542429038378e-68,1.689119388819365e-48,0,4.9495e-320,3.8370802977414315e-190,0,0,0,0,0,1.9733943055077434e-44,4.856830962398909e-102,0,1.764082e-317,3.912987730772813e-186,0,0,0,0,0,1.250751295749095e-100
rs7811699,4.4199119949113594e-82,0,7.7725617e-317,2.280830370936499e-192,0,0,0,0,0,5.7874624698406535e-83,8.745e-321,0,0,0,0,0,0,0,0,4.748786e-318,1.73688539e-315,0,0,3.02e-321,0,0,0,0,0,1.6569043361663558e-306,1.4184576234519174e-85,0,0,3.2601752446454593e-223,0,0,0,0,0,1.8749373648295747e-101,0,0,0,0,0,0,0,0,0,0,0,0,0,0,0,0,0,0,0,0,0,0,0,0,0,0,0,0,0,0,4.01552006337022e-71,0,4.4e-323,2.3657975340464574e-256,0,0,0,0,0,5.2384597167095e-71,1.511350361261348e-48,0,7.2143e-319,3.472148624650352e-189,0,0,0,0,0,4.200592289294746e-47,1.957200835260879e-102,0,1.15798627e-316,1.594716552705778e-185,0,0,0,0,0,1.1990718806229595e-103
rs1558308,3.4479149291147796e-83,0,1.5221863e-316,1.7639667496210478e-189,0,0,0,0,0,4.9911679027715555e-83,0,0,0,0,0,0,0,0,0,2.5e-323,6.2e-322,0,0,1e-323,0,0,0,0,0,6.535707364915e-312,3.7152738035398766e-85,0,0,8.465836808171726e-219,0,0,0,0,0,5.429155690283052e-100,0,0,0,0,0,0,0,0,0,0,0,0,0,0,0,0,0,0,0,0,0,0,0,0,0,0,0,0,0,0,2.2103952222302204e-71,0,6.3e-322,1.2911009340157342e-252,0,0,0,0,0,3.187886230656054e-70,7.4529206396394e-50,0,8.9313e-319,1.6975170182801921e-186,0,0,0,0,0,2.290039354456548e-47,2.2645207272065905e-103,0,3.3636055e-316,1.8292745714871225e-182,0,0,0,0,0,1.5337592626010028e-103
rs2091114,1.074714194548283e-80,0,3.84368759e-315,5.493892549543347e-191,0,0,0,0,0,1.8036733262434214e-80,0,0,0,0,0,0,0,0,0,0,2.94903e-319,0,0,0,0,0,0,0,0,3.60574751515405e-309,5.55389059626422e-86,0,0,1.2645316717262281e-223,0,0,0,0,0,9.409315934763083e-101,0,0,0,0,0,0,0,0,0,0,0,0,0,0,0,0,0,0,0,0,0,0,0,0,0,0,0,0,0,0,9.677853670742303e-70,0,2.25e-321,5.648363487437106e-255,0,0,0,0,0,1.6181962554513697e-68,2.478780840708456e-42,0,2.40641435113e-312,5.641298683099393e-183,0,0,0,0,0,8.830267082418145e-40,7.855375483360734e-103,0,9.452344e-317,6.340490697566173e-186,0,0,0,0,0,6.168323000320522e-103
rs6461679,2.970250428084646e-82,0,3.07502684e-315,2.832907201858587e-188,0,0,0,0,0,1.4901270325309327e-81,0,0,0,0,0,0,0,0,0,0,1.5e-322,0,0,5e-324,0,0,0,0,0,5.49580353522e-312,1.5151441802582438e-80,0,2.03e-322,6.436332296782815e-214,0,0,0,0,0,7.673261888943625e-95,0,0,0,0,0,0,0,0,0,0,0,0,0,0,0,0,0,0,0,0,0,0,0,0,0,0,0,0,0,0,2.8219242046745436e-68,0,1.898813e-318,3.0728476977943765e-249,0,0,0,0,0,1.4104666234684326e-66,3.1357354304109047e-50,0,8.81196e-319,1.331473361201348e-186,0,0,0,0,0,3.3391847660328117e-47,3.43866555110488e-103,0,1.19774194e-315,5.1784282561201154e-182,0,0,0,0,0,8.071521808877442e-103
rs17725943,1.3844117719432193e-81,0,1.270331e-317,2.0012708733843504e-193,0,0,0,0,0,5.358758206496968e-80,0,0,0,0,0,0,0,0,0,2e-323,5.736e-321,0,0,0,0,0,0,0,0,1.617613561356455e-309,3.342938891503399e-85,0,0,2.1523566848085895e-224,0,0,0,0,0,1.3062405110262662e-98,0,0,0,0,0,0,0,0,0,0,0,0,0,0,0,0,0,0,0,0,0,0,0,0,0,0,0,0,0,0,9.83655457585449e-71,0,5e-324,1.6234540708012756e-257,0,0,0,0,0,3.793404252913752e-68,8.243816963188069e-48,0,2.05334e-319,5.305456026024319e-190,0,0,0,0,0,6.773264412378247e-44,2.1187571670667748e-101,0,6.541092e-317,4.836047081785685e-186,0,0,0,0,0,3.837207840403534e-100
rs35277459,2.2534742316849595e-82,0,2.7251974e-317,1.486711518082408e-185,0,0,0,0,0,6.224774254699073e-78,0,0,0,0,0,0,0,0,0,0,9.886e-321,0,0,2.19543e-319,0,0,0,0,0,1.989055770758292e-306,1.375058702647187e-82,0,0,4.040550725640238e-213,0,0,0,0,0,3.8343175867292355e-93,0,0,0,0,0,0,0,0,0,0,0,0,0,0,0,0,0,0,0,0,0,0,0,0,0,0,0,0,0,0,7.836721935720167e-70,0,6.2e-322,5.90289361966479e-248,0,0,0,0,0,2.1567146575586198e-64,9.87151134556282e-50,0,3.2406e-320,2.899422777058622e-183,0,0,0,0,0,5.787959317523873e-43,6.789691781699813e-102,0,2.76256737e-316,7.07282502597789e-178,0,0,0,0,0,8.775185991471761e-98
rs11772019,1.5044866006204125e-81,0,1.3243698e-316,6.00976945868242e-177,0,0,0,0,0,2.3497077996618235e-77,0,0,0,0,0,0,0,0,0,1e-323,5.8596e-320,0,0,7.88070482253e-311,0,0,0,0,0,6.667349287693933e-306,1.8970005654421043e-79,0,2e-323,3.375065169120082e-202,0,0,0,0,0,2.990810022920791e-90,0,0,0,0,0,0,0,0,0,0,0,0,0,0,0,0,0,0,0,0,0,0,0,0,0,0,0,0,0,0,7.129514841052147e-69,0,4.08e-321,3.251515847449336e-239,0,0,0,0,0,1.1093606437420453e-63,1.8845505064246935e-49,0,4.503e-320,3.3514369756573323e-175,0,0,0,0,0,6.247469241032863e-43,2.1735507459802222e-103,0,6.437364e-318,1.3709070722086637e-171,0,0,0,0,0,1.588292843105042e-99
rs6461684,3.5372575193964945e-79,0,3.04034271418251e-300,8.411154164876414e-190,0,0,0,0,0,6.462241361351171e-79,1.5e-322,0,0,0,0,0,0,0,0,1.122334e-318,7.489126487921862e-301,0,0,5.995697135896868e-307,0,0,0,0,0,9.967801224939596e-291,2.6630482508697733e-82,0,2.96363891224e-312,2.8204159658737312e-220,0,0,0,0,0,4.911242337648182e-97,0,0,0,0,0,0,0,0,0,0,0,0,0,0,0,0,0,0,0,0,0,0,0,0,0,0,0,0,0,0,4.01865062254795e-67,0,2.2450029525673783e-305,1.0910020704866436e-252,0,0,0,0,0,7.314488976178613e-66,5.209158735173596e-43,0,1.2153479594268052e-299,5.514552729002699e-184,0,0,0,0,0,2.0200164162539212e-40,2.21429767764079e-98,0,6.403381011148198e-299,8.313686883014802e-182,0,0,0,0,0,1.8927260577007924e-98
rs11763760,5.770664004704581e-79,0,7.0006575295e-314,2.430850275358546e-184,0,0,0,0,0,6.545408905307008e-79,0,0,0,0,0,0,0,0,0,0,8.4e-323,0,0,1e-323,0,0,0,0,0,6.7569052542e-313,9.851918510606172e-86,0,0,1.8484105858046372e-218,0,0,0,0,0,1.1280481517872449e-100,0,0,0,0,0,0,0,0,0,0,0,0,0,0,0,0,0,0,0,0,0,0,0,0,0,0,0,0,0,0,8.51563215109278e-70,0,6.7e-322,4.095488625040724e-250,0,0,0,0,0,9.6231029159642455e-69,7.286265540930762e-50,0,2.399e-320,1.3664420043005591e-185,0,0,0,0,0,1.754231076657059e-47,1.469111173200747e-100,0,5.996325264e-315,9.77137831125803e-179,0,0,0,0,0,7.796522146368756e-101
rs17311453,1.7815688723603174e-83,0,7.24457137e-315,6.278835095187383e-193,0,0,0,0,0,1.0195568415408575e-82,0,0,0,0,0,0,0,0,0,0,1.008e-320,0,0,0,0,0,0,0,0,4.20182722910483e-310,4.149072137295754e-87,0,0,6.5128737743720225e-224,0,0,0,0,0,2.3969316253702546e-101,0,0,0,0,0,0,0,0,0,0,0,0,0,0,0,0,0,0,0,0,0,0,0,0,0,0,0,0,0,0,8.646156023751449e-73,0,2.288e-321,3.4790120963978326e-257,0,0,0,0,0,4.929684647296249e-71,1.7473249393466604e-50,0,1.9286836e-317,2.7415989436765916e-190,0,0,0,0,0,2.122527441632879e-47,1.1390552791180552e-104,0,1.55837638e-315,6.338551258783477e-187,0,0,0,0,0,3.049923096724073e-104
rs11767313,6.563074650610804e-80,0,1.895507286e-314,3.568479380614343e-185,0,0,0,0,0,3.1108607095685046e-79,0,0,0,0,0,0,0,0,0,0,5.34e-322,0,0,1e-322,0,0,0,0,0,1.837109934461e-311,5.353847551701165e-84,0,0,1.2965434120444435e-216,0,0,0,0,0,2.561740032579648e-98,0,0,0,0,0,0,0,0,0,0,0,0,0,0,0,0,0,0,0,0,0,0,0,0,0,0,0,0,0,0,8.383399671910001e-70,0,1.576e-321,5.20418142593323e-250,0,0,0,0,0,3.958955642520693e-68,2.8212334749877167e-49,0,2.21173e-319,6.829181628614053e-185,0,0,0,0,0,2.838461846936207e-46,1.5062154851637724e-101,0,1.463601003e-315,1.29309877512173e-179,0,0,0,0,0,3.340377812619754e-101
rs7783756,9.593864679273845e-84,0,2.6971911e-316,2.4827764682759797e-191,0,0,0,0,0,2.6448687227437728e-83,0,0,0,0,0,0,0,0,0,0,1.33e-322,0,0,0,0,0,0,0,0,2.72594946393e-312,6.3251521714481575e-87,0,0,7.290548859406283e-222,0,0,0,0,0,1.7602621203827243e-101,0,0,0,0,0,0,0,0,0,0,0,0,0,0,0,0,0,0,0,0,0,0,0,0,0,0,0,0,0,0,1.4008489074685922e-72,0,2.57e-322,4.138964840991464e-255,0,0,0,0,0,3.8475925124853575e-71,2.6567253807733478e-50,0,2.027413e-318,3.060867177188575e-188,0,0,0,0,0,1.554633451155946e-47,7.280343785752178e-104,0,6.88632477e-316,2.9748472046961086e-184,0,0,0,0,0,9.3906938137095e-104
rs7779633,7.102994061036149e-80,0,1.5749085745729e-310,1.2119525244734695e-190,0,0,0,0,0,2.9089793215173887e-80,0,0,0,0,0,0,0,0,0,0,3.378875468306e-312,0,0,1.941046e-318,0,0,0,0,0,1.008145173348179e-302,2.3234490051832336e-85,0,0,1.76572276258408e-223,0,0,0,0,0,9.605681010568838e-101,0,0,0,0,0,0,0,0,0,0,0,0,0,0,0,0,0,0,0,0,0,0,0,0,0,0,0,0,0,0,5.912753023201358e-71,0,8.5209e-319,1.1518350885879045e-256,0,0,0,0,0,2.4125491184909668e-70,4.6959985339926305e-48,0,2.826305025e-314,3.5671871613473796e-189,0,0,0,0,0,4.082234477085327e-46,4.6431380732124975e-101,0,3.463721546163e-311,1.250905491699338e-184,0,0,0,0,0,8.897050210093419e-102
rs10262258,1.010644276932025e-80,0,1.422922615126987e-308,4.891455487541797e-193,0,0,0,0,0,2.961180260084167e-80,0,0,0,0,0,0,0,0,0,0,2.190246654e-315,0,0,3.5e-323,0,0,0,0,0,4.675319091868339e-305,2.6070885997309806e-84,0,4.753e-321,5.620057899816473e-224,0,0,0,0,0,7.711132184180537e-99,0,0,0,0,0,0,0,0,0,0,0,0,0,0,0,0,0,0,0,0,0,0,0,0,0,0,0,0,0,0,7.68686602968094e-70,0,7.0341735e-315,4.2476185257812175e-257,0,0,0,0,0,2.243897834550683e-68,2.5350827227313346e-45,0,9.68840484734298e-309,5.462427775042998e-188,0,0,0,0,0,1.576628856811076e-42,2.7412652726045026e-101,0,1.298528547569185e-308,2.094882137333929e-186,0,0,0,0,0,3.757966024660825e-101
rs758709,2.8326322483354594e-82,0,1.17243556e-316,1.4082135574165584e-191,0,0,0,0,0,7.086693522172942e-82,0,0,0,0,0,0,0,0,0,0,3.103e-320,0,0,0,0,0,0,0,0,5.6562254203897e-310,1.3581680562151007e-84,0,0,3.0073020636062683e-221,0,0,0,0,0,3.4300685587315858e-99,0,0,0,0,0,0,0,0,0,0,0,0,0,0,0,0,0,0,0,0,0,0,0,0,0,0,0,0,0,0,1.186907763880326e-69,0,3.19e-321,6.736769780101542e-254,0,0,0,0,0,2.958405285028009e-68,4.94076197104007e-49,0,5.551e-319,1.0935182742384682e-188,0,0,0,0,0,2.6237243074519685e-46,9.050730914496867e-104,0,1.2603753e-317,7.1044542799932356e-186,0,0,0,0,0,1.0594302513934353e-103
rs17370052,2.2752603583010768e-83,0,2.253527e-318,1.1499841953691017e-186,0,0,0,0,0,3.3686425946660916e-82,0,0,0,0,0,0,0,0,0,4.13e-321,2.49e-321,0,0,4.235e-320,0,0,0,0,0,2.68450791681673e-310,3.477498668250376e-83,0,0,7.828399101274943e-214,0,0,0,0,0,5.197405966210498e-97,0,0,0,0,0,0,0,0,0,0,0,0,0,0,0,0,0,0,0,0,0,0,0,0,0,0,0,0,0,0,2.614831923024132e-66,0,1.68328e-318,1.5089017401718712e-244,0,0,0,0,0,3.857046340815065e-64,2.5978706983392998e-49,0,6.9846e-320,5.845640329053035e-183,0,0,0,0,0,8.164172609977372e-46,5.277229988449221e-104,0,1.758553e-318,4.211487711214743e-180,0,0,0,0,0,3.65565428448033e-103
rs34967471,2.3352504870304007e-83,0,1.2794616613e-313,7.603761182921622e-194,0,0,0,0,0,1.9626401510550966e-83,3.2564e-320,0,0,0,0,0,0,0,0,1.1347808e-316,1.864849e-317,0,0,2e-323,0,0,0,0,0,1.1418329100562616e-307,9.120796228322547e-87,0,0,1.3227353630467994e-224,0,0,0,0,0,7.738125940363007e-102,0,0,0,0,0,0,0,0,0,0,0,0,0,0,0,0,0,0,0,0,0,0,0,0,0,0,0,0,0,0,2.1144893496277331e-72,0,7.5296e-320,7.8606219247916545e-258,0,0,0,0,0,1.770516395298219e-71,5.701728035101837e-50,0,8.47964137e-316,8.265236455578831e-191,0,0,0,0,0,1.0171488612552207e-47,1.9514852257576076e-103,0,3.59729910766e-313,1.0032958344417293e-186,0,0,0,0,0,7.673751585021944e-104
rs4719720,1.3730174339947538e-80,0,1.0204480924511793e-295,5.621962132017882e-191,0,0,0,0,0,3.5278974025745216e-82,2.986404e-318,0,0,0,0,0,0,0,0,3.1817435e-316,6.905283379267552e-295,0,0,9.51947454247427e-301,0,0,0,0,0,1.292626656448278e-286,7.267491285144003e-85,0,6.993422662931346e-309,1.3253836183004324e-222,0,0,0,0,0,1.8850385979048212e-101,0,0,0,0,0,0,0,0,0,0,0,0,0,0,0,0,0,0,0,0,0,0,0,0,0,0,0,0,0,0,1.6090515174584464e-68,0,7.772587484273881e-301,7.522084762693883e-254,0,0,0,0,0,4.119050219487093e-69,3.664299171125389e-46,0,7.392357691459616e-297,6.679694129285168e-187,0,0,0,0,0,1.9984883930786232e-45,4.31350823181751e-101,0,1.078606353826101e-295,2.78876063810121e-184,0,0,0,0,0,5.185680869840188e-103
rs13225524,1.0690847583998649e-83,0,1.343575781319e-311,2.535033642563309e-191,0,0,0,0,0,4.8843515001514934e-83,0,0,0,0,0,0,0,0,0,3e-323,3.3640934605e-313,0,0,2.6857108e-316,0,0,0,0,0,1.1197331400130802e-302,4.720524040597589e-87,0,1e-323,4.985480449707904e-222,0,0,0,0,0,2.1771122360005716e-101,0,0,0,0,0,0,0,0,0,0,0,0,0,0,0,0,0,0,0,0,0,0,0,0,0,0,0,0,0,0,8.014998242831559e-71,0,6.54687825e-316,2.169858582412865e-253,0,0,0,0,0,3.648257185413084e-69,2.911755502364003e-50,0,9.9330384294e-314,3.073833090826214e-188,0,0,0,0,0,2.8237125765574514e-47,2.1932101385998265e-103,0,9.2735869944596e-311,8.211463724564172e-184,0,0,0,0,0,4.688244766886238e-103
rs1990279,1.05217499981152e-82,0,2.388017e-318,2.8309983053053775e-192,0,0,0,0,0,6.693591495009483e-83,0,0,0,0,0,0,0,0,0,0,9.71e-321,0,0,0,0,0,0,0,0,4.499017981127e-311,3.890162198691176e-86,0,0,4.661917189653019e-223,0,0,0,0,0,2.4982435094451848e-101,0,0,0,0,0,0,0,0,0,0,0,0,0,0,0,0,0,0,0,0,0,0,0,0,0,0,0,0,0,0,9.377039793739168e-72,0,0,2.880539264011586e-256,0,0,0,0,0,5.9432531262882225e-71,2.4110832547238806e-49,0,1.485e-320,2.8881359018333473e-189,0,0,0,0,0,3.2557739467248545e-47,2.4958563611178057e-103,0,1.90584e-318,1.0603273484781018e-185,0,0,0,0,0,7.428926708771602e-104
rs12673983,8.684033430092012e-60,0,1.6023814633417986e-296,3.1071098905451244e-150,0,0,0,0,0,1.050708037404834e-57,0,0,0,9.1e-322,0,0,0,0,0,2.0779e-319,2.0573e-320,0,0,2.478049600026331e-306,0,0,0,0,0,1.813291125791201e-308,1.273997155806779e-58,0,3.0437100241564192e-304,2.0302466368221515e-176,0,0,0,0,0,1.55605469728263e-71,0,0,0,0,0,0,0,0,0,0,0,0,0,0,0,0,0,0,0,0,0,0,0,0,0,0,0,0,0,0,4.511715145183389e-47,0,5.410867521012662e-301,1.843033410447923e-212,0,0,0,0,0,5.438629605943934e-44,5.065262442360569e-44,0,2.53701805e-316,8.068464013215135e-165,0,0,0,0,0,1.3008683003241363e-39,3.171436372337934e-83,0,1.9688739144022912e-299,1.7916776410507952e-146,0,0,0,0,0,1.795361181926371e-81
rs28558701,9.456533925492477e-81,0,2.47505204e-315,1.9807704945912027e-180,0,0,0,0,0,2.1155704248727788e-80,0,0,0,0,0,0,0,0,0,0,1.7e-322,0,0,1.1891463e-317,0,0,0,0,0,2.748278110627e-312,3.756884466680588e-84,0,0,3.5048967396824872e-211,0,0,0,0,0,8.484361694021359e-99,0,0,0,0,0,0,0,0,0,0,0,0,0,0,0,0,0,0,0,0,0,0,0,0,0,0,0,0,0,0,2.4717902760940293e-70,0,4.2e-322,5.9111258008904755e-245,0,0,0,0,0,5.509273899854989e-69,9.644459805032616e-49,0,6.85185e-319,8.993606217384238e-179,0,0,0,0,0,4.579775828927349e-46,1.2946684101631431e-103,0,1.140062e-317,4.281830478237398e-176,0,0,0,0,0,1.3551560676740205e-103
rs7781029,9.289655415200086e-83,0,2.10863124e-315,3.4356872576707997e-193,0,0,0,0,0,6.584516375089943e-82,0,0,0,0,0,0,0,0,0,0,3.79067e-319,0,0,0,0,0,0,0,0,1.9574588313922267e-308,8.984602113432673e-87,0,0,1.4799876209522382e-224,0,0,0,0,0,6.428637819511237e-101,0,0,0,0,0,0,0,0,0,0,0,0,0,0,0,0,0,0,0,0,0,0,0,0,0,0,0,0,0,0,5.676508093527119e-72,0,8.4e-322,2.396909795375048e-257,0,0,0,0,0,4.0086005473646586e-70,7.132490643037412e-47,0,4.39460073e-315,1.1743810031113457e-187,0,0,0,0,0,1.0730903734836855e-43,5.922896529226999e-104,0,4.5232715e-316,3.458731981335147e-187,0,0,0,0,0,1.9642360770024542e-103
rs2109348,6.287404789363979e-82,0,1.71190683e-316,2.263685318799943e-188,0,0,0,0,0,4.146570568797115e-81,0,0,0,0,0,0,0,0,0,0,5.4e-323,0,0,0,0,0,0,0,0,2.63850056182e-312,2.2470080563699834e-81,0,0,3.6032506755684673e-215,0,0,0,0,0,1.4959535253426943e-95,0,0,0,0,0,0,0,0,0,0,0,0,0,0,0,0,0,0,0,0,0,0,0,0,0,0,0,0,0,0,5.821950024382896e-69,0,1.03e-320,2.393147766716211e-250,0,0,0,0,0,3.825369186221771e-67,2.5197995569339333e-50,0,1.862e-320,4.0389122285106147e-187,0,0,0,0,0,3.527397848127863e-47,1.4164144794688408e-101,0,1.297527383e-315,8.051999420571629e-181,0,0,0,0,0,4.370622100953906e-101
rs7805006,1.5293652921682282e-80,0,3.7433732226249347e-299,3.5348998873165e-192,0,0,0,0,0,4.651884637648601e-82,0,0,0,0,0,0,0,0,0,6e-323,3.1607065234852854e-302,0,0,2.45962935768659e-309,0,0,0,0,0,7.004120124684259e-294,2.7243881026544704e-84,0,8.633984506574e-312,2.804659079963961e-223,0,0,0,0,0,8.365319136073945e-101,0,0,0,0,0,0,0,0,0,0,0,0,0,0,0,0,0,0,0,0,0,0,0,0,0,0,0,0,0,0,3.9055114180808623e-69,0,6.213132487830398e-305,1.0306239010643764e-255,0,0,0,0,0,1.1835397832339705e-69,1.2191535204165971e-45,0,8.100045874442498e-300,1.2545213974863906e-187,0,0,0,0,0,7.871308142355166e-45,1.967574029173984e-100,0,1.6203187500758507e-298,7.180682337824212e-185,0,0,0,0,0,2.8001677412453133e-102
rs12670654,1.0358631285168515e-80,0,4.300252692664159e-302,5.152377595768802e-180,0,0,0,1,0,6.929594956653757e-81,0,0,0,0,0,0,0,1,0,0,1.998657135136757e-308,0,0,3.347057809589436e-303,0,0,0,1,0,9.740819165786417e-299,2.9756919303417364e-70,0,1.5994473898873345e-300,6.59232318438725e-197,0,0,0,1,0,2.0095058535594156e-85,0,0,0,0,0,0,0,1,0,0,1,1,1,1,1,0,0,1,0,1,0,0,0,0,0,0,0,1,0,0,1.724448117183474e-67,0,4.652887344264105e-306,9.79291196530758e-242,0,0,0,1,0,1.1493249930594764e-66,2.0755419440913706e-43,0,2.338838844380579e-300,4.5961120750903575e-173,0,0,0,1,0,2.9471877345291596e-41,2.0517734051215288e-103,0,2.8657511458959027e-304,1.611400333700139e-175,0,0,0,1,0,6.421997502880965e-104
rs1981796,6.782776912689786e-80,0,3.2282861e-316,8.837758640984515e-188,0,0,0,0,0,5.860072496293205e-79,0,0,0,0,0,0,0,0,0,0,2.7988e-319,0,0,1.24e-322,0,0,0,0,0,1.7616311230493623e-308,4.301290352689408e-83,0,0,2.496195397508814e-218,0,0,0,0,0,3.751371272140209e-97,0,0,0,0,0,0,0,0,0,0,0,0,0,0,0,0,0,0,0,0,0,0,0,0,0,0,0,0,0,0,3.789407801025519e-68,0,1.17e-321,5.637185911850067e-251,0,0,0,0,0,3.2617753266032367e-66,8.163533425133554e-46,0,1.054678e-317,4.735507909975103e-184,0,0,0,0,0,1.497078046967918e-42,1.447935452374357e-100,0,2.31862844e-316,2.978876854111375e-181,0,0,0,0,0,5.853018783979709e-100
rs17147339,9.307681745960591e-83,0,3.443085e-317,4.2596329881039967e-191,0,0,0,0,0,4.246870799185248e-83,0,0,0,0,0,0,0,0,0,0,1.04222101e-315,0,0,1.60586e-319,0,0,0,0,0,3.464487939891413e-306,3.0432541872907997e-86,0,0,6.203175941379398e-222,0,0,0,0,0,1.4017210154282737e-101,0,0,0,0,0,0,0,0,0,0,0,0,0,0,0,0,0,0,0,0,0,0,0,0,0,0,0,0,0,0,8.411695814925629e-72,0,2e-323,4.395118867963819e-255,0,0,0,0,0,3.823827795008273e-71,3.119268962252101e-49,0,3.13213e-319,6.355317732735071e-188,0,0,0,0,0,3.0210030142337996e-47,1.6459056791901001e-103,0,2.0484653e-317,1.1893353977820357e-184,0,0,0,0,0,3.513724670149026e-104
rs4557595,2.0534893299179438e-83,0,3.82948553e-316,3.530624101972081e-190,0,0,0,0,0,9.1457451382728e-83,0,0,0,0,0,0,0,0,0,0,3.66e-322,0,0,0,0,0,0,0,0,1.181772482897e-311,8.56655744202217e-84,0,0,6.560101771088334e-218,0,0,0,0,0,3.851490299296653e-98,0,0,0,0,0,0,0,0,0,0,0,0,0,0,0,0,0,0,0,0,0,0,0,0,0,0,0,0,0,0,1.970457136538269e-70,0,2.3883e-320,3.867964082341711e-252,0,0,0,0,0,8.743410708228093e-69,1.747578965849016e-50,0,8.8463e-319,1.3376719717539984e-187,0,0,0,0,0,1.6520921370004454e-47,1.0315111637637513e-103,0,6.47201317e-316,2.800281609223636e-183,0,0,0,0,0,2.1494920210732102e-103
rs10242247,1.486924621611334e-82,0,1.6689678683e-313,2.7055038222541076e-193,0,0,0,0,0,6.707278737747467e-79,0,0,0,0,0,0,0,0,0,0,2.39e-321,0,0,0,0,0,0,0,0,7.865634543398125e-308,1.5502451260031359e-86,0,0,1.256333059480342e-224,0,0,0,0,0,7.059169489006591e-98,0,0,0,0,0,0,0,0,0,0,0,0,0,0,0,0,0,0,0,0,0,0,0,0,0,0,0,0,0,0,2.023520566793165e-71,0,1.4762e-319,4.203617886286551e-257,0,0,0,0,0,9.093943836343242e-67,1.1960115337695636e-49,0,3.643943e-316,9.688317309034402e-191,0,0,0,0,0,1.145153173397311e-43,2.0481959252404963e-103,0,7.7347805616e-314,5.884362800329161e-187,0,0,0,0,0,4.3227902206335887e-100
rs7791514,1.444915644301373e-81,0,2.8309235e-317,2.8823511574294706e-193,0,0,0,0,0,1.7786417257279993e-80,0,0,0,0,0,0,0,0,0,0,2.26e-321,0,0,0,0,0,0,0,0,2.0262853148531e-310,3.595031081840029e-85,0,0,3.1941275942977603e-224,0,0,0,0,0,4.467293283095947e-99,0,0,0,0,0,0,0,0,0,0,0,0,0,0,0,0,0,0,0,0,0,0,0,0,0,0,0,0,0,0,4.0858016541082264e-71,0,5e-324,9.305465129358962e-258,0,0,0,0,0,5.010839656358441e-69,6.62105221555065e-48,0,3.5212e-319,5.880106567078443e-190,0,0,0,0,0,1.7299908536800016e-44,3.372824147498729e-101,0,2.22329363e-316,1.0623480857941637e-185,0,0,0,0,0,1.9425622378352547e-100
rs4722198,2.694586366037819e-82,0,2.9843704682e-313,2.1455421340213284e-190,0,0,0,0,0,6.231895968333322e-82,0,0,0,0,0,0,0,0,0,0,3.5e-323,0,0,0,0,0,0,0,0,5.98039256955e-313,1.906931722044397e-78,0,2.73455e-318,6.762780589165944e-214,0,0,0,0,0,4.452040053742352e-93,0,0,0,0,0,0,0,0,0,0,0,0,0,0,0,0,0,0,0,0,0,0,0,0,0,0,0,0,0,0,1.978399658035072e-66,0,1.424149092e-314,1.79852043770553e-249,0,0,0,0,0,4.5585776610034276e-65,2.220518181882838e-50,0,6.6756282e-317,7.871419542370524e-189,0,0,0,0,0,1.0900670984725339e-47,2.42377286513006e-103,0,9.031710774e-314,3.047232581630214e-184,0,0,0,0,0,2.622740160633578e-103
rs13242451,1.1258185857957122e-80,0,3.407566161607e-312,6.050166173273205e-187,0,0,0,0,0,1.191029824546606e-80,0,0,0,0,0,0,0,0,0,0,1.7116944634e-313,0,0,3.09702522e-315,0,0,0,0,0,1.3192654095859453e-303,6.5561007034359e-86,0,0,1.5692412634373552e-219,0,0,0,0,0,7.001573807307851e-101,0,0,0,0,0,0,0,0,0,0,0,0,0,0,0,0,0,0,0,0,0,0,0,0,0,0,0,0,0,0,2.7713945705714166e-72,0,5.45e-321,1.700410039209898e-253,0,0,0,0,0,2.9210556260595144e-71,1.113544433849422e-49,0,9.1487257e-317,2.6641595370794184e-186,0,0,0,0,0,2.5005329704629655e-47,6.723194860442018e-102,0,6.84650702794e-313,5.70483821131634e-181,0,0,0,0,0,3.3278610293129245e-102
rs3891325,3.2428060006097204e-83,0,1.331000289e-313,1.568798018223264e-188,0,0,0,0,0,9.50997505271539e-83,2.66697e-319,0,0,0,0,0,0,0,0,3.24304298e-315,1.727083435e-313,0,0,2.813059962e-314,0,0,0,0,0,3.689975098497854e-303,4.158234490865512e-84,0,2e-323,8.959840013333156e-217,0,0,0,0,0,1.2310146426218062e-98,0,0,0,0,0,0,0,0,0,0,0,0,0,0,0,0,0,0,0,0,0,0,0,0,0,0,0,0,0,0,1.793943221552383e-67,0,4.78571331e-315,9.908574224720895e-248,0,0,0,0,0,5.241484984247418e-66,2.177218675260854e-50,0,2.4256962e-316,4.689233969623414e-186,0,0,0,0,0,1.355286997098008e-47,6.75791316990738e-104,0,9.332269368e-314,5.1621119167334014e-182,0,0,0,0,0,9.272701457660761e-104
rs2270104,4.698962147846484e-82,0,4.696504e-318,1.5969509583741298e-191,0,0,0,0,0,4.361249947556134e-83,0,0,0,0,0,0,0,0,0,0,8.74131e-317,0,0,1e-321,0,0,0,0,0,5.910677443356689e-308,2.8104971584632127e-85,0,0,4.2542009263239193e-222,0,0,0,0,0,2.6332252681232094e-101,0,0,0,0,0,0,0,0,0,0,0,0,0,0,0,0,0,0,0,0,0,0,0,0,0,0,0,0,0,0,4.11294685324954e-71,0,5e-324,1.595875986687584e-255,0,0,0,0,0,3.803201810371678e-71,2.0602834541724283e-48,0,5.5894e-320,3.117241110034133e-188,0,0,0,0,0,4.05888565279793e-47,1.1150754191953637e-102,0,3.74968e-318,5.983600910816687e-185,0,0,0,0,0,4.842264779786182e-104
rs10488076,6.809967112196719e-83,0,2.11619675e-316,8.814995156129126e-184,0,0,0,0,0,4.774194033077501e-83,0,0,0,0,0,0,0,0,0,0,1.0114e-320,0,0,4.4083956e-317,0,0,0,0,0,5.1664310215e-311,4.759636635853137e-84,0,0,2.744075628796907e-212,0,0,0,0,0,3.368407941004598e-99,0,0,0,0,0,0,0,0,0,0,0,0,0,0,0,0,0,0,0,0,0,0,0,0,0,0,0,0,0,0,4.2838134937354666e-69,0,8.652e-320,6.3308792091274895e-245,0,0,0,0,0,2.9920775695874042e-68,7.346880945809205e-46,0,6.19713867e-315,4.233834263363757e-177,0,0,0,0,0,1.0932736086592164e-43,1.0924150034795528e-103,0,1.14213165e-316,2.232715895091964e-177,0,0,0,0,0,3.583257081142082e-104
rs4719723,7.363323772116596e-84,0,1.1729012895e-314,2.8565403174525302e-192,0,0,0,0,0,3.4972751612591654e-83,0,0,0,0,0,0,0,0,0,0,4.5851866e-317,0,0,5.99e-321,0,0,0,0,0,1.586589767998132e-306,3.5815937386178186e-87,0,0,6.1885370813776956e-223,0,0,0,0,0,1.717228394792998e-101,0,0,0,0,0,0,0,0,0,0,0,0,0,0,0,0,0,0,0,0,0,0,0,0,0,0,0,0,0,0,1.7774876556833924e-71,0,1.84025e-319,7.872804439234083e-255,0,0,0,0,0,8.411040851778133e-70,2.0651868861341792e-50,0,8.9294376e-317,3.566806973214018e-189,0,0,0,0,0,2.0820256514659325e-47,3.5921651109395995e-104,0,1.925135638e-314,2.2003486232360055e-185,0,0,0,0,0,7.98265678420535e-104
rs10229685,9.402446020036485e-84,0,1.9432134464e-314,5.574293287128526e-192,0,0,0,0,0,4.432792502586744e-83,0,0,0,0,0,0,0,0,0,0,1.49140173e-316,0,0,2.9767e-320,0,0,0,0,0,5.12251104834797e-306,4.725936623888036e-87,0,0,1.2479065783631312e-222,0,0,0,0,0,2.249159630361618e-101,0,0,0,0,0,0,0,0,0,0,0,0,0,0,0,0,0,0,0,0,0,0,0,0,0,0,0,0,0,0,4.056249571283578e-71,0,5.4486e-319,2.7455543418449745e-254,0,0,0,0,0,1.9052346217671808e-69,2.676993121323643e-50,0,1.5017723e-316,7.065615645043366e-189,0,0,0,0,0,2.67888839060561e-47,5.812786192861591e-104,0,4.0418620224e-314,5.441292342817938e-185,0,0,0,0,0,1.2822011534399042e-103
rs2270101,1.3202087992441108e-83,0,2.40373723e-315,1.899462146751365e-188,0,0,0,0,0,3.0381618317075426e-83,1.91148154e-316,0,0,0,0,0,0,0,0,1.823957430516e-312,3.753428e-317,0,0,1.8181754e-317,0,0,0,0,0,6.292860173939685e-307,1.5276908770060754e-84,0,0,9.789685044607013e-217,0,0,0,0,0,3.5489476914081175e-99,0,0,0,0,0,0,0,0,0,0,0,0,0,0,0,0,0,0,0,0,0,0,0,0,0,0,0,0,0,0,1.4164296168779668e-68,0,1.676178e-317,2.3266948508684006e-248,0,0,0,0,0,3.247510188642625e-67,3.2587445900206633e-50,0,1.6105414e-317,2.0873348824251252e-185,0,0,0,0,0,1.5918033512030698e-47,2.2511581960606695e-104,0,1.379011406e-315,5.114024214643288e-182,0,0,0,0,0,2.4238712987698322e-104
rs10268645,2.320881924819383e-82,0,5.04293001467e-313,9.181106467601973e-191,0,0,0,0,0,7.476594890378594e-82,0,0,0,0,0,0,0,0,0,0,6.4e-323,0,0,0,0,0,0,0,0,1.45276312077e-312,5.347264088884448e-80,0,1.5044e-319,9.421473380212009e-216,0,0,0,0,0,1.738914662699822e-94,0,0,0,0,0,0,0,0,0,0,0,0,0,0,0,0,0,0,0,0,0,0,0,0,0,0,0,0,0,0,6.802626916035829e-67,0,9.60699028e-315,3.0723807830030137e-250,0,0,0,0,0,2.1833064576977782e-65,3.1688000619325673e-50,0,1.8689682e-316,5.580724748327067e-189,0,0,0,0,0,2.1667881527721004e-47,1.4375714790031678e-103,0,1.0509373318e-313,8.9792522033444e-185,0,0,0,0,0,2.1667834599532139e-103
rs798646,1.4203427902301138e-75,0,1.00476553040635e-310,2.6110117820488874e-185,0,0,0,0,0,2.667919135518156e-78,0,0,0,0,0,0,0,0,0,0,7.0409895e-316,0,0,4.36e-321,0,0,0,0,0,9.63529230844328e-309,3.865228678672001e-80,0,5e-324,3.164725658587705e-217,0,0,0,0,0,7.329097797044797e-98,0,0,0,0,0,0,0,0,0,0,0,0,0,0,0,0,0,0,0,0,0,0,0,0,0,0,0,0,0,0,1.971634790402898e-65,0,9.06523e-318,4.138076763672332e-250,0,0,0,0,0,3.6897182692282607e-67,1.3345861836579539e-44,0,2.562685803e-315,1.0922349581050454e-184,0,0,0,0,0,5.3210449354106916e-45,1.3291427990026448e-92,0,3.163447824996239e-307,3.8579451403987587e-175,0,0,0,0,0,1.1681171336125321e-95
rs13236851,5.528813716067523e-58,0,3.073249493907862e-297,1.1085067794743008e-135,0,0,0,0,0,7.426834721639366e-55,1.5e-323,0,0,2.0360818720097224e-307,0,0,0,0,0,9.2430537e-317,2.71985e-318,0,0,1.8359931837551666e-291,0,0,0,0,0,2.661758014489241e-305,5.92275656454278e-51,0,4.262654513393927e-299,5.289023460973005e-156,0,0,0,0,0,8.031404826114069e-63,0,0,0,0,0,0,0,0,0,0,0,0,0,0,0,0,0,0,0,0,0,0,0,0,0,0,0,0,0,0,7.000940665713561e-43,0,2.5293158270884486e-299,1.602578096262428e-195,0,0,0,0,0,9.369478986606412e-39,1.948462604495621e-44,0,2.93994e-319,1.739210940896784e-152,0,0,0,0,0,5.555647570950281e-39,5.60870401120986e-79,0,1.0489284372788225e-297,1.7755694427015734e-129,0,0,0,0,0,3.525084920732094e-76
rs7788668,4.9512464100587154e-83,0,2.38571e-318,4.235868007957158e-187,0,0,0,0,0,1.7897953718225333e-81,5e-324,0,0,0,0,0,0,0,0,3.85104e-319,5.163e-321,0,0,1.4876e-320,0,0,0,0,0,1.35997521861907e-309,6.890292738668358e-83,0,0,2.6254924054861103e-214,0,0,0,0,0,2.5143304009925115e-96,0,0,0,0,0,0,0,0,0,0,0,0,0,0,0,0,0,0,0,0,0,0,0,0,0,0,0,0,0,0,9.051015604677455e-66,0,2.83453e-318,8.840597157892744e-245,0,0,0,0,0,3.259668207258232e-63,6.586909149847869e-49,0,8.615e-320,2.5087843926921445e-183,0,0,0,0,0,5.054070838514607e-45,1.7054682750107517e-103,0,2.7648e-318,2.303776097097449e-180,0,0,0,0,0,2.884481419494903e-102
rs7779210,7.759933412925327e-84,0,1.475072980896e-312,2.290341505757221e-193,0,0,0,0,0,1.9539616061421004e-83,0,0,0,0,0,0,0,0,0,1.01e-321,6.34825803e-316,0,0,6.31e-321,0,0,0,0,0,1.1645665436723177e-305,2.2593176794943215e-87,0,0,2.9700568627945307e-224,0,0,0,0,0,5.7428988187893975e-102,0,0,0,0,0,0,0,0,0,0,0,0,0,0,0,0,0,0,0,0,0,0,0,0,0,0,0,0,0,0,1.7283660442306647e-72,0,2.135367e-318,5.824174570761377e-257,0,0,0,0,0,4.335917393639498e-71,1.7917444619113453e-50,0,9.2450394e-315,2.3543558611946027e-190,0,0,0,0,0,9.57645810703552e-48,1.4820527983049343e-104,0,9.4784356468e-313,6.906764833811188e-187,0,0,0,0,0,1.7460511716403924e-104
rs7779799,3.310542724696905e-82,0,1.078457e-316,4.9303091098527646e-189,0,0,0,0,0,8.978253550924996e-82,0,0,0,0,0,0,0,0,0,0,6.8e-322,0,0,5e-324,0,0,0,0,0,1.3434005786905e-311,1.2004582752614327e-80,0,5e-324,7.962826181882998e-215,0,0,0,0,0,3.286514640675549e-95,0,0,0,0,0,0,0,0,0,0,0,0,0,0,0,0,0,0,0,0,0,0,0,0,0,0,0,0,0,0,8.378374891559424e-68,0,1.77394e-319,1.4245941282799356e-249,0,0,0,0,0,2.2638085753275612e-66,1.6860263087946987e-50,0,1.491e-320,1.1178745941314242e-187,0,0,0,0,0,9.705721538051355e-48,1.3541808776833237e-102,0,1.4842183e-316,3.184346896990518e-182,0,0,0,0,0,1.718322220388201e-102
rs10256620,6.917061133628755e-84,0,9.9336767e-316,1.1904061685252173e-192,0,0,0,0,0,1.7854522920761287e-83,0,0,0,0,0,0,0,0,0,0,5.3e-322,0,0,0,0,0,0,0,0,9.937467152113e-312,2.1921505581920993e-87,0,0,1.6803089770101308e-223,0,0,0,0,0,5.7120611395611656e-102,0,0,0,0,0,0,0,0,0,0,0,0,0,0,0,0,0,0,0,0,0,0,0,0,0,0,0,0,0,0,7.083093402757914e-73,0,6.6e-322,1.3917234111447104e-256,0,0,0,0,0,1.821532178475104e-71,1.819685486274128e-50,0,7.093523e-318,1.3941954893658784e-189,0,0,0,0,0,9.969968322424489e-48,4.0570207142228136e-104,0,1.96025743e-315,1.1024261956506416e-185,0,0,0,0,0,4.8996958481030236e-104
rs35928055,1.3880627462719243e-83,0,2.392368175e-313,7.631270064638015e-193,0,0,0,0,0,2.504573586330226e-83,0,0,0,0,0,0,0,0,0,0,4.9310870694e-314,0,0,9.12747e-319,0,0,0,0,0,6.482149985784452e-304,4.049950442754605e-87,0,0,9.917053318464583e-224,0,0,0,0,0,7.376837883786315e-102,0,0,0,0,0,0,0,0,0,0,0,0,0,0,0,0,0,0,0,0,0,0,0,0,0,0,0,0,0,0,8.824490002053143e-73,0,9.8853e-320,5.539030410747976e-257,0,0,0,0,0,1.5863592885299372e-71,7.534783888295191e-48,0,3.5250631406e-313,1.8442182382712882e-187,0,0,0,0,0,2.88580053222663e-45,2.6142064951781633e-104,0,1.5159200044e-313,2.269323228747843e-186,0,0,0,0,0,2.2069873681735017e-104
rs34518648,7.166903145326395e-84,0,2.0886174966e-314,1.2234118919418946e-192,0,0,0,0,0,2.299396344822597e-83,0,0,0,0,0,0,0,0,0,0,1.81284413e-315,0,0,1.0419e-319,0,0,0,0,0,4.2373513236000605e-305,6.4997184362788e-87,0,0,4.941751701740458e-223,0,0,0,0,0,2.1050997403355808e-101,0,0,0,0,0,0,0,0,0,0,0,0,0,0,0,0,0,0,0,0,0,0,0,0,0,0,0,0,0,0,6.18711159786586e-73,0,1.172e-320,1.2058284361197145e-256,0,0,0,0,0,1.977686703256764e-71,1.645601837805921e-48,0,1.301755203e-314,1.2506037122648914e-187,0,0,0,0,0,1.1206703352604082e-45,1.2751231270886588e-104,0,1.250250324e-314,3.4368614872973994e-186,0,0,0,0,0,1.914122306625972e-104
rs13240940,4.768436381288507e-83,0,4.593407e-318,9.919232485142242e-189,0,0,0,0,0,9.232989942750661e-82,0,0,0,0,0,0,0,0,0,5e-324,6.67e-322,0,0,4.4e-323,0,0,0,0,0,9.4024417693983e-311,2.4541163905710234e-84,0,0,2.2737486124005236e-217,0,0,0,0,0,4.7968634790434776e-98,0,0,0,0,0,0,0,0,0,0,0,0,0,0,0,0,0,0,0,0,0,0,0,0,0,0,0,0,0,0,3.2658531433125185e-68,0,2.045e-320,7.756309631016847e-249,0,0,0,0,0,6.300140927594325e-66,6.179425886851303e-49,0,1.6158e-319,5.72273969332951e-185,0,0,0,0,0,2.5397168986189125e-45,1.2515985990665345e-103,0,4.056407e-318,4.1108903162113224e-182,0,0,0,0,0,1.133878964755144e-102
rs4722266,2.8598469222361956e-76,0,6.2294564577585e-311,2.7417050128807486e-167,0,0,0,0,0,1.048766190657765e-74,0,0,0,0,0,0,0,0,0,0,4.4e-323,0,0,1.396516077818555e-309,0,0,0,0,0,1.155941864131e-311,3.5720776244238485e-75,0,1.00744e-318,1.5252605621935312e-193,0,0,0,0,0,1.3223688538768377e-88,0,0,0,0,0,0,0,0,0,0,0,0,0,0,0,0,0,0,0,0,0,0,0,0,0,0,0,0,0,0,3.04814815801806e-64,0,4.31543165e-316,3.3363409083700315e-230,0,0,0,0,0,1.1136768863767057e-61,5.339372951383276e-50,0,3.157e-320,2.2788827616027605e-171,0,0,0,0,0,4.1562049872908375e-46,1.5905357160184358e-99,0,1.16565027264e-313,2.4076320113975212e-163,0,0,0,0,0,2.729069383421957e-98
rs12112291,6.933660736862152e-84,0,1.6119185933125733e-298,9.805884079814081e-194,0,0,0,0,0,2.848965538735505e-83,3.5832405616815035e-289,0,0,3.1011416634169e-305,0,0,0,0,0,6.104876516052805e-285,3e-323,0,0,0,0,0,0,0,0,8.36819778497e-313,6.767739551143108e-69,0,2.037110299339552e-292,4.2629772856964633e-206,0,0,0,0,0,2.807140033727502e-83,0,0,0,0,0,0,0,0,0,0,0,0,0,0,0,0,0,0,0,0,0,0,0,0,0,0,0,0,0,0,8.46118926386511e-57,0,1.278476442195507e-288,1.3661927810853447e-241,0,0,0,0,0,3.463723854886804e-55,4.0540916470660516e-39,0,2.558298764881288e-289,2.552533888896956e-179,0,0,0,0,0,3.535810501942245e-36,4.423198239965145e-95,0,3.4596677865283393e-289,9.877096929080617e-178,0,0,0,0,0,8.503471740234791e-95
rs169278,2.555249681527858e-81,0,2.39877605677572e-309,2.8246782945461043e-183,0,0,0,0,0,5.439011346090977e-80,0,0,0,0,0,0,0,0,0,0,3.94545473e-315,0,0,1.468426865054e-312,0,0,0,0,0,6.11836516621885e-304,3.378960028956649e-72,0,4.107048271990305e-309,1.663657486934525e-201,0,0,0,0,0,7.26048293555787e-86,0,0,0,0,0,0,0,0,0,0,1.5253748739342134e-266,3.501479407573853e-265,3.449382447248543e-273,3.3900564489449756e-269,5.25557162649756e-265,0,0,0,0,4.853530182329318e-265,0,0,0,0,0,0,0,0,0,0,3.481690592515588e-70,0,2.124356206e-315,4.394224421669667e-247,0,0,0,0,0,7.3835299150438675e-68,5.0384206583768354e-45,0,1.28389045004919e-308,2.4796127534223643e-177,0,0,0,0,0,2.276417192979624e-41,1.2902813641839673e-100,0,4.0752876076843267e-308,2.2521059561890255e-175,0,0,0,0,0,1.285009407508746e-99
rs17147348,1.006176422141696e-83,0,1.264719e-317,1.727327877881039e-193,0,0,0,0,0,2.53263062735739e-83,0,0,0,0,0,0,0,0,0,0,1.7e-322,0,0,0,0,0,0,0,0,3.067074291596e-312,2.7477285225947383e-87,0,0,2.1009691844069984e-224,0,0,0,0,0,6.981799502407673e-102,0,0,0,0,0,0,0,0,0,0,0,0,0,0,0,0,0,0,0,0,0,0,0,0,0,0,0,0,0,0,1.198622222778913e-72,0,1e-323,2.3493048805589437e-257,0,0,0,0,0,3.0058498765632895e-71,3.2685288528957745e-50,0,1.1152e-319,2.4980823828286514e-190,0,0,0,0,0,1.7463080357767717e-47,1.4471421908201935e-104,0,6.11996e-318,3.922659359569882e-187,0,0,0,0,0,1.7042927014696495e-104
rs274017,4.287808367868126e-80,0,1.4774212453839945e-298,2.843290472704478e-185,0,0,0,0,0,8.06120239313569e-81,0,0,0,0,0,0,0,0,0,0,1.581816769278366e-305,0,0,3.531519790050019e-306,0,0,0,0,0,2.1665680775754372e-296,3.2932988810090226e-74,0,1.4692324423665845e-301,9.726626142675755e-207,0,0,0,0,0,6.250164343746223e-90,0,0,0,0,0,0,0,0,0,0,2.6147276823e-313,1.4788280343e-314,2.17022036956026e-310,3.48583e-319,2.172972484e-314,0,0,0,0,7.3482757776e-314,0,0,0,0,0,0,0,0,0,0,7.041439913240271e-69,0,1.5769257805861044e-304,5.330939446716468e-249,0,0,0,0,0,1.3189039779899939e-68,1.192061259812631e-43,0,1.1149226252068546e-297,3.519153610464994e-179,0,0,0,0,0,4.7570075757294255e-42,5.681155321713843e-99,0,6.586021014012218e-297,5.9482781677437135e-177,0,0,0,0,0,4.997311036496455e-100
rs4644138,4.328101766404209e-82,0,3.09367464486e-313,3.1664477473137116e-193,0,0,0,0,0,1.763397983563335e-81,0,0,0,0,0,0,0,0,0,0,1.636963e-317,0,0,5e-324,0,0,0,0,0,4.858961706350559e-307,3.568913981147391e-86,0,0,1.162936916532966e-224,0,0,0,0,0,1.4678605189216782e-100,0,0,0,0,0,0,0,0,0,0,0,0,0,0,0,0,0,0,0,0,0,0,0,0,0,0,0,0,0,0,1.5934897666614897e-71,0,7.403e-320,1.331007645753627e-257,0,0,0,0,0,6.468288731339546e-70,1.9356832416329437e-45,0,3.75568056127e-312,6.304678419719518e-187,0,0,0,0,0,1.6740097275150553e-42,2.2493770901939536e-103,0,5.4094974256e-314,2.59839920125281e-187,0,0,0,0,0,4.287956827747297e-103
rs4722196,3.7197032503663374e-80,0,1.8054475495128505e-303,7.730786962617205e-192,0,0,0,0,0,8.308052876482606e-82,0,0,0,0,0,0,0,0,0,0,2.616510796e-315,0,0,1.83e-322,0,0,0,0,0,4.257603318751262e-307,1.7518934370817676e-79,0,1.100967903358e-311,1.6216917658177146e-218,0,0,0,0,0,3.949976175042435e-96,0,0,0,0,0,0,0,0,0,0,0,0,0,0,0,0,0,0,0,0,0,0,0,0,0,0,0,0,0,0,2.456501174371671e-66,0,7.749512110522399e-307,5.828929423576389e-253,0,0,0,0,0,5.466321570764632e-67,2.024824059575309e-46,0,2.6677249867581284e-305,1.8735120532514595e-188,0,0,0,0,0,9.599509912745816e-46,2.3691188316930946e-101,0,3.868841194819405e-304,7.774473736818809e-186,0,0,0,0,0,2.475785773638673e-103
rs35875486,3.9398863848236433e-81,0,1.043942517963e-312,3.0135957057338528e-189,0,0,0,0,0,5.5027671381109915e-81,0,0,0,0,0,0,0,0,0,0,2.86368077e-316,0,0,7.375e-320,0,0,0,0,0,2.913893981498215e-306,4.569792848852684e-86,0,0,1.5568365478137385e-221,0,0,0,0,0,6.443024507817923e-101,0,0,0,0,0,0,0,0,0,0,0,0,0,0,0,0,0,0,0,0,0,0,0,0,0,0,0,0,0,0,5.010257192417293e-72,0,8.626e-321,4.375399570086584e-255,0,0,0,0,0,6.971796465678864e-71,1.1641892259784297e-49,0,8.3732423e-317,3.964410826141581e-188,0,0,0,0,0,3.4513724154532757e-47,1.3696086889888334e-102,0,1.22097526827e-313,1.6541181891115648e-183,0,0,0,0,0,8.950127041903683e-103
rs10226018,8.196586408833221e-80,0,1.4334327e-317,2.556069825217044e-191,0,0,0,0,0,1.5672166772605716e-81,0,0,0,0,0,0,0,0,0,0,4.3182e-319,0,0,0,0,0,0,0,0,6.015175811936e-311,5.295829836604319e-83,0,0,7.355613961876533e-222,0,0,0,0,0,1.0221764657610744e-99,0,0,0,0,0,0,0,0,0,0,0,0,0,0,0,0,0,0,0,0,0,0,0,0,0,0,0,0,0,0,6.228054687429713e-69,0,5e-324,2.217422851005549e-255,0,0,0,0,0,1.186412416192139e-69,3.4107106266290495e-44,0,1.619073e-317,4.735200291429224e-186,0,0,0,0,0,1.3842409993243415e-43,1.1330965351380946e-100,0,6.66697e-318,5.579243908741813e-185,0,0,0,0,0,1.0136737376381779e-102
rs2286494,7.72064300183247e-83,0,2.52625488696e-313,3.818464395119098e-192,0,0,0,0,0,1.663138941002298e-82,0,0,0,0,0,0,0,0,0,0,8.3e-322,0,0,0,0,0,0,0,0,1.3042118707364e-311,9.013984339455548e-83,0,3.8e-322,1.9856252542330342e-219,0,0,0,0,0,1.9601427151277907e-97,0,0,0,0,0,0,0,0,0,0,0,0,0,0,0,0,0,0,0,0,0,0,0,0,0,0,0,0,0,0,6.825257308037041e-69,0,1.4515217e-316,3.8539911423105423e-253,0,0,0,0,0,1.4648101222636534e-67,2.2316547070986725e-49,0,1.982110567e-315,4.9137839877715275e-189,0,0,0,0,0,1.0204056890327074e-46,1.157008308076217e-103,0,1.27373079666e-313,9.0352567061981e-186,0,0,0,0,0,1.1661295453583504e-103
rs1001028,9.921690765389452e-84,0,4.883483e-318,2.1871094868142836e-184,0,0,0,0,0,2.6462105509121684e-83,0,0,0,0,0,0,0,0,0,0,9.4e-323,0,0,7.1198e-319,0,0,0,0,0,1.864033906056e-312,2.489532264774984e-83,0,0,2.444262309897345e-211,0,0,0,0,0,6.70273889181545e-98,0,0,0,0,0,0,0,0,0,0,0,0,0,0,0,0,0,0,0,0,0,0,0,0,0,0,0,0,0,0,5.653869734843339e-68,0,1.80872e-319,1.4229414975064122e-243,0,0,0,0,0,1.5023521769618872e-66,3.3046504667115606e-50,0,4.415e-320,3.243128492647926e-181,0,0,0,0,0,1.8708331281405932e-47,8.165908889089466e-104,0,1.352278e-317,2.842222753663645e-177,0,0,0,0,0,1.0190101271723497e-103
