nsnps,hit1,hit2,PP.H0.abf,PP.H1.abf,PP.H2.abf,PP.H3.abf,PP.H4.abf,idx1,idx2
146,rs3807459,rs2615691,3.623494768756654e-98,4.903552565837366e-78,7.389529774803143e-21,1,1.4591579136020957e-22,1,1
146,rs6461686,rs2615691,0,4.903552565836948e-78,0,1,8.86393596910612e-79,2,1
146,rs6461688,rs2615691,0,4.903552565837506e-78,9.1367310506e-313,1,1.4701051167382844e-80,3,1
146,rs12700412,rs2615691,5.084640943858879e-259,4.903552565837506e-78,1.0369300370680809e-181,1,6.363713589918103e-74,4,1
146,rs668279,rs2615691,0,4.903552565837506e-78,0,1,1.352781776624322e-80,5,1
146,rs2615691,rs2615691,0,9.80710513166695e-81,0,0,1,6,1
146,rs12534523,rs2615691,0,4.903552565828587e-78,0,1,1.8610456966159884e-80,7,1
146,rs12670654,rs2615691,0,4.903552565828587e-78,0,1,1.8773172982428608e-78,8,1
146,rs12700437,rs2615691,0,4.903552565846426e-78,0,1,8.070853429771341e-79,9,1
146,rs2268748,rs2615691,1.376309397769798e-116,4.903552565837088e-78,2.8067597507946943e-39,1,1.501610064433557e-41,10,1
146,rs3807459,rs6461686,0,0,7.389529774803143e-21,1,5.795207945657182e-18,1,2
146,rs6461686,rs6461686,0,0,0,0,1,2,2
146,rs6461688,rs6461686,0,0,9.1367310506e-313,1,2.6238404393134307e-185,3,2
146,rs12700412,rs6461686,0,0,1.036930037067904e-181,1,4.130055439607897e-163,4,2
146,rs668279,rs6461686,0,0,0,1,6.528657657958854e-279,5,2
146,rs2615691,rs6461686,0,0,0,1,7.57e-321,6,2
146,rs12534523,rs6461686,0,0,0,1,7.10837499726635e-308,7,2
146,rs12670654,rs6461686,0,0,0,1,0,8,2
146,rs12700437,rs6461686,0,0,0,1,2.9358343097792447e-298,9,2
146,rs2268748,rs6461686,0,0,2.806759750794854e-39,1,1.4382937378798205e-40,10,2
146,rs3807459,rs6461688,0,1.9999858024147806e-306,7.389529774748536e-21,0.9999999999926104,7.43785690327591e-12,1,3
146,rs6461686,rs6461688,0,1.9999858024293326e-306,0,1,1.2879352632897828e-181,2,3
146,rs6461688,rs6461688,0,3.999971604859923e-309,1.827346213e-315,0,1,3,3
146,rs12700412,rs6461688,0,1.99998580242956e-306,1.036930037068022e-181,1,9.63466330789689e-168,4,3
146,rs668279,rs6461688,0,1.99998580242956e-306,0,1,1.3795477851039508e-303,5,3
146,rs2615691,rs6461688,0,1.9999858024281958e-306,0,1,4.795933090983097e-309,6,3
146,rs12534523,rs6461688,0,1.9999858024245576e-306,0,1,2.7106735733696935e-263,7,3
146,rs12670654,rs6461688,0,1.9999858024245576e-306,0,1,1.8463716767165739e-295,8,3
146,rs12700437,rs6461688,0,1.9999858024391095e-306,0,1,9.655844393724122e-304,9,3
146,rs2268748,rs6461688,0,1.99998580242956e-306,2.806759750794854e-39,1,1.0506328782548488e-40,10,3
146,rs3807459,rs4719731,7.28951082544871e-102,9.864647748365167e-82,7.389529774803143e-21,1,8.665187471325436e-23,1,4
146,rs6461686,rs4719731,0,9.864647748364325e-82,0,1,1.0609983319428807e-79,2,4
146,rs6461688,rs4719731,0,9.864647748365447e-82,9.1367310506e-313,1,6.742697356009267e-72,3,4
146,rs12700412,rs4719731,1.0228949555375562e-262,9.864647748365447e-82,1.0369300370680809e-181,1,8.484789629760543e-47,4,4
146,rs668279,rs4719731,0,9.864647748365447e-82,0,1,1.6098321135269034e-55,5,4
146,rs2615691,rs4719731,0,9.864647748363204e-82,0,1,2.0109743475822953e-81,6,4
146,rs12534523,rs4719731,0,9.864647748354233e-82,0,1,5.071817110957958e-80,7,4
146,rs12670654,rs4719731,0,9.864647748354233e-82,0,1,3.2025722983261915e-68,8,4
146,rs12700437,rs4719731,0,9.86464774839012e-82,0,1,2.790100224495659e-78,9,4
146,rs2268748,rs4719731,2.768769625587807e-120,9.864647748364606e-82,2.8067597507946943e-39,1,8.833585278113502e-27,10,4
146,rs3807459,rs274035,0,0,7.389529774798942e-21,1,3.6462605167499683e-23,1,5
146,rs6461686,rs274035,0,0,0,1,0,2,5
146,rs6461688,rs274035,0,0,9.1367310506e-313,1,2.1225939945407e-311,3,5
146,rs12700412,rs274035,0,0,1.0369300370675504e-181,1,2.8067103507613667e-177,4,5
146,rs668279,rs274035,0,0,0,1,0,5,5
146,rs2615691,rs274035,0,0,0,1,0,6,5
146,rs12534523,rs274035,0,0,0,1,0,7,5
146,rs12670654,rs274035,0,0,0,1,0,8,5
146,rs12700437,rs274035,0,0,0,1,1.7495228331464883e-110,9,5
146,rs2268748,rs274035,0,0,2.8067597507932584e-39,1,1.481577299347401e-41,10,5
146,rs3807459,rs12670654,0,0,7.389529774802302e-21,1,4.0256590689194276e-22,1,6
146,rs6461686,rs12670654,0,0,0,1,0,2,6
146,rs6461688,rs12670654,0,0,9.1367310506e-313,1,1.6837386766374327e-301,3,6
146,rs12700412,rs12670654,0,0,1.036930037068022e-181,1,8.732742024278184e-173,4,6
146,rs668279,rs12670654,0,0,0,1,0,5,6
146,rs2615691,rs12670654,0,0,0,1,0,6,6
146,rs12534523,rs12670654,0,0,0,1,0,7,6
146,rs12670654,rs12670654,0,0,0,0,1,8,6
146,rs12700437,rs12670654,0,0,0,1,0,9,6
146,rs2268748,rs12670654,0,0,2.8067597507945348e-39,1,2.77138807038235e-41,10,6
146,rs3807459,rs12534523,0,0,7.389529774802302e-21,1,1.5744580508586824e-20,1,7
146,rs6461686,rs12534523,0,0,0,1,0,2,7
146,rs6461688,rs12534523,0,0,9.1367310506e-313,1,1.3441490885057594e-268,3,7
146,rs12700412,rs12534523,0,0,1.036930037068022e-181,1,3.511724207443195e-182,4,7
146,rs668279,rs12534523,0,0,0,1,0,5,7
146,rs2615691,rs12534523,0,0,0,1,0,6,7
146,rs12534523,rs12534523,0,0,0,0,1,7,7
146,rs12670654,rs12534523,0,0,0,1,0,8,7
146,rs12700437,rs12534523,0,0,0,1,0,9,7
146,rs2268748,rs12534523,0,0,2.8067597507945348e-39,1,2.3667827968470024e-41,10,7
146,rs3807459,rs12700412,2.744683411520975e-86,3.7142869643477036e-66,7.389529774803143e-21,1,1.308935008539352e-21,1,8
146,rs6461686,rs12700412,0,3.7142869643472814e-66,0,1,1.1199343911050246e-60,2,8
146,rs6461688,rs12700412,0,3.7142869643477036e-66,9.1367310506e-313,1,2.0290062017649567e-62,3,8
146,rs12700412,rs12700412,7.702911439244467e-250,7.428573928695211e-69,2.0738600741359893e-184,0,1,4,8
146,rs668279,rs12700412,0,3.7142869643477036e-66,0,1,2.418321667245618e-41,5,8
146,rs2615691,rs12700412,0,3.7142869643443253e-66,0,1,5.744056810859565e-63,6,8
146,rs12534523,rs12700412,0,3.714286964340947e-66,0,1,7.657981042109925e-68,7,8
146,rs12670654,rs12700412,0,3.714286964340947e-66,0,1,2.8035043111456567e-64,8,8
146,rs12700437,rs12700412,0,3.7142869643544596e-66,0,1,1.6420456276744494e-64,9,8
146,rs2268748,rs12700412,1.0425111154432838e-104,3.7142869643477036e-66,2.806759750794854e-39,1,1.3520280947723395e-41,10,8
146,rs3807459,rs17797041,1.0307647033797296e-51,1.3948989107459392e-31,7.389529755516304e-21,0.9999999973847906,2.6152120165596566e-9,1,9
146,rs6461686,rs17797041,0,1.3948989143865378e-31,0,1,7.270645687085302e-34,2,9
146,rs6461688,rs17797041,0,1.3948989143866963e-31,9.1367310506e-313,1,9.706794079012111e-32,3,9
146,rs12700412,rs17797041,1.4464125830009762e-212,1.3948989143865378e-31,1.036930037067963e-181,1,2.5618957139224548e-30,4,9
146,rs668279,rs17797041,0,1.3948989143863793e-31,0,0.9999999999997726,2.379837261726317e-13,5,9
146,rs2615691,rs17797041,0,1.3948989143863793e-31,0,1,1.3520330154160741e-33,6,9
146,rs12534523,rs17797041,0,1.3948989143851105e-31,0,1,9.788472258187154e-33,7,9
146,rs12670654,rs17797041,0,1.3948989143851105e-31,0,1,6.74173117281912e-28,8,9
146,rs12700437,rs17797041,0,1.3948989143901851e-31,0,1,2.870090274259611e-33,9,9
146,rs2268748,rs17797041,3.9151461293276825e-70,1.394898914386617e-31,2.806759750794774e-39,1,1.2679174202053029e-30,10,9
146,rs3807459,rs7789949,2.4562876651677657e-119,3.3240107828556264e-99,7.389529774802932e-21,1,5.0802106627351927e-23,1,10
146,rs6461686,rs7789949,0,3.3240107828555322e-99,0,1,7.81167637468186e-102,2,10
146,rs6461688,rs7789949,0,3.32401078285591e-99,9.1367310506e-313,1,1.52128414602042e-101,3,10
146,rs12700412,rs7789949,3.4467666242808915e-280,3.3240107828555322e-99,1.036930037068022e-181,1,1.403205594454906e-101,4,10
146,rs668279,rs7789949,0,3.324010782855154e-99,0,1,5.376102777619321e-75,5,10
146,rs2615691,rs7789949,0,3.3240107828543985e-99,0,1,1.3275047707230675e-101,6,10
146,rs12534523,rs7789949,0,3.324010782845329e-99,0,1,1.792162134967361e-101,7,10
146,rs12670654,rs7789949,0,3.324010782845329e-99,0,1,1.2946254205499896e-101,8,10
146,rs12700437,rs7789949,0,3.3240107828695144e-99,0,1,8.41698206242772e-101,9,10
146,rs2268748,rs7789949,9.329699676527e-138,3.3240107828556264e-99,2.806759750794774e-39,1,1.1173811402226957e-41,10,10
