GENPOS,ID_POS,ID,rsid,ALLELE0,ALLELE1,REF,ALT,A1FREQ,INFO,N,BETA,SE,CHISQ,LOG10P,F,out_beta_alt,out_beta_to_expA1,out_se,out_LP,out_NC,out_SS,harmonise,mr_beta_wald,mr_se_wald,mr_or,mr_lci,mr_uci,exposure_beta,exposure_se,outcome_beta,outcome_se,exposure_p,F_stat,outcome_N,ratio_beta,ratio_se,ratio_p,ratio_OR,ratio_OR_lci,ratio_OR_uci
23266522,23306141,7:23306141:G:A:imp:v1,rs75801644,G,A,G,A,0.0227377,0.998724,32743,-1.11806,0.0255776,1910.79,416.662,1910.7797851060143,0.0751,0.0751,0.054,0.784362,33674,482730,direct,-0.0671699193245443,0.04829794465413305,0.9350363070998312,0.8505824823421405,1.027875501488652,-1.11806,0.0255776,0.0751,0.054,1e-300,1910.7797851060143,482730,-0.0671699193245443,0.04832238292700468,0.16451752197041236,0.9350363070998313,0.8505417412549428,1.0279247368916937
23071112,23110731,7:23110731:C:G:imp:v1,rs7797870,C,G,C,G,0.378801,0.979807,32743,-0.247129,0.00793434,970.117,212.25,970.1207861695092,-0.0945,-0.0945,0.0185,6.50501,33674,482730,direct,0.3823913826382173,0.07485968866462454,1.4657856559398932,1.2657519758216875,1.6974317482415024,-0.247129,0.00793434,-0.0945,0.0185,5.623413251903491e-213,970.1207861695093,482730,0.3823913826382173,0.0758597373695429,4.636658279170618e-7,1.4657856559398932,1.263273411023672,1.700762139383683
23411179,23450798,7:23450798:A:T:imp:v1,rs274034,A,T,A,T,0.699287,0.990564,32743,-0.142912,0.00835133,292.839,64.9219,292.83710453686507,-0.0667,-0.0667,0.0203,2.99957,33674,482730,direct,0.46672077922077915,0.14204545454545453,1.5947560522166722,1.2072097298782831,2.1067150165681054,-0.142912,0.00835133,-0.0667,0.0203,1.1970161227254346e-65,292.83710453686507,482730,0.46672077922077915,0.14464012568018936,0.0012519495975817066,1.5947560522166722,1.2010859824151985,2.1174561216405414
23247652,23287271,7:23287271:G:A:imp:v1,rs117207752,G,A,G,A,0.0147215,0.993158,32743,-0.497612,0.0317443,245.725,54.6535,245.72547326721153,-0.078,-0.078,0.0943,0.38934,27823,471013,direct,0.15674863146387144,0.189505076244142,1.1697015507768274,0.8067985113968266,1.6958406573171776,-0.497612,0.0317443,-0.078,0.0943,2.2207516834507488e-55,245.72547326721153,471013,0.15674863146387144,0.18976871211791668,0.4088050625512488,1.1697015507768274,0.8063817250685277,1.696717169245673
23267524,23307143,7:23307143:G:A:imp:v1,rs156427,G,A,G,A,0.0213702,0.99049,32743,0.403309,0.0264894,231.81,51.6193,231.80968902550063,-0.0843,-0.0843,0.0553,0.894831,33674,482730,direct,-0.20902087481310855,0.13711571028665367,0.8113782980962949,0.6201662653498888,1.0615455554490971,0.403309,0.0264894,-0.0843,0.0553,2.4027024985383176e-52,231.80968902550066,482730,-0.20902087481310858,0.1378012713924598,0.12931002787178708,0.8113782980962949,0.619333507696831,1.0629729127200724
23279050,23318669,7:23318669:C:G:imp:v1,rs35686290,C,G,C,G,0.106283,0.966104,32743,0.163565,0.0125807,169.033,37.9197,169.0328614540579,0.0071,0.0071,0.031,0.0872467,33674,482730,direct,0.04340781952129123,0.18952709931831385,1.044363719927136,0.7203159850347876,1.5141904416398175,0.163565,0.0125807,0.0071,0.031,1.2030952163757306e-38,169.03286145405787,482730,0.04340781952129123,0.18955650490149628,0.8188714587173667,1.044363719927136,0.7202744708603661,1.5142777144346267
22930654,22970273,7:22970273:T:A:imp:v1,rs74986339,T,A,T,A,0.0187127,0.951607,32743,-0.291198,0.0288214,102.081,23.2734,102.08140291559468,0.0062,0.0062,0.0845,0.0263181,26948,469691,direct,-0.02129135502304274,0.2901805644269535,0.9789337057632844,0.5543021957288304,1.7288605523551837,-0.291198,0.0288214,0.0062,0.0845,5.3284390204120056e-24,102.08140291559468,469691,-0.02129135502304274,0.290188216091653,0.9415110162718318,0.9789337057632845,0.5542938827754603,1.7288864807256779
22860459,22900078,7:22900078:A:T:imp:v1,rs13221012,A,T,A,T,0.321324,0.99333,32743,0.0787914,0.00818942,92.5658,21.1863,92.56596755832554,0.0069,0.0069,0.0214,0.126156,33674,482730,direct,0.08757300923704872,0.2716032460395424,1.0915219527189162,0.6409720972754294,1.858770730163868,0.0787914,0.00818942,0.0069,0.0214,6.511784205461819e-22,92.56596755832554,482730,0.08757300923704872,0.2717557223456546,0.7472640675058384,1.0915219527189162,0.6407805691031744,1.859326313428647
23679396,23719015,7:23719015:A:C:imp:v1,rs73079029,A,C,A,C,0.0283725,0.99628,32743,-0.206932,0.0229902,81.0161,18.65,81.01581620640238,0.0688,0.0688,0.0534,0.704873,33674,482730,direct,-0.33247636904876965,0.25805578644192295,0.7171456154968172,0.432459884084064,1.189238245567158,-0.206932,0.0229902,0.0688,0.0534,2.238721138568347e-19,81.01581620640238,482730,-0.33247636904876965,0.26068605729842664,0.20217126566461452,0.7171456154968172,0.4302361472644719,1.1953849928610556
23706966,23746585,7:23746585:A:C:imp:v1,rs722294,A,C,A,C,0.535312,1.00205,32743,0.067907,0.00763279,79.1521,18.2403,79.15210360565845,0.003,0.003,0.0175,0.0641402,33674,482730,direct,0.04417806706230581,0.2577053911967839,1.0451684483946104,0.6307002936723676,1.7320066226052195,0.067907,0.00763279,0.003,0.0175,5.750425747706366e-19,79.15210360565845,482730,0.04417806706230581,0.25775322744967666,0.8639118052866418,1.0451684483946104,0.6306411625805032,1.7321690215236345
23311461,23351080,7:23351080:C:G:imp:v1,rs3087888,C,G,C,G,0.0709394,0.993605,32743,0.127796,0.0148894,73.6683,17.034300000000002,73.66821158197496,0.0891,0.0891,0.0387,1.67366,33674,482730,direct,0.6972049203417947,0.3028263795423957,2.008131967109016,1.109229041098754,3.63549262407574,0.127796,0.0148894,0.0891,0.0387,9.240596356376769e-18,73.66821158197496,482730,0.6972049203417947,0.3135318937006607,0.026167765941911583,2.008131967109016,1.0861967871010683,3.7125814080960837
23555303,23594922,7:23594922:G:C:imp:v1,rs11772116,G,C,G,C,0.0841364,0.971804,32743,0.111952,0.0139209,64.6746,15.0538,64.67390518813244,0.0108,0.0108,0.0358,0.117191,33674,482730,direct,0.0964699156781478,0.3197799056738602,1.1012764494902705,0.5884291799574428,2.0610973410421463,0.111952,0.0139209,0.0108,0.0358,8.834866673958556e-16,64.67390518813244,482730,0.09646991567814779,0.32000482192877,0.7630607404801815,1.1012764494902703,0.5881698364422296,2.0620061469626534
23450858,23490477,7:23490477:T:C:imp:v1,rs113218179,T,C,T,C,0.0154934,0.994474,32743,-0.240272,0.0309326,60.3356,14.097,60.335577737983726,-0.2178,-0.2178,0.0827,2.07443,33674,482730,direct,0.9064726643137776,0.3441932476526603,2.475574930791994,1.2609354913260593,4.860257546974743,-0.240272,0.0309326,-0.2178,0.0827,7.998342550070293e-15,60.335577737983726,482730,0.9064726643137776,0.3634387169634443,0.012625722959807318,2.475574930791994,1.2142575002289246,5.047093583371222
22932715,22972334,7:22972334:A:C:imp:v1,rs77175079,A,C,A,C,0.0502245,1.0009,32743,-0.134852,0.0174372,59.8082,13.9806,59.80827631368169,-0.0011,-0.0011,0.0505,0.00753485,26421,468692,direct,0.00815709073651113,0.3744846201761931,1.008190450445519,0.4839214083905505,2.1004402093928665,-0.134852,0.0174372,-0.0011,0.0505,1.0456828853581358e-14,59.80827631368169,468692,0.008157090736511139,0.3744861055797421,0.9826217794572242,1.008190450445519,0.4839199995081896,2.100446324604398
23146825,23186444,7:23186444:T:A:imp:v1,rs58856240,T,A,T,A,0.0496431,0.976714,32743,0.136936,0.0177475,59.5333,13.9199,59.533430083986566,0.0434,0.0434,0.0448,0.476904,33674,482730,direct,0.3169363790383829,0.32716013320091136,1.3729152229601722,0.7230351204246783,2.606922065319145,0.136936,0.0177475,0.0434,0.0448,1.2025412981077752e-14,59.533430083986566,482730,0.3169363790383829,0.32972870314785324,0.33644986374826835,1.3729152229601722,0.7194042218754616,2.620079438124398
23256812,23296431,7:23296431:A:T:imp:v1,rs74758879,A,T,A,T,0.0151726,0.953624,32743,-0.241118,0.0319072,57.1062,13.3841,57.10601777036493,-0.117,-0.117,0.1087,0.550213,27823,471013,direct,0.4852395922328487,0.4508166126129115,1.6245641951822856,0.6714196225880587,3.9307889365746487,-0.241118,0.0319072,-0.117,0.1087,4.129524052369216e-14,57.10601777036493,471013,0.4852395922328487,0.4553666456262427,0.28660361070694507,1.6245641951822856,0.6654584793876028,3.966000743873659
23538962,23578581,7:23578581:A:G:imp:v1,rs113232130,A,G,A,G,0.053249,0.982739,32743,-0.127795,0.0171185,55.7309,13.0804,55.73093256064161,-0.031,-0.031,0.0451,0.308653,33674,482730,direct,0.2425760006260026,0.3529089557494425,1.2745281104168629,0.6381859677286339,2.545373897869072,-0.127795,0.0171185,-0.031,0.0451,8.309980410444337e-14,55.73093256064161,482730,0.2425760006260026,0.3544017128443933,0.49368081329501057,1.2745281104168629,0.6363214896101591,2.5528320680132572
23067884,23107503,7:23107503:C:G:imp:v1,rs74452225,C,G,C,G,0.196367,0.979339,32743,0.0667392,0.00969501,47.3876,11.2347,47.38768252392791,0.0075,0.0075,0.0257,0.112889,33674,482730,direct,0.1123777330264672,0.385081031837361,1.1189354396990472,0.5260383872341178,2.3800858427795295,0.0667392,0.00969501,0.0075,0.0257,5.825054593417401e-12,47.38768252392791,482730,0.1123777330264672,0.3854269058612223,0.7706177765032988,1.1189354396990472,0.5256818997746788,2.3816998811470342
23062196,23101815,7:23101815:C:T:imp:v1,rs758709,C,T,C,T,0.921563,0.962246,32743,0.0991611,0.0144508,47.0867,11.168,47.08676896577378,0.0376,0.0376,0.0421,0.429457,27823,471013,direct,0.3791809489810016,0.4245616476622385,1.4610873941001397,0.6357436388717619,3.3579201468486115,0.0991611,0.0144508,0.0376,0.0421,6.792036326171857e-12,47.08676896577378,471013,0.37918094898100163,0.42814257668559597,0.3758105961744946,1.4610873941001397,0.6312972174161521,3.3815710164790556
23124907,23164526,7:23164526:C:G:imp:v1,rs2058275,C,G,C,G,0.938518,0.921308,32743,-0.1131,0.0165264,46.8347,11.1122,46.834802124537795,-0.0147,-0.0147,0.0423,0.138466,33674,482730,direct,0.129973474801061,0.37400530503978774,1.1387981760758252,0.5471255801684595,2.370317405803479,-0.1131,0.0165264,-0.0147,0.0423,7.723248344572244e-12,46.834802124537795,482730,0.129973474801061,0.37448720103089844,0.7285383257046185,1.1387981760758252,0.54660905519746,2.3725572664820582
23476865,23516484,7:23516484:A:G:imp:v1,rs7794470,A,G,A,G,0.150757,0.978525,32743,-0.0709589,0.0107629,43.4665,10.3652,43.46654675348729,-0.0362,-0.0362,0.0283,0.697669,33674,482730,direct,0.5101544697000658,0.39882241692021714,1.6655484518459784,0.7622067249803421,3.6395003540779314,-0.0709589,0.0107629,-0.0362,0.0283,4.313204006994166e-11,43.46654675348729,482730,0.5101544697000658,0.4062595941468801,0.2092119951955705,1.6655484518459784,0.7511767253752801,3.6929414234189006
22925442,22965061,7:22965061:T:C:imp:v1,rs146570862,T,C,T,C,0.144018,0.996808,32743,0.0686619,0.0108692,39.906,9.57434,39.90584154176654,0.0259,0.0259,0.0255,0.509059,33674,482730,direct,0.3772106510306298,0.3713850039104656,1.4582114507652444,0.7041921944280061,3.0196026766102864,0.0686619,0.0108692,0.0259,0.0255,2.6647716541042637e-10,39.90584154176654,482730,0.3772106510306298,0.37615477037067385,0.31595397251778967,1.4582114507652444,0.697639560267725,3.0479645310349985
22911541,22951160,7:22951160:C:T:imp:v1,rs141072253,C,T,C,T,0.0448923,0.955486,32743,0.111812,0.0188266,35.2724,8.54262,35.27223999327241,0.049,0.049,0.0469,0.529296,33674,482730,direct,0.4382356097735485,0.4194540836403964,1.5499700524950206,0.6812033624332802,3.526710665446427,0.111812,0.0188266,0.049,0.0469,2.866685171754222e-9,35.27223999327241,482730,0.4382356097735485,0.42589497853796426,0.30349106504099516,1.5499700524950206,0.6726578000204466,3.5715146149474393
23053482,23093101,7:23093101:T:G:imp:v1,rs73084186,T,G,T,G,0.0985979,0.98099,32743,0.0741262,0.0129032,33.0025,8.03603,33.00263500358826,0.0874,0.0874,0.0358,1.83744,33674,482730,direct,1.1790702882381667,0.4829601409488143,3.2513499789619513,1.26171059078823,8.378527344445667,0.0741262,0.0129032,0.0874,0.0358,9.203859915452956e-9,33.00263500358826,482730,1.1790702882381667,0.5247614803921385,0.024648402175584127,3.2513499789619513,1.162459229736056,9.093890276131368
23363076,23402695,7:23402695:C:T:imp:v1,rs117444157,C,T,C,T,0.0259139,1.01332,32743,0.133045,0.023824,31.1867,7.6301,31.186580241969757,0.1063,0.1063,0.0656,0.977159,33674,482730,direct,0.7989777894697283,0.49306625577812024,2.2232671194735683,0.8458340712765626,5.8438372872261715,0.133045,0.023824,0.1063,0.0656,2.343689098826994e-8,31.186580241969757,482730,0.7989777894697283,0.51340390510337,0.11965191442168902,2.2232671194735683,0.8127807674491796,6.0814882468800056
