snp,SNP.PP.H4.row1,SNP.PP.H4.row2,SNP.PP.H4.row3,SNP.PP.H4.row4,SNP.PP.H4.row5,SNP.PP.H4.row6,SNP.PP.H4.row7,SNP.PP.H4.row8,SNP.PP.H4.row9,SNP.PP.H4.row10
rs35943474,0,1.6230437240897167e-58,6.354564676421065e-110,0,2.2030702312318188e-41,6.316720627681864e-20,3.1274496537577916e-218,5.710827092560166e-14,1.8438770856169817e-95,1.1443132463398854e-84
rs2286507,0,1.650674422897872e-58,5.154897740739399e-110,0,4.621385785560003e-41,1.282131438440476e-19,2.8434320448394927e-217,2.6513699151135477e-13,2.2361805198344716e-93,6.3065049897933665e-84
rs2286499,0,1.676429940981452e-58,5.174251445136852e-110,0,4.737059091556702e-41,1.3171180774948637e-19,2.9529402352407776e-217,2.7396111567995976e-13,2.3653261736244615e-93,6.508161782635541e-84
rs8180849,0,7.831618270788628e-58,4.1827453413861674e-108,0,1.1789956484206168e-40,6.161293703662274e-19,2.9263659018990493e-217,8.157193433824442e-13,2.0068744859169615e-92,9.143264702416956e-84
rs79775641,0,1.966753859374354e-58,1.206900568254717e-109,0,6.536402959244415e-41,8.550746122002758e-20,2.4968885400690703e-215,6.822229306316757e-14,1.022318899298783e-96,3.8810307933291e-84
rs2270105,0,2.02676709568796e-58,4.4174904365333976e-110,0,2.5434486839045054e-40,1.0156259260542543e-18,1.1941848822507994e-214,3.274498190854105e-12,5.909345071585383e-90,4.6858367170136544e-83
rs2270104,0,3.0952161812423185e-58,1.5757799335017804e-109,0,2.2230522703252484e-40,2.021213336054846e-19,7.675820570843928e-215,2.0922735737211074e-13,1.4466380552189246e-95,4.432524115932872e-84
rs10276099,0,1.878731679083497e-58,4.5180721693004046e-110,0,1.8582890484766265e-40,7.128157606321842e-19,7.118402252127514e-215,2.07096262222605e-12,1.870805443119972e-90,3.751378419625763e-83
rs57869254,0,1.4456998993817375e-57,1.0869022362642629e-107,0,8.0818888487478e-38,7.047915237129722e-18,4.1203592271987895e-194,3.619951502603206e-11,4.5564488803258335e-90,2.097765591211953e-81
rs6461670,0,6.700167932747747e-58,2.485687627822449e-108,0,1.7794560849381387e-38,2.2707742304213372e-18,3.7848674140254526e-196,9.947772542530164e-12,8.43858285672223e-91,3.661208990633959e-82
rs10224244,0,5.9753854875570825e-58,1.308345972861917e-108,0,3.372992922124123e-41,6.7338693263356e-20,1.1210183048246109e-216,3.946741635833562e-14,9.070513905431182e-94,1.836115153321016e-84
rs41487946,0,3.358160599017256e-58,1.3165922848205725e-109,0,1.5332119828071344e-40,1.6082552160441374e-19,3.0680814778412966e-215,1.606939864033617e-13,9.247626034390966e-96,3.6507539221888524e-84
rs17147339,0,2.805724187725722e-58,7.403577193479304e-110,0,1.3646345976978893e-40,2.2464860167247543e-19,9.606807070486579e-216,2.1761127707888476e-13,2.854711096013654e-94,2.0989132503279326e-84
rs12535331,0,3.792729875974823e-58,5.1499380619515155e-109,0,5.56504861019782e-41,1.0736435584676815e-19,1.95578089010529e-216,4.734060781177618e-14,2.596121463209191e-93,1.406522593668505e-84
rs17147344,0,7.687845365493766e-58,1.0896192693906047e-109,0,4.650144772208654e-37,4.013980077447018e-16,8.287787101073568e-205,1.0125155429369482e-8,1.4147762232038814e-81,2.416971219453288e-80
rs17147348,0,5.4796927745418324e-58,7.5620878280209505e-109,0,5.018206484535157e-40,3.2712419082549916e-19,1.0494988271938514e-206,1.8987698324348943e-12,5.249828465778569e-94,5.400401018351782e-83
rs4329182,0,2.4074135564355056e-58,5.262657703892822e-109,0,4.082687928137641e-41,7.213702961469444e-20,1.5301923795970477e-215,6.247058813223126e-14,2.6713942865706294e-96,2.049550768194902e-84
rs1990279,0,1.4515698644362235e-56,9.744605658386345e-109,0,3.4389640076442776e-40,1.0164322865655668e-18,6.292806898487157e-216,4.118507158770895e-12,1.8989206016850178e-93,6.50809493865775e-81
rs4722193,0,1.741063297323251e-57,2.7735687866534686e-108,0,5.761279939926609e-41,1.344410621590388e-19,9.171679453286588e-218,2.3114963375918137e-13,2.057130611299363e-96,4.010101128853716e-83
rs717624,0,4.97629554416463e-58,7.382202817918245e-110,0,1.7292789388721057e-39,4.3036088243246923e-19,3.5307725842000833e-217,2.439765341458457e-13,7.11714371436714e-94,6.110639551910922e-84
rs3757446,0,9.002373066781401e-58,1.4756351972062158e-109,0,1.7216561788084863e-40,1.3232277357732354e-18,1.849976204753824e-217,1.2301217011185964e-12,1.4378376362106612e-93,6.0381233097777595e-83
rs7811699,0,9.635631653554373e-56,5.3468037651255674e-107,0,1.6888903669931628e-40,1.0026241215690354e-19,9.853549529830119e-216,2.288822737111778e-13,1.4390108808709553e-96,1.9958849789701222e-82
rs6461674,0,2.135742488822308e-58,5.396604539732039e-110,0,1.047952992622846e-40,4.980026085898943e-20,1.8501561423470455e-215,3.9783137610103035e-14,2.8816597171434558e-96,2.1314873384514683e-84
rs17147383,0,1.5275002036026144e-58,4.4700236325628145e-110,0,8.176335585835064e-41,6.120914547467308e-20,3.5291757836704525e-214,4.5297189115776314e-14,3.1244060317046924e-95,2.027631097910058e-84
rs7781055,0,1.8725304074156966e-58,5.66924443810646e-110,0,2.1741125071031878e-41,4.569585342325871e-20,6.861897232996336e-217,4.622653144946175e-14,1.2824348198777165e-96,1.173970891899748e-84
rs17147395,0,2.3413288584616318e-58,7.343512589651923e-110,0,2.1754484119519296e-41,4.899836998147235e-20,3.780705299487151e-217,5.430618234813728e-14,1.1298216915942662e-96,1.223854687510132e-84
rs4722196,0,2.586711700396434e-58,2.364080955217272e-109,0,3.268813415135052e-41,7.076590335293064e-20,1.99395886979243e-215,1.3709384397408385e-13,4.019764877373053e-96,2.6029523464083e-84
rs1001027,0,1.0242564973195623e-57,1.1126497168780337e-108,0,2.2159956983412368e-41,5.075781026646419e-20,7.174933839124426e-218,4.0987918038508807e-14,8.427772037973763e-94,8.899746187736892e-84
rs2270101,0,1.390418440857359e-57,4.8548936165343294e-107,0,3.1687464622734587e-41,4.518746157442703e-20,1.2767168155054084e-215,3.852612370196591e-14,2.0137788163764682e-95,1.9270224092789932e-82
rs77086708,0,1.719773630076723e-57,3.0064134219223237e-109,0,1.0537746500780908e-39,7.634733948711072e-19,2.052592571197752e-216,3.971668395940086e-13,6.288838541619755e-96,7.8870979418212305e-84
rs12669272,0,1.74944097349836e-58,4.768134516038945e-110,0,2.0682129792453632e-41,4.582472307156857e-20,8.369134783126043e-218,4.438126431311386e-14,8.529275822301145e-97,1.275894514343976e-84
rs11768107,0,2.6465171015444164e-58,2.016508347798227e-109,0,4.264411342809484e-41,6.379386620571998e-19,4.367926353184116e-216,9.128516704898012e-13,1.274123488980743e-94,2.729957721715294e-84
rs11765548,0,3.619725987127289e-58,4.351143315294979e-108,0,2.3266951119709177e-41,5.951755256476664e-20,1.6327461628720873e-216,4.3485982263382705e-14,1.1799819505989e-94,2.1949433145954333e-83
rs12700402,0,4.283768693563869e-58,8.255952729088069e-108,0,2.4687186982643717e-41,5.643817225700025e-20,5.1441503433300364e-216,4.201130593654657e-14,9.842996552805758e-95,3.485030153115017e-83
rs10247567,0,1.4882859292877397e-57,3.381541035675516e-109,0,1.4093432416306359e-38,2.0491724585341664e-17,2.1561236401851202e-213,2.0190995279851663e-11,3.060373492210452e-84,1.612656246607446e-83
rs6415247,0,1.5004311997830783e-57,4.2570202059288115e-109,0,1.2953312175766522e-38,1.9053681686125285e-17,6.90458700389861e-213,1.4376154025337734e-11,2.1349349967239354e-84,1.7563543687766524e-83
rs6960214,0,1.5104751313069926e-57,4.316135984340106e-109,0,1.2769341881123886e-38,1.880525558321226e-17,6.705817261022485e-213,1.4195202356958666e-11,2.0272345084379946e-84,1.7595875045770914e-83
rs77207687,0,2.6519844183076306e-58,5.2437450919035046e-110,0,2.353131353987704e-41,6.17448672860181e-20,4.818986969303888e-218,6.652693512242674e-14,1.9571728716573435e-96,1.4492343614956025e-84
rs7788668,0,5.2452931194607025e-58,2.0447905707707515e-109,0,8.184387587557033e-41,1.9999416173695648e-19,1.5713855168697856e-216,1.001519320880258e-13,2.3259359663871394e-93,3.312127773523292e-84
rs3815348,0,1.4243800059388227e-57,3.9234189042824873e-109,0,1.5184826520874915e-38,2.217697869999795e-17,8.202496257859429e-213,1.7217470312380044e-11,4.940233776832512e-84,1.8234166433365684e-83
rs2286495,0,1.3792778798328194e-57,3.9100271384431363e-109,0,1.0093442653468049e-38,1.5051470271653315e-17,3.9562466096000705e-213,1.2122534935802335e-11,1.4281432711815115e-84,1.5889082304632893e-83
rs2286491,0,3.4663706082664564e-58,1.249283741267862e-109,0,1.6618626591778587e-40,4.326748659575004e-19,1.1864792808560362e-215,1.4182513819333937e-13,4.9047247952181323e-92,2.413735516935065e-84
rs2286490,0,3.4960342240027335e-58,1.2620572528319497e-109,0,1.6563840942352723e-40,4.309855339472185e-19,1.1712133863061912e-215,1.4178442541632737e-13,4.812419716727405e-92,2.430949974396514e-84
rs7779074,0,1.333645540730394e-56,1.8205683331874941e-109,0,1.7100520971707663e-37,1.819119442876462e-15,6.765508250110611e-218,1.990047173242178e-9,1.2515647284247074e-85,6.410347908115988e-82
rs10224604,0,3.894890539208743e-57,2.8796852283511224e-108,0,2.056032906333822e-38,5.628873139936699e-18,8.981296057569218e-211,3.6782013674256496e-13,3.623490768126246e-94,3.7933054941563593e-82
rs6974381,0,1.6843631875981876e-56,2.0493670333555412e-109,0,2.3881896125969943e-37,2.6122566148634046e-15,7.613739054830738e-218,2.8670747507243215e-9,2.2040187376934217e-85,8.474616365324145e-82
rs6978480,0,9.970473384018738e-58,2.8166962184331755e-109,0,7.8769396109340545e-39,1.1676951742356838e-17,3.528885943281475e-213,9.107168658691355e-12,7.911192193559842e-85,1.1588929972679393e-83
rs10950931,0,1.031940245272185e-57,4.75502469922301e-109,0,3.169200619677291e-39,6.655086159433019e-18,5.565263307377144e-214,4.285766300877713e-12,1.945718410334638e-85,8.7773852857493e-84
rs117424211,0,1.9969670631902986e-57,5.246250626186736e-109,0,1.8106572112849705e-38,2.886401214015534e-17,1.2592450575051385e-214,4.2385397635212366e-12,2.1849542099783976e-90,1.7134161772685946e-83
rs740830,0,7.429463522839128e-57,2.1260616744423276e-108,0,9.725659034573474e-38,8.598637418421522e-17,1.4474098637019729e-210,9.423366735445976e-11,1.6517928890976288e-85,1.5847979897404216e-82
rs11768060,0,3.122309953088985e-58,1.0245561417244921e-109,0,8.491991986359006e-41,2.151897662139279e-19,6.556406744381902e-216,9.28448720201211e-14,3.956944763741186e-93,2.0659181003126734e-84
rs3735231,0,6.509401838986302e-57,1.8274298097511573e-108,0,1.155638156269251e-37,9.874190175731149e-17,2.2226996117784552e-210,1.091706693366412e-10,2.918641558602673e-85,1.587021705708187e-82
rs2078535,0,6.516782005577303e-57,1.8283610302864205e-108,0,1.1684897672475933e-37,9.972885142611192e-17,2.2662782628969124e-210,1.1029342193759571e-10,2.9894991752803897e-85,1.5957527215152178e-82
rs17147527,0,2.452937332159005e-58,7.552433455362174e-110,0,2.4043164592566456e-40,6.524544561301869e-19,9.405838129667977e-215,1.7762068051408274e-13,1.2899659027950114e-91,1.900730654460984e-84
rs10277862,0,7.046834588984032e-57,1.9790714287595707e-108,0,1.2433826114764274e-37,1.0631241550271847e-16,2.3791166551588013e-210,1.1751991403234177e-10,3.1152014203172114e-85,1.7134240890198825e-82
rs2286707,0,6.882817618211251e-58,5.354929301648567e-109,0,4.5864253142077893e-41,9.385530800116542e-20,3.15723281713555e-218,1.1941954866893458e-13,4.763469301245904e-96,8.50901210391515e-84
rs10488075,0,1.4836340254244762e-58,6.116555232628933e-110,0,2.366650766341871e-41,4.450084484357813e-20,3.9074371620469056e-216,3.8292166931485084e-14,9.366354638111014e-97,1.4145733926596843e-84
rs13225524,0,5.61019860814462e-57,1.523323904059473e-108,0,7.297827747680433e-38,8.50944086356584e-17,1.3845653613469102e-211,1.1403102893469578e-10,7.204068501749513e-85,1.2732928337502676e-82
rs17369747,0,5.935443942306986e-57,1.6219188663269793e-108,0,7.306211880855507e-38,8.557313971751456e-17,1.3305295283546858e-211,1.1432389887768326e-10,6.646294120062328e-85,1.3157578240262572e-82
rs13225964,0,7.057827627237451e-58,5.792820375748536e-109,0,4.598633035975314e-41,9.404651568422188e-20,3.182792611765915e-218,1.1630461093012967e-13,5.956660530557947e-96,1.0763822211238502e-83
rs12700406,0,1.0784270185714572e-57,1.8647597665623837e-106,0,5.1369997116034296e-39,1.5540299183778762e-19,2.0469682913018922e-196,8.126763931592918e-14,2.8616410754442927e-96,2.329219229876853e-81
rs10950935,0,2.4907213621287398e-58,8.142325546465475e-110,0,8.048479866242082e-41,2.35491437758894e-19,4.021454642997405e-216,9.367595646648551e-14,1.0573854602155702e-92,1.791754980151727e-84
rs2041357,0,3.5873187376588384e-58,1.4448502621522536e-109,0,8.86871820066121e-41,1.217011113349806e-19,1.1622252234370927e-217,7.946087549547765e-14,2.5575655726672415e-94,3.260883199921949e-84
rs34702631,0,1.4507092700311147e-55,8.035672200349853e-104,0,4.000490133236476e-37,2.7049637522476876e-18,3.633232689032723e-194,1.2606035428325042e-12,1.7179880025159762e-94,1.1814434211627996e-78
rs13240940,0,2.6363651007303307e-58,1.0267017408111244e-109,0,8.930046779843955e-41,1.1288046412597595e-19,1.2029527167441323e-217,6.669961592475138e-14,4.7001173758516056e-94,2.2187613756585925e-84
rs78132351,0,3.093663563601699e-57,4.7921452682736457e-110,0,4.225068475083015e-40,1.3280858032821e-18,1.952861630630877e-214,5.801049179647067e-13,1.2105357809454174e-95,1.6065882539218975e-84
rs79113071,0,1.1097019257538758e-56,6.629528002108917e-110,0,1.0422556685374506e-39,3.508290263503166e-18,2.118215655719165e-215,1.6145389482144782e-12,2.4093765984977495e-95,2.49570283345509e-84
rs79738601,0,3.857860066449404e-58,4.73999479836713e-110,0,3.051678178863056e-40,5.449794733287805e-19,3.024698301790807e-215,2.928351345945584e-13,1.3810410067706457e-92,1.243660360969532e-84
rs1990365,0,7.863569991010138e-29,8.885040033904094e-40,0,1.104790900518057e-34,1.241609073823386e-12,7.585307612587043e-196,2.1249139311245457e-7,4.9671686054055825e-53,8.111622487619554e-50
rs6461686,0,2.0313629187108855e-42,2.0794294771300816e-74,0,7.3335824276048025e-37,2.2617923989904267e-17,5.822245072133766e-203,1.768960001621968e-11,2.835443354292234e-85,2.6307172825739344e-64
rs6461687,0,7.796001852007667e-32,1.6513887782249663e-44,0,6.003066970239668e-35,1.0446628637875334e-11,1.276127863329916e-199,8.06744045323872e-7,2.8363509490709834e-45,2.4182494990415953e-53
rs6956514,0,1.0421421625813319e-56,2.7988311130971114e-107,1.6672272440275652e-190,5.402828889207956e-29,1.2893181993408902e-19,1.3055779193038225e-116,9.250395691318676e-14,4.937788217999899e-95,2.778710005506491e-84
rs6974545,0,6.932416158757109e-58,5.473982639304589e-109,0,6.813714447979744e-20,6.686643862158309e-20,4.189615541306285e-176,6.406526128399311e-14,4.5442170602277705e-95,4.895530854354853e-84
rs6957013,0,6.921050959902782e-58,5.88155994767441e-109,0,8.590397623506551e-20,6.917606231349842e-20,5.738680506915224e-176,6.667576117872878e-14,4.9474166253057916e-95,4.893539496465392e-84
rs12112291,0,6.800003653560184e-58,5.177433317040609e-109,0,5.953516108282302e-20,6.444194666810704e-20,3.513296213541495e-176,6.15594953612941e-14,4.2700175516091814e-95,4.799088569686019e-84
rs6952947,0,1.981460429947441e-26,3.2692408198783843e-44,0,4.065140340328746e-34,4.285904625399e-13,1.637614542672158e-210,6.616660889245115e-8,9.18571879553688e-43,2.9079328411737244e-47
rs7341483,0,7.225000216023585e-29,7.705063679788165e-57,0,6.463760662679065e-33,2.2979706427626666e-12,1.7843668303577849e-211,2.4264659522748923e-7,2.7719411667106e-32,1.8535462412305486e-55
rs6461690,0,9.339205859494292e-29,1.1537358279808255e-56,0,5.097112733790803e-33,1.8443312702953255e-12,1.45653383262789e-211,1.9959479384709338e-7,1.4116999612156055e-32,2.3878985692793014e-55
rs7787110,0,2.0009091204842178e-27,1.4265274778566962e-54,0,1.8499130709399824e-33,7.586321335941591e-13,6.001303142877277e-212,1.025374530108912e-7,5.965196990953768e-34,6.515904410251733e-54
rs1006709,0,2.4288345158139473e-27,9.434565279587382e-38,0,1.8244043302127596e-34,2.2748030626612737e-12,8.267574727926648e-197,4.095931996346913e-7,4.1205035516731826e-50,7.376467854175384e-48
rs12700412,0,1.6775766956389555e-56,4.429585317836635e-105,0,5.956767955437254e-40,1.3961409873774511e-18,5.23050581433343e-217,1.773876323665193e-12,2.6270919302998073e-87,4.500681261080055e-82
rs118010204,0,4.840240743157138e-58,1.0538176233560823e-106,0,2.2189382837343223e-11,2.088845909215873e-18,4.4701869574980697e-175,6.303328051024809e-12,6.157253253730317e-91,3.1419333791777123e-84
rs56400441,0,2.3573346246466027e-24,1.7156858415103706e-35,0,1.0757553588246298e-33,7.624870720992952e-14,9.46212986437419e-194,6.750400239887266e-8,7.919704878384939e-61,6.555512049122714e-45
rs10256524,0,2.9189492526996422e-27,2.192152920171143e-54,0,2.2672030942289043e-33,9.355072323138685e-13,7.449031483921022e-212,1.275055442904501e-7,6.26615347408212e-34,9.497181901217198e-54
rs10256996,0,1.4316539794936456e-32,1.7628531747325166e-66,0,2.525972650772852e-35,9.287771121207578e-15,1.0785720095727551e-211,1.2789426886873482e-9,5.697448107520597e-45,3.8656714550441467e-59
rs11772019,0,1.2843566047576417e-56,1.0200667168815303e-108,0,1.4071239793904763e-33,4.7540414962064854e-15,2.5040302214044786e-203,1.1355268531790519e-9,5.462276068671288e-81,8.397320152497709e-83
rs987257,0,3.591381124500836e-25,3.130512664936193e-51,0,1.019698853789417e-33,4.550989581647357e-13,4.1519066195239236e-212,6.71343413579992e-8,1.969870325199383e-33,1.5207576994804421e-52
rs1034963,0,3.337531265085878e-25,2.547496766260595e-51,0,9.154601501377653e-34,4.169080192497983e-13,3.672344723856659e-212,6.452452988344978e-8,2.561920643882196e-33,3.751921505388844e-52
rs6980224,0,3.579994498073254e-25,2.8065269202673837e-51,0,8.968161440624816e-34,4.0969112024340405e-13,3.620763750971325e-212,6.367612319241153e-8,2.3158170659399462e-33,4.0204436989293285e-52
rs10239760,0,4.934840217199944e-21,3.3157108365259995e-49,0,6.322756508142073e-35,4.02604317570882e-14,1.177894931113037e-211,9.545158940308134e-9,2.76292971312615e-37,1.0256867600827662e-50
rs764534,0,8.813435918873335e-21,7.206654063795351e-49,0,5.226082808937423e-35,3.4136404183531226e-14,9.580642416970626e-212,8.384237094436714e-9,1.1592177087040816e-37,1.7686091188967313e-50
rs1558313,0,1.3004086893526676e-24,1.486386575239692e-50,0,4.326136475332298e-34,2.1443466390543238e-13,2.173412077239443e-212,3.6428050719013674e-8,1.2495425415543588e-34,1.3315729796768828e-51
rs6461693,0,5.926259796545923e-25,5.861973206197331e-51,0,6.739879848997036e-34,3.1635471389514527e-13,2.877831572834509e-212,5.101175426539593e-8,8.64173557931376e-34,6.597368569960342e-52
rs7805206,0,9.110831425773872e-21,7.711808385167955e-49,0,4.7173831603087424e-35,3.095209817319246e-14,8.623653150207314e-212,7.649538310950863e-9,9.286770175189229e-38,1.8170211959461638e-50
rs10224327,0,8.265160950693767e-19,1.967534518649567e-47,0,2.5730684256323484e-35,2.030878880247184e-14,1.1013536290891121e-211,5.8265200982031676e-9,1.7431534308564656e-41,1.0980740150645227e-47
rs3807452,0,6.935557014072876e-25,1.69589720514732e-33,0,1.234220758579959e-34,4.939295776973222e-13,2.5741783760133893e-196,1.2059810092660478e-7,1.8042754984590224e-51,3.37818852810739e-46
rs2058275,0,2.881940591643148e-55,5.4187955648334456e-102,0,2.2841817881564055e-40,9.440741493930649e-20,5.599171905545528e-215,5.374711827971508e-14,3.119629776322247e-94,7.6835487888486275e-84
rs15775,0,8.384135143623377e-25,8.712546155259101e-51,0,8.064334973843755e-34,3.807033601871871e-13,3.484508419346916e-212,6.186875443147769e-8,8.912704402372202e-34,9.316268473744917e-52
rs4140959,0,4.356505544990401e-24,1.0118795020939946e-49,0,1.376749221839733e-33,6.571405977962894e-13,6.085869485257386e-212,1.0840274828378295e-7,5.587676252783183e-33,2.1867561120696736e-51
rs6953996,0,2.5984044350589987e-23,5.7022703051717336e-52,0,2.8825618932562543e-34,1.441017748857593e-13,4.664280173119753e-211,2.6581397946076628e-8,1.1939488034931336e-33,4.395786124689089e-53
rs4294098,0,4.9988191967801866e-20,1.244611458652256e-50,0,1.0964636115252324e-34,6.587842764797983e-14,3.2215730283780407e-208,9.686303239697918e-9,1.563321076871606e-34,4.675337700119118e-52
rs2141306,0,1.0955719095524727e-19,2.9085506895183093e-50,0,1.8066438994966443e-34,1.0956840742903809e-13,5.099963783405792e-208,1.640278231594773e-8,2.002247192901924e-34,1.0029851761380256e-51
rs12538942,0,1.16735519326959e-45,1.9708391386782848e-76,0,8.174171457293468e-38,8.119533515418642e-16,3.365522916632792e-206,1.0598065188611646e-10,3.5018866014732784e-76,1.103186942139524e-65
rs870476,0,1.977218258389549e-19,8.87730914934348e-50,0,1.9337399225616826e-34,1.1860199434865865e-13,3.935280638040553e-208,1.8792556799770897e-8,1.0949540423148262e-33,9.672107826858874e-52
rs2091491,0,7.799517223177685e-57,3.7640518928457015e-100,3.456954360067598e-207,2.246165510253599e-27,3.5287341635705005e-19,5.33250757704584e-22,2.959910579728666e-13,3.042088611538544e-94,6.204752648178026e-82
rs1881201,0,2.4681935804122272e-18,1.5977736819562671e-25,0,2.1261458636812296e-34,1.7606531712815138e-13,7.723831093337573e-198,8.635339453531566e-8,1.5668612504085506e-50,1.684494568366483e-41
rs955187,0,2.2554039823435464e-22,6.2621997551216365e-28,0,2.4011324546591486e-34,1.1794870635566434e-12,6.413436764227214e-195,3.4805694379158997e-7,7.239930572832215e-47,2.372039713995085e-43
rs4722227,0,8.696236664940508e-57,3.3273714991685126e-100,1.2627586109556712e-206,1.9150126740543535e-27,3.703856539221348e-19,2.459363617253243e-22,3.1194596693526655e-13,2.9740641471237455e-94,6.048161133928305e-82
rs1468,0,2.2421397257180106e-58,4.2822539816309964e-110,0,9.84861485301409e-40,1.6833500326523694e-18,2.3845866682453047e-214,7.506817162790917e-13,3.8998269531068866e-92,1.615158856166209e-84
rs117886838,0,3.69409020547952e-52,1.5860070309177488e-101,0,6.371922643522871e-39,3.954180907148763e-18,1.0837859213495784e-215,2.899715293438001e-13,9.571023406257947e-97,9.734222222330421e-76
rs11770879,0,3.6559607984656766e-57,3.193345657148314e-107,0,3.088233972390326e-41,7.693166018322681e-20,4.025217183239529e-217,9.536147867558874e-14,5.533719994978228e-96,9.642558684842577e-84
rs706013,0,1.724658293990354e-53,5.3984205672369867e-107,4.082146771485756e-124,7.926733563178567e-34,3.3908546439307976e-18,9.411852223355245e-89,1.3650035147705572e-12,5.640982730717836e-96,8.893205304447251e-84
rs10254544,0,1.1943594827538548e-7,6.863388349984768e-39,0,3.2276959850954534e-36,5.622507339529964e-15,2.643732460610353e-209,4.006006072980595e-9,5.369176114472169e-45,4.9414427853878704e-43
rs858249,0,2.724479069651568e-55,5.833450107756842e-101,1.2915683128463644e-212,1.4202302000670611e-29,1.1320115127767987e-18,0.0037306201394667407,1.0176271400012045e-12,2.5940010601940156e-94,5.013362322354749e-82
rs858245,0,2.0841046222534806e-55,8.713227803312183e-101,4.3584111399631406e-214,2.2779788318692772e-29,1.0439756064477645e-18,0.03738377418110971,9.322876373703834e-13,2.946050259713396e-94,5.739179679937859e-82
rs858244,0,2.8675844746445922e-55,8.183878967659035e-101,3.5586147948785764e-213,2.0543717889342652e-29,1.291092637905509e-18,0.01185241444157083,1.1573391207400896e-12,3.235252072256541e-94,6.274065721473602e-82
rs6955115,0,5.133800923294052e-15,5.485936272176795e-47,0,2.415943141471457e-35,2.0710030939717908e-14,8.256645441451624e-206,5.979264445936145e-9,1.60364029796971e-37,1.6689442343710247e-49
rs10232205,0,3.6314388219011207e-57,6.092967962495285e-107,0,1.0600723817380267e-33,1.1051520637920173e-14,1.8658625508991149e-211,1.0791504994207255e-8,7.887804457522347e-63,2.7183836610627296e-83
rs1728327,0,1.9245824663677233e-55,1.4935578233417227e-100,2.2486180082688876e-215,4.170434918623895e-29,1.1459066188123594e-18,0.37222951283303224,1.017040091440816e-12,3.920166753920881e-94,7.693125446675378e-82
rs1637215,0,1.2342773914965864e-56,4.734824784533766e-100,1.6493419428915688e-186,9.962559665666814e-27,4.2497797404288523e-19,6.820752100957708e-13,3.5390770474589125e-13,3.903843120373875e-94,7.147989798986584e-82
rs13243961,0,6.534183911261203e-41,2.453161179158436e-86,0,2.421034799364572e-34,6.773259261360678e-14,1.2934466393766306e-207,4.855845696994891e-10,9.295892318807954e-97,1.6712686313843285e-65
rs10634,0,3.2204501126651223e-55,9.298605439681074e-101,3.785208503352448e-213,2.337093814111846e-29,1.4546923199226194e-18,0.013920456414281183,1.3038399698087118e-12,3.658438910532057e-94,7.095725543343221e-82
rs858304,0,2.1610079416170615e-55,1.0320888471457998e-100,2.429333473075392e-214,2.7367797152847413e-29,1.1235064615935674e-18,0.06465955022372813,1.0019852116604855e-12,3.304559644341888e-94,6.447768685985555e-82
rs858303,0,2.1615653245994043e-55,1.0315257278033376e-100,2.4390849875244625e-214,2.735052542849476e-29,1.1235439602229533e-18,0.0644767129371544,1.0020266521429493e-12,3.303843512242684e-94,6.44630988851709e-82
rs858296,0,2.3425508010105725e-55,9.482800618924042e-101,5.6944001896904924e-214,2.4706760433656096e-29,1.1629073316982438e-18,0.03711800152009215,1.038828178577188e-12,3.2488853898054107e-94,6.326706857167513e-82
rs858291,0,2.2424190423854e-55,1.0680754933427367e-100,2.552878429114079e-214,2.831389325422602e-29,1.1649507638845427e-18,0.06640087346955151,1.0389747255238758e-12,3.4235741880447575e-94,6.679772049643322e-82
rs114479506,0,5.416349701398538e-52,3.3201521877550637e-104,0,6.777404052942616e-41,1.639835531783809e-19,7.74059425397051e-217,1.631196288393438e-13,8.556499737812133e-96,7.272794043874965e-82
rs858285,0,2.589935223613587e-55,5.752908283515153e-101,1.0344309945083407e-212,1.406110858064607e-29,1.0872146259828874e-18,0.0040844250300001396,9.770018595042897e-13,2.5199922614872563e-94,4.8724528379798167e-82
rs858278,0,1.7128570527447666e-55,1.1371064063552137e-100,4.145072454052592e-215,3.12280490772642e-29,9.763230999725003e-19,0.18177051890115783,8.678755949391085e-13,3.181587413136775e-94,6.232142408659887e-82
rs858277,0,1.7459076425733353e-55,1.0822932185947257e-100,5.815813875893864e-215,2.950679260604855e-29,9.76295963672168e-19,0.14237313990819156,8.684432775027328e-13,3.1143702682436063e-94,6.095517256781479e-82
rs6956974,0,0.44826913691521986,5.582244607030252e-44,0,3.1319747656159276e-36,3.4039061319413287e-15,1.2595466968731617e-206,1.6761169667702488e-9,4.632889379688785e-50,9.315575800341473e-53
rs6961109,0,0.551730743648815,6.999069973953206e-44,0,2.9843881795914016e-36,3.2684222824429815e-15,1.1270475349806055e-206,1.6373397647831742e-9,3.670924300312713e-50,1.0739995346285335e-52
rs78213073,0,1.5039027429231847e-57,1.1761748511070755e-107,0,2.295498715471039e-37,1.6083573553263312e-17,2.4911648474272218e-214,3.715629972927915e-11,2.4200456344370564e-75,6.75623139126681e-84
rs7807879,0,2.0402469956766933e-15,2.3342079358116695e-35,0,1.9284238925465973e-35,1.5326807687471087e-14,4.015103960907732e-205,3.813152247444112e-9,1.321140622035588e-35,4.047781004357043e-48
rs1624451,0,2.0110202219671418e-21,7.815169251072519e-8,0,4.730506916357455e-34,8.762616442432105e-13,1.2493013764365337e-196,3.7060540182080325e-7,1.404360202035306e-44,1.143284221786803e-37
rs1728292,0,1.074316550785485e-21,1.3360218355988524e-9,0,1.9968161603817337e-34,2.8421749506894276e-13,5.8886705612718264e-198,1.3281736391042414e-7,1.2720966534482377e-47,1.840048945466102e-39
rs4719731,0,5.763653380952637e-50,6.946549892101949e-90,0,1.173453957919579e-40,3.4193953202989368e-19,2.353760076288318e-217,3.0970810945414425e-13,1.3422708912054488e-83,4.295287781810317e-74
rs10268610,0,7.396541032051066e-18,2.9423217588605716e-34,0,2.8181051162823014e-35,2.1224478554018896e-14,4.3720742844149216e-204,4.968891686138652e-9,4.406768205593903e-33,5.536125912687195e-48
rs17147930,0,3.9614981614241405e-56,1.5651680787281487e-109,0,2.5146254425163308e-37,1.9686314657997463e-16,9.393071438163192e-217,5.564722323527525e-9,2.3123496613064408e-83,1.0133164747488202e-83
rs13240597,0,6.604616263815251e-55,2.6648013559845586e-98,0,9.763942729621112e-41,1.9367096335654333e-19,1.2225275527903172e-217,7.213716458325866e-13,2.5335446537786187e-83,2.9348962118444476e-77
rs1881203,0,4.739371558208173e-19,1.46971071563843e-26,0,1.6662952225466851e-34,1.242914443997622e-13,2.9233967783852626e-210,3.847755190548114e-8,1.8893819981439398e-33,8.137161284136907e-45
rs199347,0,4.6936845960921024e-20,0.9999999205122978,0,5.7017392802373485e-34,4.212124639601476e-13,1.046666903324887e-194,2.1346151219307633e-7,3.793015939401106e-47,6.202504371663683e-36
rs9639460,0,2.322256578604947e-44,3.95528088705318e-68,0,5.4381082339806356e-37,8.878012014216665e-16,6.783630403389538e-202,3.9818111861098497e-10,4.708989761133332e-82,1.341248058023088e-66
rs199354,0,5.171924969342547e-57,3.51042421917711e-104,1,1.0910690990462696e-25,1.25833346218421e-19,1.6849485219000424e-74,1.0856447718703962e-13,3.838073474252553e-95,6.836554203464357e-84
rs10085838,0,2.3710247692292227e-19,1.1853648260883263e-28,0,1.7790154682608746e-34,1.3181489077594652e-13,2.944977446862581e-210,4.086790943295009e-8,2.8613238921688096e-32,9.512913042512077e-44
rs199350,0,9.394591515798084e-57,4.455365887215418e-105,6.772701566340517e-15,6.472839684727275e-26,1.2864241433817977e-19,7.410316069706209e-81,1.0261461782187211e-13,3.4068494778802485e-95,4.353604065629311e-84
rs199349,0,8.721800976862734e-57,5.360666326029669e-105,9.622716305115586e-16,8.920735094144222e-26,1.2906732246061055e-19,1.8880178589549005e-80,1.0456410024513901e-13,3.779491912516148e-95,4.565941535226794e-84
rs75801644,1,6.079768039011143e-57,1.2760556118974712e-107,0,5.256536925805291e-41,1.5164693244659075e-9,1.2317096646290853e-217,9.818584687634865e-14,3.829953457281845e-95,2.0838059475596344e-82
rs156422,0,1.029868969298229e-56,3.6315094353626255e-105,6.344155543915496e-14,4.5174930879140815e-26,1.2905122566429311e-19,2.5623416842788733e-81,1.011297770899998e-13,3.046845148923705e-95,4.151761393479727e-84
rs2268748,0,1.5652388190996866e-52,2.1773994126497177e-101,0,4.930543603741123e-40,3.4173760076133884e-18,2.4641617557250153e-217,2.024334544376299e-13,1.1192901366232698e-96,5.941739444114855e-81
rs2268747,0,3.81998836753492e-20,5.102485121002114e-30,0,2.3612665437151813e-35,2.5097661495837304e-14,9.174620761151275e-212,1.2466211215538234e-8,1.7939545464655772e-33,4.499211572188886e-36
rs77253147,0,1.2547790410884628e-38,9.19205327428295e-75,0,2.913950886491716e-37,2.5891015457460545e-16,8.138202494066041e-215,5.142531897404987e-10,2.0146406733520434e-69,2.1229301081827834e-60
rs5850,0,9.699828893879765e-21,7.100700565746351e-31,0,3.585468865557559e-35,3.597338127954991e-14,1.3758370374268022e-211,1.670236151818115e-8,2.175794857146336e-31,1.1670270801762314e-35
rs156408,0,8.142984583177163e-57,6.652122235555609e-105,1.1454468548281697e-16,1.2848354903804831e-25,1.3121148393410184e-19,5.336821306151922e-80,1.0812648668151625e-13,4.2903215279997265e-95,4.87319320206404e-84
rs78294387,0,2.5246973579623034e-56,2.3843424668159837e-108,0,2.75155772970722e-12,2.049966825858147e-19,2.5067198052617474e-153,1.770337030392076e-13,5.307415358659678e-96,3.142956877793192e-83
rs461239,0,7.225035701734759e-55,2.313268046087333e-109,0,8.123486891692226e-19,4.843237567613436e-19,3.3421378942722036e-157,3.8912621365158714e-13,1.743132635318545e-96,2.0712072140034856e-82
rs464336,0,1.941793286208442e-57,1.4682625305305998e-108,0,0.002397089710588907,6.091804324960971e-20,1.109284702364959e-161,5.423826998593579e-14,4.118786285671915e-96,1.3631793167423313e-83
rs456866,0,1.1078921642871388e-54,2.3887511367888605e-109,0,4.342239816243681e-19,6.3254272732572635e-19,1.083277036802488e-157,5.066220425960328e-13,1.9453807258462052e-96,2.956789200758957e-82
rs199656,0,5.095188985247964e-25,1.840847150429164e-30,0,7.834269365057083e-36,1.6376070775807525e-14,3.0503426889978855e-208,1.8878848245319023e-8,5.971289392655906e-50,2.1807704034024044e-8
rs199359,0,1.581255633753458e-24,3.5101315196454864e-32,0,3.2146586618993224e-36,6.7807281357931574e-15,3.0096973732729474e-208,1.4063575667370224e-8,2.738887857038582e-56,5.8778709433853e-5
rs156404,0,1.673526694203325e-57,1.9453160520715096e-108,0,0.0084798679642609,6.29246654246684e-20,5.161691413465152e-161,5.525781448219685e-14,5.033778130495697e-96,1.1797194292853468e-83
rs156409,0,1.7574573912017343e-57,1.7740576975598572e-108,0,0.005603119598034508,6.226915116413087e-20,3.117262398711717e-161,5.4930303892689725e-14,4.713844393372555e-96,1.2372032889458752e-83
rs156410,0,3.681574453147081e-55,2.6031643645904245e-109,0,3.41987999669889e-18,3.4036415674394846e-19,3.833983118961456e-156,2.751626542762146e-13,1.678880687091248e-96,1.218048161575894e-82
rs17796758,0,3.49464273260959e-56,2.6076751852738424e-106,0,6.503856815279766e-39,8.857612781180397e-18,1.918522969800417e-216,1.7357322374684164e-11,3.140322960222237e-88,7.2462654378090535e-81
rs117661739,0,1.3526903967866987e-54,8.973257468339895e-103,0,1.517107319215548e-40,3.505002283337593e-19,3.490646308695989e-218,1.1447706933324557e-12,2.3781954222499707e-95,1.3230036225633408e-80
rs156419,0,1.7559152101384532e-57,1.755410200827573e-108,0,0.0054228912521866275,6.196119912935572e-20,2.998417546115585e-161,5.4675634225396926e-14,4.6727882283669054e-96,1.2360024069194117e-83
rs17796841,0,3.846572913424089e-57,2.380668540484575e-106,0,2.757153498772487e-41,5.519726111331356e-20,1.0578134482331894e-216,5.400503170380512e-14,1.4598785321475793e-95,5.1727950688331254e-82
rs17740440,0,2.0579052633943902e-52,6.773393666541072e-100,0,3.385826080846763e-41,9.579836091921177e-20,6.718805562430227e-218,4.5118687260381494e-14,1.8285548090893502e-92,1.1144740533477544e-76
rs156413,0,1.9547547846514926e-57,1.6566659438350777e-108,0,0.003509643814787447,6.434292081207768e-20,1.7466268110076433e-161,5.707870586683187e-14,4.548827298553285e-96,1.3737834106937577e-83
rs156411,0,4.212248329161367e-55,3.521828388515756e-109,0,6.116156012003839e-18,4.1681926929665883e-19,8.476462655502455e-156,3.3740900604071685e-13,2.1978074090247846e-96,1.4365266723748668e-82
rs586926,0,1.9445785017946415e-57,1.7885186673969493e-108,0,0.004567259711333481,6.625136944072125e-20,2.394624169084471e-161,5.861783670921398e-14,4.836024080213663e-96,1.3677067575745853e-83
rs17797041,0,6.357660926477476e-41,1.795721003496784e-84,0,6.987017608700003e-34,6.927961298999267e-14,4.381564517995757e-208,8.549357833201622e-10,1.1934661084955036e-96,2.8491501989618507e-64
rs76983703,0,1.2693329660445827e-31,1.4110878266203024e-59,0,5.905387509413599e-38,1.0092881498430639e-16,1.9364290893454902e-212,4.5692423465302164e-11,1,7.493394010371855e-45
rs1964536,0,1.3757484816812051e-34,4.452784867427505e-59,0,8.274816947489839e-38,1.9775210282927222e-16,4.4505872297318457e-212,1.616542507424471e-10,5.392978635544388e-78,2.525968799904223e-35
rs10488282,0,2.0619243329239727e-40,2.325323039274978e-79,0,7.040108750276018e-37,4.115779980407e-16,7.536573892442457e-215,1.2685320582855067e-9,1.279574400308988e-72,5.923476348621206e-45
rs274046,0,1.8681903139709552e-57,1.6629105798465242e-108,0,0.003940529417297732,6.277721157857912e-20,2.023354227849626e-161,5.5602294613766186e-14,4.524114363230098e-96,1.3135660004534822e-83
rs274047,0,1.9076302655229547e-57,1.6999882739122756e-108,0,0.004039080623826835,6.413385331670636e-20,2.0754921372601596e-161,5.6801771104437975e-14,4.623980502512419e-96,1.3413120678318511e-83
rs3807462,0,2.0371210931884194e-39,1.6702717469882205e-77,0,1.0688288647550675e-36,5.322227011488369e-16,7.086042016106288e-215,2.911890307634207e-9,2.5129437056660976e-73,2.6072187763911717e-43
rs274050,0,1.75929835037092e-57,2.8497489025079816e-108,0,0.026503649940923867,7.606653252123621e-20,1.9933160701427177e-160,6.608983314850155e-14,6.928764711211313e-96,1.2441559459806662e-83
rs74452222,0,1.9139937008432142e-58,8.254227823798122e-107,0,2.7112047468754906e-41,4.634900152375589e-20,4.322561223734695e-217,3.823925351853647e-14,1.294855672622134e-95,2.0067666699179323e-81
rs274051,0,1.8019375800629729e-57,1.7294995311422893e-108,0,0.0048681315028324184,6.25035968834874e-20,2.622675134823563e-161,5.522636307737088e-14,4.639165416198256e-96,1.2679008701599584e-83
rs7796541,0,8.510550355104408e-30,4.69749041320209e-37,0,9.555488503448586e-35,9.293360004119197e-14,1.0439527309242843e-207,3.686575020755175e-8,2.864735898674071e-34,2.3288635545780903e-20
rs3807459,0,1.0925354905599808e-28,2.035439093959202e-38,0,1.3135163045815685e-36,2.7961579636193128e-15,1.9642876538925926e-207,2.5852759420435345e-9,8.78181881264768e-55,8.650359444717445e-5
rs274053,0,1.1877431904419295e-57,6.008560632756205e-108,0,0.7526678475807117,8.291752788620742e-20,1.170074531928045e-158,6.944049283025404e-14,1.1796989488836738e-95,8.492733670334738e-84
rs73088156,0,1.8893510827921156e-55,1.0285861925034681e-105,0,1.7037661816209738e-39,2.133354969157976e-18,2.3269659684216936e-216,1.852683725551327e-12,2.1842276507002193e-94,4.436036816303979e-80
rs200717,0,5.540123442595749e-30,1.2911360625405855e-32,0,1.2330270558355664e-33,1.1464388633976397e-14,7.267941113156567e-194,1.0291310399072852e-8,9.311570812436985e-58,8.418129780471416e-8
rs274061,0,1.4756283993907904e-57,4.453471862234065e-108,0,0.17152467800075347,8.289965682879347e-20,1.9182209425988583e-159,7.059595476010357e-14,9.634120866057988e-96,1.0498454027760858e-83
rs274063,0,1.9439960234036088e-57,1.9887895500311505e-108,0,0.006476210857524547,6.926761176828883e-20,3.633861003818713e-161,6.107773087331452e-14,5.2711511493311645e-96,1.3686977177976738e-83
rs433395,0,1.6122728497046412e-29,1.362197672707057e-29,0,2.7632666436272534e-33,3.131005419553497e-13,1.526455056239404e-193,2.374980743985471e-7,2.859427706602198e-44,2.6286152922366154e-12
rs2615691,0,1.6419552306713077e-58,3.0858592370901746e-109,0,1.923690615683814e-16,5.475636163578422e-18,1.919246344982184e-192,9.499017801511448e-12,4.011097183251377e-89,1.20064370535104e-84
rs10255155,0,2.4518651711373197e-30,3.364045740644208e-39,0,7.337442290729998e-35,9.438095738580292e-14,6.327716816264946e-208,5.3200445510769986e-8,1.605953868292869e-37,3.771446484406537e-13
rs117444157,0,2.4466799851377785e-54,8.781251903496662e-107,0,7.00373769873116e-35,3.084036808269548e-15,2.6445076810394657e-214,1.4320440674729587e-13,5.301277537642314e-89,4.222657064768784e-82
rs10229956,0,2.2775880527647735e-34,2.5093266052016138e-49,0,2.053976960860211e-35,3.8616488102779253e-14,5.769415201626271e-209,1.750440385031544e-8,1.7302492145862258e-47,0.9998546112366223
rs4265084,0,2.5400237034509704e-28,1.4776080065091997e-35,0,5.076526046654997e-35,8.354503405812624e-14,6.2196381660246876e-207,5.5763190901259436e-8,7.62756347670324e-40,4.674799281420008e-10
rs79813938,0,2.403477052189273e-56,3.7534226059162795e-109,0,4.3974271785580924e-35,1.3929554303661714e-15,7.669474451491664e-211,1.6468901252689276e-8,5.0700307504466387e-95,6.073343805197059e-84
rs6461708,0,1.829607801312483e-57,1.2974885765724266e-101,0,1.5547747089590637e-40,3.1574274439691545e-17,3.4003552191461436e-217,1.3992359110728133e-11,4.972040029349555e-66,8.010987105106448e-82
rs439593,0,1.1374654250579943e-57,3.413798087517029e-109,0,1.6428512765687704e-40,5.339609669593104e-19,2.11340810005509e-217,3.902702335536395e-13,1.2070246582894403e-93,1.3494938350337425e-83
rs439590,0,4.555111525147911e-57,1.8468300048597467e-107,0,4.522933707225773e-41,1.6899929068249896e-19,4.467925032649548e-217,8.35741977081258e-14,2.265329849552283e-84,3.063701247227081e-82
rs274029,0,7.85883704066618e-57,1.0435745502791475e-106,0,2.2611085445761684e-41,7.02116029719179e-19,1.8491093157644829e-218,1.5524514808303877e-13,8.386374163103691e-97,3.083195292311944e-82
rs17797853,0,2.2097408597736484e-55,1.0939388547206164e-102,0,5.929887247810202e-39,4.8054770075716987e-20,6.1530839902309574e-217,3.9836006453452574e-14,1.4968694915583867e-90,3.6140669053395644e-82
rs73281643,1.3127697196729352e-169,1.3727239756973885e-57,1.8434339157809043e-108,0,4.409032491352617e-41,0.999999998453049,6.072614624078171e-218,7.741304964282515e-14,3.8419321442878506e-95,3.421208745153439e-83
rs11762251,0,3.4955888507988207e-53,4.053495013990936e-102,0,1.3688573693062948e-35,3.48038924585723e-19,1.572288609491205e-215,1.5275724261655402e-12,3.7196937964581143e-96,2.8350648044208936e-80
rs274017,0,4.791414924927467e-57,2.3087548369022308e-107,0,4.3050548250204794e-41,5.592756979403558e-17,3.26460664806773e-218,7.693074003324247e-14,3.921667773792491e-82,5.870048618441774e-80
rs12700428,0,3.8185032370821446e-58,1.2473450807782966e-108,0,3.7893844179513726e-41,1.4633610916711032e-19,4.5024299655962033e-218,7.570140769785247e-14,2.2866011652940652e-82,1.656467708711037e-81
rs117804920,0,1.5969367162391093e-58,2.0813781052255685e-109,0,5.216436759628395e-41,7.051638969464102e-19,1.818757221032249e-218,5.245892520911582e-13,5.074965490799704e-88,1.572026792473578e-84
rs12700430,0,3.848449355451335e-58,1.3925811335497745e-108,0,3.52128570989203e-41,1.3015196437642684e-19,4.701384443776729e-218,7.081520273239832e-14,4.13123447897746e-83,7.717177529886082e-82
rs13229367,0,1.7289856101055588e-58,3.2979930085959057e-109,0,1.6122445845564088e-40,2.5652838824340354e-18,1.91657925755159e-218,5.962586599729319e-13,4.9532510894630224e-74,3.8499822715886e-83
rs274038,0,2.2273625962523143e-58,4.9123228641703235e-110,0,9.9105764085351e-37,1.1591652785574867e-15,1.2934918766833733e-213,6.771286708775618e-11,1.2888627536397892e-80,1.1483093474101406e-84
rs274035,0,4.5345589683429705e-51,3.160703666578601e-98,0,5.1059970717851256e-36,1.510351173141308e-13,6.738771533599944e-215,1.4118127268870001e-11,2.9143833066285627e-95,2.2192292081869577e-79
rs79429530,0,1.626780882471255e-55,1.8601132389872043e-105,0,9.777638105366026e-40,1.6161213602272283e-18,6.888847050276484e-217,1.8215966249251518e-12,2.030679622168164e-93,5.427367835563303e-81
rs12670654,0,4.391887274329976e-58,1.821192542313339e-108,0,3.494866551551666e-41,1.2255989912553596e-19,4.935215269837359e-218,6.788614110565613e-14,4.49536341498051e-83,1.4891242543574402e-81
rs274019,0,3.5569409024399426e-58,5.676463807053416e-109,0,4.4740919665285193e-41,1.3350118088881117e-19,1.3237171035270481e-198,9.375184386326377e-14,1.0118956252451151e-95,4.2125513543467565e-83
rs6651066,0,1.5717975530016726e-58,2.7235348661726236e-109,0,9.421773122556635e-41,1.210326194167307e-18,1.9259426961136936e-218,2.4840378953436085e-13,3.534641297743618e-77,3.014598986137579e-83
rs34543392,0,2.6218043167053254e-55,1.4124199877628755e-106,0,2.0649080584067783e-40,1.72790323267092e-18,4.554410581658422e-218,1.0977117432726451e-13,1.106528504954787e-90,2.6630303845784e-83
rs12534523,0,1.373489349714886e-52,3.369951489040223e-95,0,4.473386146503557e-40,5.608646102546277e-19,9.372099384615207e-218,2.423040365777326e-13,1.0047092629302818e-71,4.1176724676613544e-77
rs56041996,0,1.2672046432118819e-57,7.102343299591957e-108,0,3.880871170626594e-40,3.2305595288861756e-19,6.879693478928133e-217,1.7822802962263368e-13,4.620740259608016e-96,2.182347461049974e-82
rs6971100,0,1.800855747035218e-58,5.2326798737418777e-110,0,9.018483911323546e-39,5.952613028294535e-19,1.2685381554740785e-214,2.8211985478220554e-12,2.51301645476569e-94,2.049489050702156e-84
rs7808836,0,1.8466561172243672e-58,1.172792414522903e-109,0,1.820146078441883e-37,2.3079359286003617e-17,2.788279457568325e-214,1.7263115174536573e-13,1.2156943110977507e-84,1.1367756691649647e-84
rs79078294,0,3.536003302670253e-53,4.2453892963959143e-103,0,1.0294888091982944e-37,5.849352998572135e-17,7.2319295427839395e-217,4.1926458050621574e-12,2.274066880293155e-95,1.6324953818589934e-78
rs11763760,0,2.1086813578798177e-58,8.581721569166352e-110,0,1.846874768316561e-38,1.5873142548260163e-17,2.676398077983946e-213,1.579376927061918e-13,9.848696227676308e-93,7.394953498381119e-84
rs6957923,0,5.30788569835467e-58,9.664878780759823e-109,0,2.1266086782703545e-38,5.571306637165712e-18,2.8639832290436445e-214,1.3591830400353987e-13,7.274944576165498e-85,2.2011598885866463e-84
rs12540730,0,3.415414894252893e-58,7.311810442359626e-110,0,2.5539951465881903e-40,2.080401012843593e-19,3.831052029431565e-216,6.399386091116168e-14,4.240596607380273e-96,2.2761913284097215e-84
rs73073066,0,3.88243828827368e-56,2.287699966732281e-107,0,4.13824743194197e-39,1.1845472505764604e-17,6.311983754739702e-216,1.885274702962561e-11,1.6739149130744587e-91,1.5698892044409215e-81
rs11762106,0,5.680790805694316e-58,1.0426158694189474e-108,0,1.8513102238280513e-38,5.0222360575312956e-18,2.190550740672435e-214,1.343296935239004e-13,7.947436469045206e-85,2.352287799479643e-84
rs4304239,0,6.74790389617531e-58,1.270155273425614e-108,0,1.9078043757438735e-38,5.265177541045409e-18,2.2148895494162394e-214,1.4689121462966528e-13,7.382256025468517e-85,2.7575797206856786e-84
rs11770192,0,6.20021434332737e-58,1.2141406082685223e-108,0,1.3551135789663118e-38,3.96241056219545e-18,1.0445395632728785e-214,1.3031064423154233e-13,1.0307506585369814e-84,2.6310592652342038e-84
rs12540317,0,6.301926452991968e-58,1.7776034453263158e-109,0,1.4658465844797924e-37,7.5182419172194e-17,1.093181930658174e-216,9.755399286366852e-12,5.795540335554913e-83,3.0796243777686144e-84
rs12534093,0,4.831465162039678e-58,5.959158102995329e-110,0,2.528806677248638e-40,1.863872241557072e-19,7.980158046471241e-215,4.520314239220427e-14,2.2271158363336418e-94,1.3043933434961588e-84
rs4496867,0,4.4971090661427245e-58,3.896979606819812e-109,0,4.290427508113085e-38,6.97446372136109e-18,7.752845002975209e-214,1.8592204064949957e-13,1.9561992597040453e-84,1.6710159465073752e-84
rs12700443,0,3.323537945212318e-58,1.995997449724988e-108,0,4.6752705227271195e-38,1.5951747607001465e-17,3.5185084153107907e-218,1.9042833854586235e-13,1.991080573253562e-86,3.060161525142978e-84
rs10950949,0,4.255929861343342e-58,3.0116842966008987e-108,0,3.8808482099989736e-38,1.3672904553997924e-17,4.006501791323433e-218,2.0415308886523975e-13,9.735678493798924e-87,4.19668141648053e-84
rs10950950,0,2.0920156079422024e-58,1.6620610116788416e-109,0,4.4516508908133996e-38,1.6224082239401094e-17,3.56829412940505e-218,2.916880960685634e-13,2.5089579480946306e-87,2.202287704179375e-84
rs10950951,0,7.154731537189013e-58,1.532200975086248e-109,0,3.8373128719967835e-39,2.634519755007718e-18,2.8457331143981365e-218,1.4057997024445718e-13,3.511979510496403e-95,4.649747507212479e-84
rs7776572,0,3.3313149590597444e-57,1.7217401075672326e-108,0,3.1700108631294404e-40,2.77832298613962e-19,1.246861313170153e-213,1.3435751391717785e-11,5.4649179839585653e-95,5.977860061702597e-81
rs2170681,0,1.3502174079366732e-55,5.7336735262347174e-108,0,5.56114390040865e-37,5.990155847772803e-16,4.577707421774012e-217,1.054954697911261e-9,3.329466470532958e-91,3.713509863117366e-83
rs12333686,0,2.5179183114591503e-57,1.3052653300289086e-108,0,2.340553799863075e-40,2.347640813411396e-19,6.146345955948948e-214,7.584126907362743e-12,3.130572783401509e-95,2.841803413617398e-81
rs4719732,0,3.7539404275316943e-56,1.1214048732655131e-105,0,5.660193777676013e-41,8.364241956366692e-20,5.1668002730931454e-216,1.4950608159152257e-11,1.0196163181684692e-96,1.9549549775615223e-79
rs10259241,0,5.1603607649221676e-58,2.285761973685378e-109,0,5.060688157975555e-38,2.873561889376738e-17,5.485680609651687e-217,4.339494440703106e-12,2.4575344530056067e-84,3.1371065712369384e-84
rs28558701,0,2.0347091053275486e-56,4.378243662251682e-106,0,7.681374238692547e-41,8.147950830404754e-20,1.1276718398882848e-215,2.3450871382239598e-11,9.449382600809809e-97,5.012553124655193e-79
rs2170683,0,3.077910228372056e-56,1.365400497587951e-105,0,7.489939344076721e-41,8.000470788506383e-20,2.5649566223356486e-215,2.579916991286936e-11,9.139869529986855e-97,1.434026019632383e-78
rs1060974,0,1.976730023374556e-56,6.843785380566736e-106,0,6.86919361461486e-41,7.572576996700947e-20,2.510328785607414e-215,1.7955078647620666e-11,9.085060083907134e-97,4.9118204730931365e-79
rs73074858,0,2.6483363214388283e-56,1.355881567501871e-107,0,1.673067466200344e-39,1.4704453636839233e-18,4.370819021989087e-217,1.4085340700954549e-12,2.3122702986273972e-95,2.954169894029794e-81
rs17150424,0,2.995413761585834e-56,1.8059478853168208e-108,0,6.660605977015879e-38,1.5470980548321227e-16,2.0414879882848288e-217,9.279610995644927e-11,2.36697793527923e-92,1.6868860272694803e-83
rs13240694,0,2.320438255082278e-56,8.436022691734058e-106,0,7.576058742901509e-41,8.170734195082742e-20,3.0284396674760474e-215,2.1370835499427653e-11,9.511248919482106e-97,6.217315489371349e-79
rs10499565,0,6.236760175966069e-58,2.1989430391211963e-109,0,1.3983551626873963e-40,1.3084660831195468e-19,9.304650752204446e-213,6.763960919603301e-12,2.888211035103389e-94,8.005439293487914e-82
rs4722237,0,1.7038994209736386e-56,3.8151645633869677e-106,0,6.428304572993474e-41,7.102032152179285e-20,8.604175428559588e-216,1.602500101538816e-11,8.591840731840664e-97,2.835049662603971e-79
rs4722238,0,2.312819225891207e-56,8.682263372108452e-106,0,7.248404150590984e-41,7.705687220725347e-20,3.0731051841226936e-215,2.1494811454698074e-11,8.794075095532518e-97,6.511128300058095e-79
rs41273990,0,1.8747652915337627e-58,6.735513348845212e-110,0,2.5609649007263536e-41,5.443795282222477e-20,9.689765656735158e-218,0.999995297851398,9.51558103074445e-97,1.445508496739825e-84
rs75923419,0,1.332583496155064e-57,5.123251755863874e-109,0,2.1273076250259324e-41,4.872400884370283e-20,7.386111583797234e-218,5.0789674363233294e-14,5.3346926705590313e-95,5.24358541027227e-83
rs6461715,0,2.352475881301613e-58,6.426207696918943e-110,0,3.444724885207015e-41,5.108980126421362e-20,1.872532492796632e-218,7.666522386064875e-14,9.224484308899242e-97,1.3151181572652975e-84
rs11767307,0,3.9518684470445775e-58,9.038460371338405e-110,0,1.1347325376503514e-38,2.280927325698065e-18,3.8211156990360193e-218,1.3204591829174794e-13,2.4411828941125615e-94,2.7517888285446856e-84
rs11767313,0,2.357897731260262e-58,1.0383990358934094e-109,0,1.1991246672931854e-39,3.1711882946269317e-19,6.04838944690506e-214,8.22515468379798e-14,7.386383505383284e-94,3.0141439491367037e-84
rs13236851,0,8.776556171779748e-57,3.1243315563971405e-106,0,2.34900092897773e-41,4.636479584807855e-20,1.9723184611157377e-218,1.0468842935469101e-12,2.0672233026450837e-92,2.603227572006962e-82
rs7781714,0,5.701974057405038e-58,8.924820013252276e-109,0,1.149742212624939e-37,6.592500334874965e-18,7.556043353576836e-217,2.001089881316866e-13,1.3234274028640495e-89,3.592064185076582e-84
rs6949019,0,5.523509580392971e-58,8.366168577414842e-109,0,1.2483908345435657e-37,6.962562363112863e-18,7.891891117764565e-217,2.02158031506916e-13,1.5006511576013547e-89,3.54409676162447e-84
rs227941,0,6.10907698175431e-58,1.0192231672808691e-109,0,1.1921150347282985e-39,7.448774442746831e-19,4.993496326573373e-218,1.669523595186491e-12,6.38078837409936e-94,2.721423558144503e-84
rs227942,0,6.741857707299333e-58,1.0996152626949968e-109,0,1.3763473941385615e-39,8.4533956850779015e-19,5.460225187819943e-218,1.9202364239677645e-12,7.580356887157883e-94,2.8541101265777497e-84
rs227943,0,6.961630079228342e-58,1.13244970622365e-109,0,1.4287589417348913e-39,8.757628697607183e-19,5.632135047258778e-218,1.992471077731661e-12,7.895427807738657e-94,2.9295881632100694e-84
rs227944,0,1.121581035314239e-57,2.0878999726559154e-109,0,1.8141653249106832e-38,5.802798865819448e-19,5.979512392170272e-215,2.647508641426141e-11,6.72808289982479e-92,3.3894262211276812e-81
rs10246526,0,3.0937889289104465e-57,3.849844022818518e-108,0,7.770029083972914e-38,3.248083414218085e-17,5.1499879354774016e-216,8.615720425649016e-12,4.936487040851198e-84,7.350974807551508e-83
rs7806462,0,4.1286463957267296e-57,4.430200718603504e-108,0,1.30121528012159e-37,5.21370015395928e-17,8.06948287919381e-216,1.3329073769971569e-11,1.1247607264027477e-83,8.590170966857182e-83
rs13245014,0,1.0585429487375555e-57,6.468205296557704e-108,0,1.2007775755494855e-39,1.7315941711166643e-18,2.481436513630496e-218,8.131272598435147e-14,8.651008004252429e-90,1.955581835894138e-84
rs227951,0,1.6074982525141324e-58,4.545374914052013e-110,0,1.1700313339248058e-39,7.104538854342057e-18,1.1908225275029514e-217,2.6775704398907143e-13,4.1970048703442355e-91,4.367214069815245e-83
rs227952,0,1.664037075701854e-56,9.680679321861652e-109,0,2.2709534783476856e-39,9.507615001319782e-18,3.6718134112340417e-218,1.5635364906809784e-11,9.200439832012131e-96,5.604578303615815e-84
rs73077113,0,2.9811927147311205e-52,1.9937841683945066e-103,0,6.708298122831675e-40,6.007479711849417e-19,4.478198959898242e-213,5.3843898377476345e-12,4.04379666710699e-95,5.187542879801069e-79
rs227957,0,4.559454993839345e-58,9.720163601324785e-110,0,4.757456735360526e-41,1.0214688434115445e-19,4.949801245611539e-214,9.567463871937642e-14,4.891262819670994e-96,1.0692429754206812e-83
rs798645,0,7.974640593873042e-55,6.900001375430462e-108,0,3.5910526668750115e-41,7.998646311248684e-20,3.5209560906825696e-218,3.652853861735712e-13,1.1751511616653369e-96,1.6654722408514237e-84
rs798646,0,5.976302930307219e-58,1.111694102319021e-109,0,5.426681000930107e-41,1.241998760773072e-19,4.245638305708004e-214,1.1962044250312179e-13,5.2260221258593515e-96,1.0337260609659351e-83
rs11980035,0,1.24635788073973e-54,1.3715786195758764e-107,0,8.616856855571026e-41,1.2783551395824647e-19,1.97242899243955e-218,9.202634240436608e-13,9.16576782052652e-97,1.2353550545985894e-83
rs116981,0,2.480050958915516e-58,7.95921678626141e-110,0,2.080382724997458e-40,1.6031311585549992e-19,2.3143984643347467e-214,1.1187753062314048e-13,1.5673617459514006e-93,1.1367855339770034e-83
rs17779181,0,6.15203557290882e-54,5.887053726278776e-105,0,1.5976612343828751e-40,3.047375611079743e-19,1.4207560596352796e-214,6.56177484091342e-13,4.896408189422539e-96,3.2289262340010874e-80
rs12531563,0,1.8662595757525777e-53,1.2413400165847763e-104,0,2.509913601267766e-40,4.707452312792072e-19,3.124243950374423e-214,1.5276635338632675e-12,1.2641333693364835e-95,1.030825206026561e-79
rs227919,0,6.000454860697184e-57,1.5095162423671972e-109,0,2.0860780738351544e-41,4.733657931400766e-20,6.608504770602379e-217,1.3361916219241153e-13,2.513061457705868e-96,1.3728262273178071e-84
rs227921,0,1.849719671793747e-58,7.539021011656563e-110,0,2.38443760969569e-41,4.689216670971396e-20,1.360569204314566e-217,4.1086354164172984e-14,1.1772686758826703e-96,6.504746627163159e-84
rs12700451,0,3.460683630734259e-54,2.5264883530214012e-107,0,2.900613168864383e-40,3.6845687652017595e-19,2.676492432569205e-218,5.791002380119445e-12,1.1912188592428031e-96,8.329888595869636e-83
rs13227748,0,1.5211433221943858e-54,1.4480303009282934e-107,0,1.8038287018772703e-40,2.4329704257053907e-19,2.3933241226831373e-218,2.7878623307674784e-12,1.0453772253553695e-96,5.270279429198854e-83
rs12673983,0,1.2746319412233653e-57,1.381697828124287e-109,0,2.4839731896816076e-38,1.486775638067558e-15,2.6139602308841196e-213,4.590081901681652e-13,3.788951058845462e-82,4.211446173023219e-84
rs34096175,0,1.4663604712322362e-58,4.547308685713379e-110,0,1.6401365048978473e-40,1.5666217716032358e-19,1.1226097416339265e-216,8.37570807331321e-14,1.4980784949436202e-96,2.2219783652181936e-84
rs117963875,0,2.7182227035183335e-57,3.3721633413954347e-109,0,4.065453518553944e-40,3.1519488170650447e-19,1.6267700545633723e-217,1.1339224601570128e-13,2.011538434646565e-95,8.422735648555957e-84
rs6461718,0,5.6509626075000574e-55,2.8300655030654316e-106,0,2.797580091069442e-39,1.3994643777124096e-18,3.797362151221908e-209,2.092962751141629e-12,4.289250197243936e-92,3.162964227346816e-79
rs6945626,0,2.990348945225913e-58,8.455406265620565e-110,0,2.246172047938209e-40,1.8024525077396148e-19,9.111159008677824e-215,1.0518698498998101e-13,6.910081258233426e-94,1.1231756798465455e-83
rs11772530,0,6.826126978953406e-55,5.462107753088176e-108,0,1.304053585375834e-40,1.8337285797432446e-19,2.0889976153242965e-218,1.680841363801519e-12,1.0109698267914615e-96,2.579142915080802e-83
rs1010499,0,1.9509903753662465e-55,9.001885202284367e-107,0,1.0324665895709789e-39,6.223949752298626e-19,1.684947910629255e-209,1.0242729181076877e-12,3.88022283729734e-93,1.5315315538102114e-79
rs12154330,0,9.792132460649802e-58,9.77844642049876e-110,0,4.1100434346994315e-41,1.1007497892538854e-19,1.171985550586461e-217,3.000431454565357e-13,1.5751304689021654e-96,1.4473320392652085e-84
rs11762463,0,7.061191273173433e-55,5.615947135146414e-108,0,1.3307349751685481e-40,1.868391204610225e-19,2.1096715405358168e-218,1.7241625013405088e-12,1.0221121788776346e-96,2.6416690536865055e-83
rs10253843,0,4.633440603702015e-58,1.153495678675918e-109,0,2.3238400880982526e-41,4.4163580820509427e-20,2.4597693298738184e-217,3.825571905880831e-14,1.8549258565159263e-96,1.7984673657741274e-83
rs10269243,0,1.7423553069885924e-56,1.846917764620496e-107,0,2.466171210128484e-40,1.9701111127736167e-19,5.004283786727649e-210,2.654458664424943e-13,3.9775513445840067e-94,2.0053427706106314e-80
rs79701635,0,2.3026986607652512e-58,3.068775216925579e-109,0,4.416846939460958e-39,6.4387895983054175e-18,9.960032813058842e-217,2.450946490009669e-12,4.26786283776172e-83,2.4133396349580215e-84
rs10230496,0,1.9893447704422434e-57,7.235807748973853e-109,0,1.3349345612901818e-38,3.681348823100059e-18,1.182861121877322e-214,8.873315455432622e-12,3.709610299302328e-94,5.175063463151362e-83
rs7458966,0,1.7150504365116408e-58,5.815269360750182e-110,0,2.1758006241820187e-41,4.799584063761049e-20,6.433650930951759e-215,3.892977018796451e-14,6.451436378192275e-95,1.7342114795057961e-84
rs6942894,0,5.205684911086865e-58,2.308317446964142e-109,0,7.12117037283582e-41,1.5316725326640495e-19,4.070987017112571e-216,1.5471819730740828e-13,7.167218376118452e-96,9.903224312520498e-84
rs17779517,0,1.7505724597588558e-58,5.72236458448547e-110,0,2.1732454769296723e-41,4.776941434652303e-20,5.749100619513394e-215,3.9281524636398384e-14,5.951424641758857e-95,1.6993392222794272e-84
rs1978252,0,1.8512455038878374e-54,1.8696280762484783e-107,0,5.674096370173309e-41,9.086450335784553e-20,2.40465422366851e-218,1.9808872011982564e-13,3.901936022526017e-96,8.355763387150956e-83
rs10248887,0,2.479459337807784e-58,1.414164104287542e-109,0,1.0509958650171053e-40,1.1283292543003744e-19,1.174593056458638e-211,9.944583496991115e-14,2.1896551320593565e-93,6.8663021581123635e-84
rs993179,0,2.2245403390803196e-55,1.078489620593876e-108,0,5.767394374836713e-40,2.79728577037538e-17,4.2804062291735935e-218,4.20292181963816e-11,1.0535513527985339e-95,5.501069680322744e-84
rs2191304,0,4.8242686127765384e-55,1.4040346576904587e-108,0,2.242437115178167e-40,1.4268772192825302e-17,1.7530776265394873e-218,8.968939548382777e-12,1.1572363687069108e-96,7.402102647026669e-84
rs6461722,0,6.70150425196551e-58,6.326989432115649e-110,0,3.0802097305381306e-41,8.349287733845741e-20,2.418751573762849e-216,5.854760141071287e-14,3.7084065720560466e-96,1.6678212563213624e-84
rs73079029,0,6.262651466827777e-58,5.1852443508483754e-108,0,9.126746008633359e-41,3.01868508521455e-17,3.674141758318865e-218,1.6561080615714842e-13,2.703639421207416e-93,6.077961914451858e-84
rs12700457,0,2.530670850683429e-55,4.271636730407012e-108,0,3.7701184002485904e-41,2.5944004683667646e-19,2.9892457188073555e-218,5.0493683797882e-13,1.0879407373018675e-96,3.1654703621690217e-84
rs4722244,0,1.0332187984324847e-54,2.438417338918054e-108,0,1.9848489521282753e-39,1.6978975851687695e-16,5.187768057973331e-218,3.2896919901744065e-10,3.365760242490997e-95,8.999116872832604e-84
rs4722245,0,1.644204038320364e-55,6.470626397164218e-109,0,3.3582262747309333e-40,2.2565318915593152e-17,5.954909236429857e-218,3.594599244954511e-11,8.677856295029534e-96,4.939819369511259e-84
rs2191305,0,1.0663874360278873e-54,2.470754338712308e-108,0,2.01615479127334e-39,1.7487929968969732e-16,5.129494176603581e-218,3.396527172315774e-10,3.4060886841181175e-95,9.004726193947415e-84
rs11763528,0,3.3499292555539275e-58,4.141987233307765e-109,0,3.479408949532403e-40,4.626787034044159e-18,3.5705710124673354e-218,1.599302043165451e-12,1.158214584892546e-93,2.7399545758785955e-84
rs34518648,0,7.097553440084395e-58,1.812004870541654e-108,0,1.0530785000662515e-40,9.427127350137478e-19,3.1026453547380795e-218,2.88420902026221e-13,2.2029087754739956e-94,7.072565814792363e-84
rs6461725,0,3.414482513834655e-56,2.00237434229111e-107,0,7.312211418034577e-40,1.3502075125700956e-17,6.186035501683172e-217,2.7615804191852153e-11,2.8003450477062748e-95,2.5544930812546773e-83
rs7782183,0,7.750836055390193e-58,6.048857537428163e-109,0,6.0343038484478875e-40,2.3188875029098543e-19,6.120580133074459e-216,7.969214210284568e-13,2.0587017145540886e-95,2.524324359761936e-83
rs1558308,0,2.0886275032173792e-57,6.746157080380522e-109,0,2.9792989083212157e-40,2.531199241543301e-18,6.1469171705950075e-217,1.1476835831038063e-11,3.167981445874278e-94,2.656318736396923e-84
rs35928055,0,5.4653707470035624e-58,6.003725233343625e-109,0,2.48495769361482e-40,3.108453362335841e-18,4.276306538521467e-218,6.924740579000237e-13,5.496634707255825e-94,4.191668912155184e-84
rs6968174,0,7.528651594897392e-54,3.542692764550608e-107,0,5.006944228149643e-41,9.885647892931673e-20,3.7879307929672756e-218,1.8616516272466896e-13,4.725214022399597e-96,1.7957474930448302e-82
rs1051576,0,6.662631010346142e-58,1.3361739318949425e-109,0,5.5323882882219655e-40,2.8803121903587795e-17,1.135182790248204e-217,3.933010916376621e-12,1.1562010600058352e-93,2.7718499619052436e-84
rs6974500,0,6.466836612381941e-58,1.3035959914686319e-109,0,5.607458943810591e-40,2.980166028604133e-17,1.1756084704501625e-217,3.889870658868174e-12,1.385158562356388e-93,2.7604128972390807e-84
rs10261856,0,3.3564568336293e-58,1.2350777694856456e-109,0,1.375342322618498e-40,1.2145423543150415e-19,4.3076437257169355e-217,1.543751189804772e-13,5.738572407262564e-96,5.592427727353731e-84
rs6962385,0,1.078933829751837e-53,4.1233766061804e-107,0,6.575560871748308e-41,1.2792454977366671e-19,3.200412203780924e-218,2.6065547934292337e-13,2.791893168335708e-96,2.2696722917239007e-82
rs10950956,0,5.028195907023667e-54,2.537467698701344e-107,0,4.677373440846415e-41,9.260625910285678e-20,3.9244824333189873e-218,1.647600665167756e-13,4.827857889320205e-96,1.396988728642109e-82
rs950934,0,3.9401126291209715e-58,1.2875490989013175e-109,0,1.0681531085051153e-40,1.3631326388305578e-19,2.2769789874940546e-217,1.406639603131334e-13,3.655784683822383e-96,5.908168978403787e-84
rs76431293,0,2.4574480110599334e-58,1.8794559222056344e-109,0,2.296873227026079e-41,5.084707188135125e-20,1.1028975623152656e-217,4.485595160668864e-14,1.900400425538358e-96,1.2006996323042947e-83
rs7779633,0,8.108829322583912e-58,3.315738535747728e-109,0,1.5544601023881232e-40,3.2280416931986087e-18,9.061543279758103e-218,1.0956331308852615e-12,2.0481877201284358e-94,2.330192770707608e-83
rs75435335,0,1.3940092294430295e-56,1.1689270043448752e-106,0,6.078422883289059e-39,5.52811777262507e-18,3.514681454936883e-212,2.7209211976563404e-11,4.2324022944610203e-94,6.597901483710396e-82
rs1559012,0,2.0343324410760582e-57,7.819960838956611e-110,0,9.470844810497464e-40,9.219681137980378e-17,3.0469515143970236e-217,1.2183616514552215e-12,1.1511874183878198e-90,2.9351183541601678e-84
rs11974206,0,3.399181773677044e-58,1.2696682297148504e-109,0,1.1958267228226534e-40,1.4048072381302327e-19,6.636535223878799e-215,4.2017338117680686e-14,3.0494722036508362e-89,3.640553102918436e-84
rs9654971,0,3.348688678658357e-54,2.4884189926830855e-107,0,5.723463048123876e-41,1.1715888129283414e-19,3.805376376516363e-217,1.3472847573716863e-13,3.14220518471765e-95,1.0044077394755016e-82
rs12176610,0,4.283040952890991e-54,4.922235808018528e-108,0,3.0588344280503897e-35,1.909770088412454e-12,1.4633210539135355e-214,1.7359317243790386e-9,1.9220252335386947e-86,7.96048393038566e-84
rs6958062,0,4.020679924184699e-54,2.859702268548068e-107,0,5.860857495189326e-41,1.1971695036732927e-19,3.364788229767398e-217,1.395055073363035e-13,2.7485108460729822e-95,1.1220945852895989e-82
rs2112035,0,9.702982830489535e-56,7.4026041829800955e-109,0,2.4220239108454614e-37,6.6565802789374136e-15,5.5529834178224045e-216,3.499266771509647e-11,5.3618478679922e-89,2.8812538584448446e-84
rs10265560,0,1.517557538369913e-54,1.288010268482054e-107,0,4.923043573778049e-41,1.0111162069640456e-19,4.213982913557571e-217,1.2420957972555565e-13,4.368326264109083e-95,8.099691126053119e-83
rs12539789,0,1.2780519650430723e-57,5.454396989113244e-110,0,9.83351188465198e-39,1.2353190231069648e-17,1.6562487213629341e-217,9.353056042101757e-13,1.3980738219395388e-90,1.272550415055705e-84
rs13246754,0,2.3132439252358476e-58,1.830715260299056e-109,0,5.607015088655592e-39,9.207578383167388e-18,9.96642067624049e-215,1.1758338569214528e-13,1.5434807358714909e-84,2.811622180221709e-84
rs7785680,0,1.095391947034296e-57,2.5671815238482774e-109,0,7.746216564999389e-41,6.161784056457443e-19,9.088483931629055e-218,4.840387280931875e-13,7.549252657386068e-96,3.1242544900440017e-84
rs11971819,0,3.0816420993681014e-55,6.437539337120479e-109,0,3.0192263103397447e-37,3.5350115762255404e-14,1.4078925520659819e-216,7.64855727763869e-11,8.048619259475691e-89,2.855062305895693e-84
rs12669134,0,1.4522727329194082e-56,6.948843160764944e-108,0,1.7070713261973297e-39,1.3277967925650915e-17,3.760679540146786e-216,1.3038823202817164e-10,9.013876149693151e-94,6.579939408429922e-84
rs10279703,0,3.293357886315277e-58,1.3444229826599912e-109,0,1.343017962166351e-40,1.1518239535233215e-19,2.244221573184842e-217,3.2769143208323736e-13,3.997064516299364e-96,5.8095285997360565e-84
rs12700462,0,1.5911413732855302e-57,5.756300068216061e-110,0,1.6577232898644494e-38,2.0382772939403146e-17,2.1770807518797117e-217,1.4027220070996737e-12,4.312156003131927e-90,1.3121434738348732e-84
rs12532929,0,3.012747247928982e-57,1.5780756617500474e-108,0,1.853082378466678e-40,2.079667368771717e-18,3.856267754794117e-217,1.5029246061150228e-11,5.207902166813777e-95,3.826771188690659e-84
rs4722266,0,8.652162844445483e-56,5.51355843097048e-107,0,5.004156046777022e-41,1.5266220410985199e-19,2.0973573766300616e-218,6.110827697910425e-14,6.012955893368197e-96,1.781155598426042e-81
rs2390811,0,1.2134889997575023e-57,5.886424069200844e-110,0,8.458987523103724e-40,1.4109195223315493e-18,2.6186275042559485e-218,1.251932017072682e-13,1.119951134047498e-93,1.3292309935780928e-84
