p1,p2,p12,nsnps,hit1,hit2,PP.H0.abf,PP.H1.abf,PP.H2.abf,PP.H3.abf,PP.H4.abf,idx1,idx2
1e-4,1e-4,1e-7,335,rs75801644,rs1624451,0,9.319771735574334e-4,0,0.9990675958004526,4.270259408831527e-7,1,1
1e-4,1e-4,1e-7,335,rs6961109,rs1624451,9.26038927337009e-52,9.258549729160529e-4,9.927019143238355e-49,0.9917747811433789,0.0072993638837073145,2,1
1e-4,1e-4,1e-7,335,rs199347,rs1624451,2.6069380172027606e-101,5.083385222766119e-4,2.794604291250229e-98,0.4944258262156617,0.5050658352620481,3,1
1e-4,1e-4,1e-7,335,rs199354,rs1624451,0,9.319771361677021e-4,0,0.9990675512616597,4.716022586724094e-7,4,1
1e-4,1e-4,1e-7,335,rs274053,rs1624451,4.7504029547942874e-39,9.31977275521124e-4,5.092371354835841e-36,0.9990677172605401,3.05463939476465e-7,5,1
1e-4,1e-4,1e-7,335,rs73281643,rs1624451,7.905840999450423e-18,9.319772419303596e-4,8.474960676937187e-15,0.9990676772469305,3.4551113186153616e-7,6,1
1e-4,1e-4,1e-7,335,rs1728327,rs1624451,1.0944439107030124e-214,9.319742460079873e-4,1.1732299077310345e-211,0.9990641084801914,3.9172737847155535e-6,7,1
1e-4,1e-4,1e-7,335,rs41273990,rs1624451,3.4375325519089875e-12,9.319773533383274e-4,3.6849910344953047e-9,0.9990678103668379,2.0859139611551208e-7,8,1
1e-4,1e-4,1e-7,335,rs76983703,rs1624451,1.7659316051457988e-91,9.318067408139281e-4,1.8930561483353506e-88,0.9988645749453525,2.0361831382114244e-4,9,1
1e-4,1e-4,1e-7,335,rs10229956,rs1624451,8.677362102728856e-77,8.709958057023486e-4,9.30202145543842e-74,0.9264260998155692,0.07270290437872322,10,1
1e-4,1e-4,5e-7,335,rs75801644,rs1624451,0,9.319755816465157e-4,0,0.9990658892923338,2.1351260573991915e-6,1,1
1e-4,1e-4,5e-7,335,rs6961109,rs1624451,8.997679914159735e-52,8.995892556253175e-4,9.645398062201447e-49,0.9636389750186385,0.035461435725733174,2,1
1e-4,1e-4,5e-7,335,rs199347,rs1624451,8.631492432372029e-102,1.683093375891526e-4,9.252849754089353e-99,0.16370288626689075,0.8361288043955263,3,1
1e-4,1e-4,5e-7,335,rs199354,rs1624451,0,9.319753780808966e-4,0,0.9990656666151255,2.358006845196924e-6,4,1
1e-4,1e-4,5e-7,335,rs274053,rs1624451,4.750397150494158e-39,9.319761367807114e-4,5.092365132700162e-36,0.9990664965453848,1.527317831220237e-6,5,1
1e-4,1e-4,5e-7,335,rs73281643,rs1624451,7.905830073241246e-18,9.31975953898094e-4,8.474948964180361e-15,0.9990662964928242,1.7275532717521367e-6,6,1
1e-4,1e-4,5e-7,335,rs1728327,rs1624451,1.09442676202597e-214,9.319596430436872e-4,1.1732115245680534e-211,0.999048454294926,1.9586062027708492e-5,7,1
1e-4,1e-4,5e-7,335,rs41273990,rs1624451,3.4375296837525172e-12,9.319765757291454e-4,3.684987959868165e-9,0.9990669767797341,1.042956110370875e-6,8,1
1e-4,1e-4,5e-7,335,rs76983703,rs1624451,1.7644944715895912e-91,9.310484267709482e-4,1.8915155595001827e-88,0.9980516885376468,0.0010172630355696393,9,1
1e-4,1e-4,5e-7,335,rs10229956,rs1624451,6.722407813027625e-77,6.747660106896335e-4,7.206335401092088e-74,0.7177082133790833,0.28161702061022975,10,1
1e-4,1e-4,1e-6,335,rs75801644,rs1624451,0,9.319735917653479e-4,0,0.9990637561652029,4.2702429972912305e-6,1,1
1e-4,1e-4,1e-6,335,rs6961109,rs1624451,8.689536474966287e-52,8.68781032868513e-4,9.315072227138205e-49,0.9306372422679773,0.0684939766991496,2,1
1e-4,1e-4,1e-6,335,rs199347,rs1624451,4.7009188090231196e-102,9.166532172810313e-5,5.039324981961453e-99,0.08915653731644614,0.9107517973618346,3,1
1e-4,1e-4,1e-6,335,rs199354,rs1624451,0,9.319731804816625e-4,0,0.9990633108168979,4.716002570026766e-6,4,1
1e-4,1e-4,1e-6,335,rs274053,rs1624451,4.750389895139011e-39,9.319747133591222e-4,5.0923573550520196e-36,0.9990649706556501,3.054630997048119e-6,5,1
1e-4,1e-4,1e-6,335,rs73281643,rs1624451,7.9058164155222e-18,9.319743438627635e-4,8.47493432327981e-15,0.9990645705555528,3.4551005746339647e-6,6,1
1e-4,1e-4,1e-6,335,rs1728327,rs1624451,1.0944053269353415e-214,9.319413899818068e-4,1.1731885464244003e-211,0.999028887253162,3.91713568427918e-5,7,1
1e-4,1e-4,1e-6,335,rs41273990,rs1624451,3.437526098563666e-12,9.31975603719494e-4,3.684984116591461e-9,0.9990659347978119,2.0859100452291213e-6,8,1
1e-4,1e-4,1e-6,335,rs76983703,rs1624451,1.762701340673003e-91,9.301022681143103e-4,1.8895933460370302e-88,0.9970374392056792,0.0020324585262092728,9,1
1e-4,1e-4,1e-6,335,rs10229956,rs1624451,5.245254787445683e-77,5.264958250697666e-4,5.622846205382727e-74,0.5600020925419352,0.4394714116330061,10,1
1e-4,1e-4,5e-6,335,rs75801644,rs1624451,0,9.31957673022479e-4,0,0.9990466914766918,2.135085029317979e-5,1,1
1e-4,1e-4,5e-6,335,rs6961109,rs1624451,6.820801263672293e-52,6.819446335159165e-4,7.311811924733241e-49,0.7304983063675493,0.2688197489989327,2,1
1e-4,1e-4,5e-6,335,rs199347,rs1624451,1.0124728688138753e-102,1.974266202655086e-5,1.0853579967343038e-99,0.019202325923397927,0.9807779314145824,3,1
1e-4,1e-4,5e-6,335,rs199354,rs1624451,0,9.3195560006166e-4,0,0.999044464831862,2.3579568044918668e-5,4,1
1e-4,1e-4,5e-6,335,rs274053,rs1624451,4.750331853095315e-39,9.319633261428661e-4,5.092295134721764e-36,0.9990527637054919,1.527296837211022e-5,5,1
1e-4,1e-4,5e-6,335,rs73281643,rs1624451,7.905707155468857e-18,9.319614637804073e-4,8.47481719789673e-15,0.9990507632720876,1.727526412206983e-5,6,1
1e-4,1e-4,5e-6,335,rs1728327,rs1624451,1.0942338764327929e-214,9.317953912227312e-4,1.1730047536732887e-211,0.9988723785076684,1.958261011176171e-4,7,1
1e-4,1e-4,5e-6,335,rs41273990,rs1624451,3.4374974173220934e-12,9.319678277152795e-4,3.6849533706664533e-9,0.9990575990206858,1.0429463206457325e-5,8,1
1e-4,1e-4,5e-6,335,rs76983703,rs1624451,1.7484864360136703e-91,9.226016695956607e-4,1.8743551496171137e-88,0.9889970572004767,0.010080341129939767,9,1
1e-4,1e-4,5e-6,335,rs10229956,rs1624451,1.9019116307601345e-77,1.9090560398391548e-4,2.0388250007585813e-74,0.20305486315073482,0.7967542312452776,10,1
1e-4,1e-4,1e-5,335,rs75801644,rs1624451,0,9.319377753585995e-4,0,0.9990253614358087,4.270078888821318e-5,1,1
1e-4,1e-4,1e-5,335,rs6961109,rs1624451,5.375705468845145e-52,5.374637603599355e-4,5.762687671359208e-49,0.5757305613692517,0.42373197487038644,2,1
1e-4,1e-4,1e-5,335,rs199347,rs1624451,5.111491059933225e-103,9.967125397268217e-6,5.479453196245884e-100,0.009694335553145184,0.990295697321454,3,1
1e-4,1e-4,1e-5,335,rs199354,rs1624451,0,9.319336254693979e-4,0,0.9990209083504535,4.715802412399974e-5,4,1
1e-4,1e-4,1e-5,335,rs274053,rs1624451,4.7502593025351646e-39,9.319490925138393e-4,5.0922173614469905e-36,0.9990375054372554,3.0545470224219445e-5,5,1
1e-4,1e-4,1e-5,335,rs73281643,rs1624451,7.905570584648971e-18,9.319453641780936e-4,8.474670795720385e-15,0.999033504704427,3.454993138494952e-5,6,1
1e-4,1e-4,1e-5,335,rs1728327,rs1624451,1.094019638832367e-214,9.316129570895876e-4,1.1727750936991938e-211,0.998676811521385,3.9157552152755846e-4,7,1
1e-4,1e-4,1e-5,335,rs41273990,rs1624451,3.437461566443171e-12,9.319581078924856e-4,3.6849149389816872e-9,0.9990471794948883,2.0858708867778034e-5,8,1
1e-4,1e-4,1e-5,335,rs76983703,rs1624451,1.7310369926194784e-91,9.133943430317213e-4,1.855649568944482e-88,0.9791271218031012,0.019959483853854702,9,1
1e-4,1e-4,1e-5,335,rs10229956,rs1624451,1.058526312439492e-77,1.0625025986531433e-4,1.1347267006826604e-74,0.11301204116825798,0.8868817085718677,10,1
1e-4,1e-4,5e-5,335,rs75801644,rs1624451,0,9.317786246292329e-4,0,0.9988547538919015,2.1346748352125722e-4,1,1
1e-4,1e-4,5e-5,335,rs6961109,rs1624451,1.994749273210374e-52,1.994353023186024e-4,2.1383457689045675e-49,0.21363486625375563,0.7861656984439324,2,1
1e-4,1e-4,5e-5,335,rs199347,rs1624451,1.0302968620652117e-103,2.0090220055574297e-6,1.1044650900747303e-100,0.0019540371651052407,0.998043953812883,3,1
1e-4,1e-4,5e-5,335,rs199354,rs1624451,0,9.317578660296851e-4,0,0.9988324964825755,2.3574565142356408e-4,4,1
1e-4,1e-4,5e-5,335,rs274053,rs1624451,4.749678977824062e-39,9.318352391316489e-4,5.091595260761334e-36,0.9989154560679897,1.5270869288577365e-4,5,1
1e-4,1e-4,5e-5,335,rs73281643,rs1624451,7.904478187932891e-18,9.318165873814673e-4,8.473499760379168e-15,0.9988954576263435,1.7272578626849273e-4,6,1
1e-4,1e-4,5e-5,335,rs1728327,rs1624451,1.0923087533533073e-214,9.301560517253571e-4,1.1709410462956627e-211,0.997115028172661,0.0019548157756104595,7,1
1e-4,1e-4,5e-5,335,rs41273990,rs1624451,3.437174786330383e-12,9.31880356608252e-4,3.6846075143599458e-9,0.9989638311119965,1.0428484335014306e-4,8,1
1e-4,1e-4,5e-5,335,rs76983703,rs1624451,1.6030525839542322e-91,8.458624327550971e-4,1.7184519158707068e-88,0.9067352513656906,0.09241888620155149,9,1
1e-4,1e-4,5e-5,335,rs10229956,rs1624451,2.327696682201818e-78,2.3364405255226995e-5,2.495261143105337e-75,0.024851319252514704,0.9751253163422222,10,1
1e-4,1e-4,1e-4,335,rs75801644,rs1624451,0,9.315797626416014e-4,0,0.9986415763876493,4.2684384976007426e-4,1,1
1e-4,1e-4,1e-4,335,rs6961109,rs1624451,1.1167772816084069e-52,1.1165554376749494e-4,1.197170996379267e-49,0.11960528994587231,0.8802830545103644,2,1
1e-4,1e-4,1e-4,335,rs199347,rs1624451,5.156527513316616e-104,1.005494399521884e-6,5.527731699630847e-101,9.779750647508642e-4,0.9990210194408414,3,1
1e-4,1e-4,1e-4,335,rs199354,rs1624451,0,9.315382599357732e-4,0,0.9985970815630756,4.713801770202038e-4,4,1
1e-4,1e-4,1e-4,335,rs274053,rs1624451,4.748953771301024e-39,9.316929615173153e-4,5.0908178486219e-36,0.9987629362854766,3.0537075300300377e-4,5,1
1e-4,1e-4,1e-4,335,rs73281643,rs1624451,7.903113116505837e-18,9.316556664239485e-4,8.472036421226975e-15,0.9987229524191179,3.4539191444699085e-4,6,1
1e-4,1e-4,1e-4,335,rs1728327,rs1624451,1.0901776568714652e-214,9.283413154767363e-4,1.1686565380588252e-211,0.9951696548320123,0.003902003852533602,7,1
1e-4,1e-4,1e-4,335,rs41273990,rs1624451,3.436816378472734e-12,9.31783185744691e-4,3.6842233057096594e-9,0.9988596651882843,2.0854793831120893e-4,8,1
1e-4,1e-4,1e-4,335,rs76983703,rs1624451,1.467433970798707e-91,7.743022785849578e-4,1.5730704929918835e-88,0.8300252428979007,0.16920045482351906,9,1
1e-4,1e-4,1e-4,335,rs10229956,rs1624451,1.1785058208420627e-78,1.182932802385226e-5,1.2633432028132665e-75,0.012582148103158095,0.9874060225688208,10,1
