credibleSet	leadVariant	study	type	affectedTissueCell	condition	pValue	beta	fineMappingConfidence	fineMappingMethod	credibleSetSize
00687d5a0913d6e37c58b9bb1c57c47a	7_23907608_T_G	UKB_PPP_EUR_GPNMB_Q14956_OID20173_v1	pQTL, isTrans:false	[UBERON_0001969]:blood plasma		1.1336864233016968x10-51	0.10998206894780238	SuSiE fine-mapped credible set with out-of-sample LD	SuSiE-inf	1
00d4272e2cd0a15482dcc9dee4d4035a	7_23246906_T_C	gtex_txrev_fibroblast_ensg00000136235_grp_2_upstream_enst00000381990	tuQTL, isTrans:false	[CL_0000057]:fibroblast	naive	3.7660000324249268x10-6	0.671332	SuSiE fine-mapped credible set with in-sample LD	SuSie	116
0106e0340e005e7208bc4766c3bf7f9c	7_22412588_A_C	gtex_exon_heart_atrial_appendage_ensg00000136235_17_7_23236668_23236758	eQTL, isTrans:false	[UBERON_0006631]:right atrium auricular region	naive	7.910999774932861x10-7	0.316878	SuSiE fine-mapped credible set with in-sample LD	SuSie	16
0219663b49a6be94167a5fce06ff8181	7_23223855_G_C	gtex_exon_adipose_subcutaneous_ensg00000136235_17_7_23273615_23273925	eQTL, isTrans:false	[UBERON_0001013]:adipose tissue	naive	7.040999889373779x10-10	-0.318796	SuSiE fine-mapped credible set with in-sample LD	SuSie	38
0304baae10d1e9c20330b5f25a4413b8	7_23274204_G_T	fusion_tx_muscle_naive_enst00000470994	eQTL, isTrans:false	[UBERON_0001134]:skeletal muscle tissue	naive	9.361000061035156x10-8	0.873834	SuSiE fine-mapped credible set with in-sample LD	SuSie	19
04db3f48b6359ab9db1ac3a602340bce	7_23272868_A_G	twinsuk_exon_skin_ensg00000136235_17_7_23256892_23256910	eQTL, isTrans:false	[UBERON_0002097]:skin of body	naive	2.802999973297119x10-17	-0.325961	SuSiE fine-mapped credible set with in-sample LD	SuSie	27
04faed61b40c8ab8737c25c1960c552b	7_23248690_G_A	commonmind_txrev_dlpfc_naive_ensg00000136235_grp_2_downstream_enst00000409458	tuQTL, isTrans:false	[UBERON_0009834]:dorsolateral prefrontal cortex	naive	2.3310000896453857x10-15	0.435124	SuSiE fine-mapped credible set with in-sample LD	SuSie	14
052d8f08ff68e6d73558817455d2b6ac	7_23246058_G_GA	gtex_tx_adipose_subcutaneous_enst00000459927	eQTL, isTrans:false	[UBERON_0001013]:adipose tissue	naive	1.3229999542236328x10-8	1.15843	SuSiE fine-mapped credible set with in-sample LD	SuSie	28
0618a6bc01fbf0e69d932a44a38804a8	7_23153230_G_A	gtex_txrev_nerve_tibial_ensg00000136235_grp_1_contained_enst00000470994	tuQTL, isTrans:false	[UBERON_0001323]:tibial nerve	naive	1.3370000123977661x10-8	-0.323899	SuSiE fine-mapped credible set with in-sample LD	SuSie	118
06afe85dcc3001285058360a059d582f	7_23269500_T_C	gtex_exon_brain_cerebellum_ensg00000136235_17_7_23269967_23270042	eQTL, isTrans:false	[UBERON_0002037]:cerebellum	naive	7.4710001945495605x10-10	-0.475987	SuSiE fine-mapped credible set with in-sample LD	SuSie	39
09d40a734e5f9be2e2a398d5e69b2b41	7_23246696_G_A	gtex_ge_heart_left_ventricle_ensg00000136235	eQTL, isTrans:false	[UBERON_0006566]:left ventricle myocardium	naive	1.3200000524520874x10-21	-0.484438	SuSiE fine-mapped credible set with in-sample LD	SuSie	18
0a0496c8d3ccda8f81ed3abed4cfed2d	7_23242134_C_T	twinsuk_ge_skin_ensg00000136235	eQTL, isTrans:false	[UBERON_0002097]:skin of body	naive	1.6759999990463257x10-10	-0.323746	SuSiE fine-mapped credible set with in-sample LD	SuSie	167
0af1a52d531824692ac72d67ac2a7d13	7_23248690_G_A	gtex_txrev_breast_ensg00000136235_grp_2_upstream_enst00000492858	tuQTL, isTrans:false	[UBERON_0008367]:breast epithelium	naive	1.4450000524520874x10-10	-0.46529	SuSiE fine-mapped credible set with in-sample LD	SuSie	33
0c034d56e178bfcc1a1fc437701094de	7_23253189_T_C	gtex_exon_brain_cerebellar_hemisphere_ensg00000136235_17_7_23274065_23274252	eQTL, isTrans:false	[UBERON_0002037]:cerebellum	naive	2.0940001010894775x10-15	-0.658868	SuSiE fine-mapped credible set with in-sample LD	SuSie	9
0c77a789b4f5b0c64a04ccb7f4266eb9	7_23212603_G_A	fusion_tx_adipose_naive_enst00000470994	eQTL, isTrans:false	[UBERON_0001013]:adipose tissue	naive	1.6820000410079956x10-23	1.59381	SuSiE fine-mapped credible set with in-sample LD	SuSie	6
0df722ca46b01e52c5327547ccb612d3	7_23282797_A_G	gtex_txrev_artery_coronary_ensg00000136235_grp_2_upstream_enst00000492858	tuQTL, isTrans:false	[UBERON_0001621]:coronary artery	naive	1.1720000505447388x10-16	-0.723036	SuSiE fine-mapped credible set with in-sample LD	SuSie	15
0e616447852842ec037490dd81fc15e1	7_23222816_T_A	gtex_exon_esophagus_gej_ensg00000136235_17_7_23273615_23273925	eQTL, isTrans:false	[UBERON_0004550]:gastroesophageal sphincter	naive	3.746000051498413x10-10	-0.328035	SuSiE fine-mapped credible set with in-sample LD	SuSie	75
10bf2cef7655a585de311abffb7945d2	7_23258796_C_A	fusion_leafcutter_adipose_naive_7_23260773_23266481_clu_63483_-	sQTL, isTrans:false	[UBERON_0001013]:adipose tissue	naive	6.913000106811523x10-5	0.390883	SuSiE fine-mapped credible set with in-sample LD	SuSie	233
10deb61eb70b95dd34c1d609a92ade22	7_23244618_A_G	fusion_txrev_adipose_naive_ensg00000136235_grp_2_upstream_enst00000492858	tuQTL, isTrans:false	[UBERON_0001013]:adipose tissue	naive	1.8949999809265137x10-22	-0.844508	SuSiE fine-mapped credible set with in-sample LD	SuSie	16
114938531deab9763ae049e4e545139e	7_23273552_T_C	twinsuk_ge_lcl_ensg00000136235	eQTL, isTrans:false	[EFO_0005292]:lymphoblastoid cell line	naive	7.625999927520752x10-14	1.13656	SuSiE fine-mapped credible set with in-sample LD	SuSie	1
13187884b2de345d8891c797b9dd0047	7_23289622_TA_T	UKB_PPP_EUR_GPNMB_Q14956_OID20173_v1	pQTL, isTrans:false	[UBERON_0001969]:blood plasma		7.760343074798584x10-119	-0.14024624479487938	SuSiE fine-mapped credible set with out-of-sample LD	SuSiE-inf	1
15024a085a636a367c59e6d182071c33	7_23255049_T_C	gtex_ge_brain_amygdala_ensg00000136235	eQTL, isTrans:false	[UBERON_0001876]:amygdala	naive	2.6540000438690186x10-11	-0.768549	SuSiE fine-mapped credible set with in-sample LD	SuSie	9
1636726bd3262581cda53211b9a97473	7_23274126_C_T	fusion_tx_adipose_naive_enst00000470994	eQTL, isTrans:false	[UBERON_0001013]:adipose tissue	naive	3.0339999198913574x10-7	1.13272	SuSiE fine-mapped credible set with in-sample LD	SuSie	15
17d6b67556d23c97ae3ed495b1b96ed8	7_23248690_G_A	gtex_exon_brain_nucleus_accumbens_ensg00000136235_17_7_23257044_23257065	eQTL, isTrans:false	[UBERON_0001882]:nucleus accumbens	naive	3.115999937057495x10-14	-0.675543	SuSiE fine-mapped credible set with in-sample LD	SuSie	11
17edfb2be12eecf97129da62dc76f318	7_23253189_T_C	UKB_PPP_EUR_GPNMB_Q14956_OID20173_v1	pQTL, isTrans:false	[UBERON_0001969]:blood plasma		9.136404037475586x10-176	-0.15555656266522624	SuSiE fine-mapped credible set with out-of-sample LD	SuSiE-inf	2
1856cec038908ab4118a728b1d0df014	7_23266522_G_A	gtex_leafcutter_adipose_visceral_7_23260773_23266517_clu_44572__	sQTL, isTrans:false	[UBERON_0010414]:omental fat pad	naive	1.1690000295639038x10-8	-1.30123	SuSiE fine-mapped credible set with in-sample LD	SuSie	1
18bd946198999709a70e68d0cd955c05	7_23220632_G_T	gtex_txrev_thyroid_ensg00000136235_grp_1_upstream_enst00000492858	tuQTL, isTrans:false	[UBERON_0002046]:thyroid gland	naive	2.8469998836517334x10-12	-0.420617	SuSiE fine-mapped credible set with in-sample LD	SuSie	100
1a28543359f7bf59e10ad5368a83852f	7_23253479_C_A	gtex_exon_fibroblast_ensg00000136235_17_7_23246774_23246774	eQTL, isTrans:false	[CL_0000057]:fibroblast	naive	4.00600004196167x10-13	-0.401747	SuSiE fine-mapped credible set with in-sample LD	SuSie	6
1ba0fce43c6375336b775354accb1897	7_23220632_G_T	gtex_exon_brain_caudate_ensg00000136235_17_7_23275097_23275107	eQTL, isTrans:false	[UBERON_0001873]:caudate nucleus	naive	1.628999948501587x10-9	-0.37131	SuSiE fine-mapped credible set with in-sample LD	SuSie	20
1c015ee4cf56ba50c4436f9db9357f28	7_23248690_G_A	gtex_txrev_skin_sun_exposed_ensg00000136235_grp_2_upstream_enst00000258733	tuQTL, isTrans:false	[UBERON_0002097]:skin of body	naive	2.5269999504089355x10-8	0.305984	SuSiE fine-mapped credible set with in-sample LD	SuSie	70
1cd245cb827ebf3970515e8385b15c3e	7_23192916_G_A	quach_2016_tx_monocyte_pam3csk4_enst00000459927	eQTL, isTrans:false	[CL_0002057]:CD14-positive, CD16-negative classical monocyte	Pam3CSK4_6h	3.4089999198913574x10-7	1.28156	SuSiE fine-mapped credible set with in-sample LD	SuSie	73
1d490bda83a382eca9f4737bcbc94e37	7_23153230_G_A	gtex_tx_nerve_tibial_enst00000470994	eQTL, isTrans:false	[UBERON_0001323]:tibial nerve	naive	1.968999981880188x10-9	-0.346067	SuSiE fine-mapped credible set with in-sample LD	SuSie	59
1db74e7cd12c152e88eecae51959b896	7_23259264_G_C	gtex_tx_artery_tibial_enst00000474157	eQTL, isTrans:false	[UBERON_0007610]:tibial artery	naive	7.198999881744385x10-12	1.36629	SuSiE fine-mapped credible set with in-sample LD	SuSie	37
1efc3bf867826b5fe7921730c2469a82	7_23100173_CT_C	fusion_exon_adipose_naive_ensg00000136235_17_7_23261482_23261565	eQTL, isTrans:false	[UBERON_0001013]:adipose tissue	naive	6.715000152587891x10-9	-0.440097	SuSiE fine-mapped credible set with in-sample LD	SuSie	195
1ffab862513f53d8e72ac055a8e11bc4	7_23253526_G_T	quach_2016_tx_monocyte_iav_enst00000459927	eQTL, isTrans:false	[CL_0002057]:CD14-positive, CD16-negative classical monocyte	Influenza_6h	5.695000171661377x10-11	1.06559	SuSiE fine-mapped credible set with in-sample LD	SuSie	43
22f26419d27398a9019abf2f635fcdaa	7_23849012_T_G	UKB_PPP_EUR_GPNMB_Q14956_OID20173_v1	pQTL, isTrans:false	[UBERON_0001969]:blood plasma		1.5745340585708618x10-21	-0.09301813779144724	SuSiE fine-mapped credible set with out-of-sample LD	SuSiE-inf	1
2386e461e04c6fe12e0bbfb9468e31ae	7_23273843_A_G	gtex_exon_muscle_ensg00000136235_17_7_23273372_23273520	eQTL, isTrans:false	[UBERON_0001134]:skeletal muscle tissue	naive	4.791999816894531x10-9	0.27578	SuSiE fine-mapped credible set with in-sample LD	SuSie	17
23bcfb9080c005d37943d20a3ff2e1f0	7_23260029_C_G	UKB_PPP_EUR_GPNMB_Q14956_OID20173_v1	pQTL, isTrans:false	[UBERON_0001969]:blood plasma		2.7445528507232666x10-14	-0.03022853398780657	SuSiE fine-mapped credible set with out-of-sample LD	SuSiE-inf	3
24e3466a19404ccc6ed3d26b313054d5	7_23261483_A_C	UKB_PPP_EUR_GPNMB_Q14956_OID20173_v1	pQTL, isTrans:false	[UBERON_0001969]:blood plasma		4.878015041351318x10-18	-0.05796144325906591	SuSiE fine-mapped credible set with out-of-sample LD	SuSiE-inf	140
26141c76afcdbf08247353e5c1781b15	11_126368738_T_C	UKB_PPP_EUR_GPNMB_Q14956_OID20173_v1	pQTL, isTrans:true	[UBERON_0001969]:blood plasma		1.406040906906128x10-16	-0.04148866495548351	SuSiE fine-mapped credible set with out-of-sample LD	SuSiE-inf	18
280f5adf73c600497251195dbba58d27	7_23217214_T_C	UKB_PPP_EUR_GPNMB_Q14956_OID20173_v1	pQTL, isTrans:false	[UBERON_0001969]:blood plasma		5.909956932067871x10-186	0.14882173401455193	SuSiE fine-mapped credible set with out-of-sample LD	SuSiE-inf	3
2a791ffd7efe013a7f2a84e49f2e5777	7_23256914_G_A	gtex_ge_brain_putamen_ensg00000136235	eQTL, isTrans:false	[UBERON_0001874]:putamen	naive	2.9709999561309814x10-21	-0.826809	SuSiE fine-mapped credible set with in-sample LD	SuSie	13
2bb50c075d99f424111fc3229025bfae	7_23244618_A_G	blueprint_txrev_monocyte_ensg00000136235_grp_2_downstream_enst00000409458	tuQTL, isTrans:false	[CL_0002057]:CD14-positive, CD16-negative classical monocyte	naive	1.2450000047683716x10-16	0.766178	SuSiE fine-mapped credible set with in-sample LD	SuSie	15
2c2e7384f544e98e3ef2a2613c58c7cd	7_23253479_C_A	fairfax_2014_microarray_monocyte_naive_ilmn_1801205	eQTL, isTrans:false	[CL_0002057]:CD14-positive, CD16-negative classical monocyte	naive	1.3040000200271606x10-38	-0.800454	SuSiE fine-mapped credible set with in-sample LD	SuSie	13
2cc7f609305713f2253f71e759ef95c2	7_23216550_A_G	quach_2016_tx_monocyte_lps_enst00000474157	eQTL, isTrans:false	[CL_0002057]:CD14-positive, CD16-negative classical monocyte	LPS_6h	1.50600004196167x10-15	1.59043	SuSiE fine-mapped credible set with in-sample LD	SuSie	38
2ccca3c2710904a1109e7c73c4c3e399	7_23164204_C_CA	fusion_exon_adipose_naive_ensg00000136235_17_7_23256911_23257043	eQTL, isTrans:false	[UBERON_0001013]:adipose tissue	naive	3.0179998874664307x10-7	-0.314333	SuSiE fine-mapped credible set with in-sample LD	SuSie	76
2cea5968f839854958185782d078f3f5	7_23274928_C_T	gtex_txrev_fibroblast_ensg00000136235_grp_1_upstream_enst00000258733	tuQTL, isTrans:false	[CL_0000057]:fibroblast	naive	2.0980000495910645x10-15	0.278671	SuSiE fine-mapped credible set with in-sample LD	SuSie	21
3167b8f1f89ab6059d1532d723dea189	7_23258092_T_C	quach_2016_tx_monocyte_lps_enst00000409458	eQTL, isTrans:false	[CL_0002057]:CD14-positive, CD16-negative classical monocyte	LPS_6h	4.50600004196167x10-13	-1.18557	SuSiE fine-mapped credible set with in-sample LD	SuSie	5
3349d6d8d19edbfa0347c3fa8777bbdc	7_23266401_T_C	gtex_exon_brain_frontal_cortex_ensg00000136235_17_7_23259980_23260053	eQTL, isTrans:false	[UBERON_0009834]:dorsolateral prefrontal cortex	naive	6.89300012588501x10-17	-0.695967	SuSiE fine-mapped credible set with in-sample LD	SuSie	9
336a1544d65227599ff2f9ff122f5c8a	7_23361061_C_T	fusion_leafcutter_adipose_naive_7_23260773_23266481_clu_63483_-	sQTL, isTrans:false	[UBERON_0001013]:adipose tissue	naive	2.1610000133514404x10-11	1.42201	SuSiE fine-mapped credible set with in-sample LD	SuSie	24
33a322387107012a0b9d986c789b1b78	7_23248690_G_A	blueprint_ge_monocyte_ensg00000136235	eQTL, isTrans:false	[CL_0002057]:CD14-positive, CD16-negative classical monocyte	naive	2.763000011444092x10-20	-0.869226	SuSiE fine-mapped credible set with in-sample LD	SuSie	8
34003a23cb2d6f9bb3ba3e12208fd1a3	7_23244845_C_T	quach_2016_tx_monocyte_r848_enst00000492512	eQTL, isTrans:false	[CL_0002057]:CD14-positive, CD16-negative classical monocyte	R848_6h	8.14799976348877x10-9	1.29883	SuSiE fine-mapped credible set with in-sample LD	SuSie	39
34dfeef0dd9adbb6428a52a02246a19f	7_23248690_G_A	gtex_ge_brain_anterior_cingulate_cortex_ensg00000136235	eQTL, isTrans:false	[UBERON_0009835]:anterior cingulate cortex	naive	2.1410000324249268x10-20	-0.734498	SuSiE fine-mapped credible set with in-sample LD	SuSie	10
366b06065709ddb1455a3c3a4b4a3851	7_23237166_A_G	gtex_txrev_artery_aorta_ensg00000136235_grp_2_upstream_enst00000647578	tuQTL, isTrans:false	[UBERON_0001496]:ascending aorta	naive	1.3259999752044678x10-15	-0.576817	SuSiE fine-mapped credible set with in-sample LD	SuSie	29
38dc5bf2da907877c960e2e88aeedcb4	7_23321130_C_T	gtex_txrev_heart_left_ventricle_ensg00000136235_grp_1_contained_enst00000258733	tuQTL, isTrans:false	[UBERON_0006566]:left ventricle myocardium	naive	9.678000450134277x10-10	-0.407789	SuSiE fine-mapped credible set with in-sample LD	SuSie	17
3a17c5c4b8c0d1641158a8867445601b	7_23216550_A_G	quach_2016_txrev_monocyte_lps_ensg00000136235_grp_2_contained_enst00000474157	tuQTL, isTrans:false	[CL_0002057]:CD14-positive, CD16-negative classical monocyte	LPS_6h	4.260000228881836x10-17	1.70716	SuSiE fine-mapped credible set with in-sample LD	SuSie	38
3aa93b3546f24e70d376be2fca9c4564	7_23322186_G_T	sun_2018_aptamer_plasma_gpnmb_8606_39_3_1	pQTL, isTrans:false	[UBERON_0001969]:blood plasma	naive	1.0540000200271606x10-5	0.101654	SuSiE fine-mapped credible set with in-sample LD	SuSie	139
3ac967f8a78e3b4f8b4439f7a15f54cd	7_23352717_G_A	gtex_exon_esophagus_gej_ensg00000136235_17_7_23261482_23261565	eQTL, isTrans:false	[UBERON_0004550]:gastroesophageal sphincter	naive	5.418000221252441x10-9	-0.788256	SuSiE fine-mapped credible set with in-sample LD	SuSie	3
3b75033e534e3baa8f4b97630260f620	7_23299155_C_T	gtex_exon_brain_hypothalamus_ensg00000136235_17_7_23275097_23275107	eQTL, isTrans:false	[UBERON_0001898]:hypothalamus	naive	3.4670000076293945x10-7	0.374029	SuSiE fine-mapped credible set with in-sample LD	SuSie	133
3e7d58161e649f25c9e4b3fac2108e92	7_23248690_G_A	gtex_ge_esophagus_gej_ensg00000136235	eQTL, isTrans:false	[UBERON_0004550]:gastroesophageal sphincter	naive	7.171000003814697x10-8	-0.258875	SuSiE fine-mapped credible set with in-sample LD	SuSie	74
4176b9aee0d66053c9a4217226be1773	7_23273552_T_C	twinsuk_txrev_lcl_ensg00000136235_grp_2_downstream_enst00000409458	tuQTL, isTrans:false	[EFO_0005292]:lymphoblastoid cell line	naive	1.2690000534057617x10-9	-0.821678	SuSiE fine-mapped credible set with in-sample LD	SuSie	3
42b50d91ee32740e0bf9ff8f2a624183	7_23263868_C_CA	quach_2016_tx_monocyte_naive_enst00000479625	eQTL, isTrans:false	[CL_0002057]:CD14-positive, CD16-negative classical monocyte	naive	4.224999904632568x10-8	0.545317	SuSiE fine-mapped credible set with in-sample LD	SuSie	34
42e71029221b1ac6fe94eaaa4ff3ce33	7_23238664_G_T	commonmind_exon_dlpfc_naive_ensg00000136235_17_7_23274065_23274252	eQTL, isTrans:false	[UBERON_0009834]:dorsolateral prefrontal cortex	naive	2.111999988555908x10-59	-0.775691	SuSiE fine-mapped credible set with in-sample LD	SuSie	8
45a9d1ba3eec9f7d704e6340772f7870	7_23071112_C_G	gtex_tx_heart_atrial_appendage_enst00000381990	eQTL, isTrans:false	[UBERON_0006631]:right atrium auricular region	naive	2.009999990463257x10-18	0.525436	SuSiE fine-mapped credible set with in-sample LD	SuSie	74
476bda96a5e73d56e693784038db2cfe	7_23292930_G_A	UKB_PPP_EUR_GPNMB_Q14956_OID20173_v1	pQTL, isTrans:false	[UBERON_0001969]:blood plasma		7.293472766876221x10-18	-0.055792187834551664	SuSiE fine-mapped credible set with out-of-sample LD	SuSiE-inf	46
4abf80dfe9787f189677da3345a77db2	7_23235424_G_A	gtex_txrev_fibroblast_ensg00000136235_grp_2_contained_enst00000465673	tuQTL, isTrans:false	[CL_0000057]:fibroblast	naive	1.4270000457763672x10-10	-1.35514	SuSiE fine-mapped credible set with in-sample LD	SuSie	92
4b1d708781c2c1ecaa4f1fd9ffcfddd5	7_23257850_T_C	peng_2018_ge_placenta_naive_ensg00000136235	eQTL, isTrans:false	[UBERON_0001987]:placenta	naive	9.291000366210938x10-5	-1.48841	SuSiE fine-mapped credible set with in-sample LD	SuSie	50
4c8e08d190fb9a1acff9ac1fb14d3729	7_23255281_C_T	gtex_ge_skin_sun_exposed_ensg00000136235	eQTL, isTrans:false	[UBERON_0002097]:skin of body	naive	8.270000457763672x10-8	-0.283112	SuSiE fine-mapped credible set with in-sample LD	SuSie	55
4dce1f468164ad2b0492f9f8ea4e813d	7_23291086_AAAG_A	quach_2016_tx_monocyte_iav_enst00000258733	eQTL, isTrans:false	[CL_0002057]:CD14-positive, CD16-negative classical monocyte	Influenza_6h	7.559999942779541x10-10	-2.39811	SuSiE fine-mapped credible set with in-sample LD	SuSie	8
50216e15718c7f50af1e65087dfedd2d	7_23202684_C_G	fusion_leafcutter_adipose_naive_7_23260773_23266481_clu_63483_-	sQTL, isTrans:false	[UBERON_0001013]:adipose tissue	naive	1.8350000381469727x10-7	-0.688973	SuSiE fine-mapped credible set with in-sample LD	SuSie	182
51b6329f0247d5f4689ed36eaae74c20	7_23211386_T_C	gtex_txrev_adipose_subcutaneous_ensg00000136235_grp_2_upstream_enst00000492858	tuQTL, isTrans:false	[UBERON_0001013]:adipose tissue	naive	2.4800000190734863x10-24	-0.597464	SuSiE fine-mapped credible set with in-sample LD	SuSie	26
54f6b1337979b844777ada7d935d8dbf	7_23255253_G_A	gtex_leafcutter_skin_sun_exposed_7_23260138_23260488_clu_45451__	sQTL, isTrans:false	[UBERON_0002097]:skin of body	naive	1.777999997138977x10-12	-0.402098	SuSiE fine-mapped credible set with in-sample LD	SuSie	41
553cbf253712f60209de5d055ec9e327	7_23258092_T_C	quach_2016_txrev_monocyte_r848_ensg00000136235_grp_2_downstream_enst00000409458	tuQTL, isTrans:false	[CL_0002057]:CD14-positive, CD16-negative classical monocyte	R848_6h	1.8240000009536743x10-10	-1.11052	SuSiE fine-mapped credible set with in-sample LD	SuSie	15
562d793ce56816cfe4280845ebe42ff1	7_23259260_A_C	gtex_txrev_skin_sun_exposed_ensg00000136235_grp_1_contained_enst00000492512	tuQTL, isTrans:false	[UBERON_0002097]:skin of body	naive	2.259000062942505x10-9	1.00117	SuSiE fine-mapped credible set with in-sample LD	SuSie	37
56907788c87d9e0466a158c519ec7b44	7_22891972_A_T	UKB_PPP_EUR_GPNMB_Q14956_OID20173_v1	pQTL, isTrans:false	[UBERON_0001969]:blood plasma		9.267850875854492x10-93	-0.11499013016357998	SuSiE fine-mapped credible set with out-of-sample LD	SuSiE-inf	1
575bb16c4de679ae0a3990d58dc54e55	7_23213981_T_G	fusion_txrev_adipose_naive_ensg00000136235_grp_1_contained_enst00000470994	tuQTL, isTrans:false	[UBERON_0001013]:adipose tissue	naive	5.525000095367432x10-24	1.64589	SuSiE fine-mapped credible set with in-sample LD	SuSie	5
57de641515f5fe7f981ca924068df634	7_23235631_C_G	gtex_exon_brain_frontal_cortex_ensg00000136235_17_7_23246746_23246765	eQTL, isTrans:false	[UBERON_0009834]:dorsolateral prefrontal cortex	naive	2.450000047683716x10-6	-0.316977	SuSiE fine-mapped credible set with in-sample LD	SuSie	8
58fecb2622da581f283708b40c60cc49	7_23248690_G_A	gtex_ge_brain_cerebellar_hemisphere_ensg00000136235	eQTL, isTrans:false	[UBERON_0002037]:cerebellum	naive	2.5820000171661377x10-16	-0.758265	SuSiE fine-mapped credible set with in-sample LD	SuSie	12
5ad81e2ce083f2aef2c0e46139785321	7_23292784_G_T	gtex_txrev_esophagus_gej_ensg00000136235_grp_2_upstream_enst00000492858	tuQTL, isTrans:false	[UBERON_0004550]:gastroesophageal sphincter	naive	4.335000038146973x10-13	-0.569435	SuSiE fine-mapped credible set with in-sample LD	SuSie	41
5b7308a5da6bd3db4bc222d6af143014	7_23244618_A_G	fairfax_2014_microarray_monocyte_naive_ilmn_2407389	eQTL, isTrans:false	[CL_0002057]:CD14-positive, CD16-negative classical monocyte	naive	1.6790000200271606x10-10	-0.436658	SuSiE fine-mapped credible set with in-sample LD	SuSie	168
5c2646845bd5ef90731b82c44ab8ae99	7_24012620_G_C	quach_2016_exon_monocyte_lps_ensg00000136235_17_7_23236008_23236123	eQTL, isTrans:false	[CL_0002057]:CD14-positive, CD16-negative classical monocyte	LPS_6h	1.5069999694824219x10-5	0.342052	SuSiE fine-mapped credible set with in-sample LD	SuSie	1
5c6f96a6203eebe59a4be19bf9778a9b	17_7166093_G_A	UKB_PPP_EUR_GPNMB_Q14956_OID20173_v1	pQTL, isTrans:true	[UBERON_0001969]:blood plasma		1.1447746753692627x10-49	0.08286673813773712	SuSiE fine-mapped credible set with out-of-sample LD	SuSiE-inf	1
5da81a13e4ed9ae84fc73d2c37a72613	7_23237053_C_T	quach_2016_leafcutter_monocyte_naive_7_23250862_23253307_clu_35230__	sQTL, isTrans:false	[CL_0002057]:CD14-positive, CD16-negative classical monocyte	naive	2.2109999656677246x10-14	1.56779	SuSiE fine-mapped credible set with in-sample LD	SuSie	48
5dfc560cd345efeb52227527edc3dfbe	7_23231412_A_C	gtex_exon_heart_left_ventricle_ensg00000136235_17_7_23257066_23258048	eQTL, isTrans:false	[UBERON_0006566]:left ventricle myocardium	naive	3.677999973297119x10-21	-0.478294	SuSiE fine-mapped credible set with in-sample LD	SuSie	13
602a6bd91600ce50a06f5c7858cab4db	7_23255879_C_T	quach_2016_txrev_monocyte_pam3csk4_ensg00000136235_grp_2_downstream_enst00000409458	tuQTL, isTrans:false	[CL_0002057]:CD14-positive, CD16-negative classical monocyte	Pam3CSK4_6h	2.7330000400543213x10-16	-1.4135	SuSiE fine-mapped credible set with in-sample LD	SuSie	7
612dfe9ebcef2cf3741a1ec566f799ca	7_23229446_A_G	sun_2018_aptamer_plasma_gpnmb_8240_207_3_1	pQTL, isTrans:false	[UBERON_0001969]:blood plasma	naive	8.116000175476074x10-17	-0.172166	SuSiE fine-mapped credible set with in-sample LD	SuSie	15
61f30d43a275e2d1ea325b7f58120a6a	7_23893711_A_G	UKB_PPP_EUR_GPNMB_Q14956_OID20173_v1	pQTL, isTrans:false	[UBERON_0001969]:blood plasma		6.863521099090576x10-24	0.04821698887590739	SuSiE fine-mapped credible set with out-of-sample LD	SuSiE-inf	3
62ac0c2e3db1883051c62539e8fb0fc5	7_23248690_G_A	gtex_ge_brain_cerebellum_ensg00000136235	eQTL, isTrans:false	[UBERON_0002037]:cerebellum	naive	9.538999557495117x10-15	-0.666776	SuSiE fine-mapped credible set with in-sample LD	SuSie	21
63e5958ec82d620ae97809ef467068d0	7_23099726_G_A	gtex_txrev_skin_sun_exposed_ensg00000136235_grp_1_contained_enst00000479625	tuQTL, isTrans:false	[UBERON_0002097]:skin of body	naive	1.3020000457763672x10-8	0.226343	SuSiE fine-mapped credible set with in-sample LD	SuSie	111
646c62cedee5c9f59433ce85c6f2dc8f	7_23249517_A_C	quach_2016_tx_monocyte_r848_enst00000409458	eQTL, isTrans:false	[CL_0002057]:CD14-positive, CD16-negative classical monocyte	R848_6h	3.5889999866485596x10-13	-1.31608	SuSiE fine-mapped credible set with in-sample LD	SuSie	7
64a5bb9a12badf6f367afcf914813aa7	7_23237166_A_G	peng_2018_ge_placenta_naive_ensg00000136235	eQTL, isTrans:false	[UBERON_0001987]:placenta	naive	1.0230000019073486x10-38	-1.09177	SuSiE fine-mapped credible set with in-sample LD	SuSie	8
6524d3c49280a54d1f92fddd418cab97	7_23253189_T_C	gtex_tx_artery_tibial_enst00000470994	eQTL, isTrans:false	[UBERON_0007610]:tibial artery	naive	1.3760000467300415x10-10	-0.369736	SuSiE fine-mapped credible set with in-sample LD	SuSie	18
658f95323c90d7e955c4c3414d5273e8	7_23259940_A_G	gtex_exon_artery_tibial_ensg00000136235_17_7_23247009_23247367	eQTL, isTrans:false	[UBERON_0007610]:tibial artery	naive	7.433000087738037x10-10	1.20718	SuSiE fine-mapped credible set with in-sample LD	SuSie	60
66129b4a2886e7935fd2678ba50f58d7	7_23256914_G_A	rosmap_txrev_brain_naive_ensg00000136235_grp_1_contained_enst00000258733	tuQTL, isTrans:false	[UBERON_0009834]:dorsolateral prefrontal cortex	naive	1.4579999446868896x10-24	-0.408728	SuSiE fine-mapped credible set with in-sample LD	SuSie	16
662b9a0ef367ed871ca086f491755843	7_23229446_A_G	gtex_txrev_lung_ensg00000136235_grp_1_upstream_enst00000492858	tuQTL, isTrans:false	[UBERON_0008952]:upper lobe of left lung	naive	1.6670000553131104x10-8	-0.361145	SuSiE fine-mapped credible set with in-sample LD	SuSie	60
66e77c33b8bcd4ba1597b1b863c31fa1	7_23217652_T_C	nedelec_2016_tx_macrophage_naive_enst00000474157	eQTL, isTrans:false	[CL_0000235]:macrophage	naive	3.680999994277954x10-15	1.05101	SuSiE fine-mapped credible set with in-sample LD	SuSie	13
69a0ed692046dfc8d7d220e43f105688	7_22929241_G_A	UKB_PPP_EUR_GPNMB_Q14956_OID20173_v1	pQTL, isTrans:false	[UBERON_0001969]:blood plasma		5.353777885437012x10-83	0.10108282482729511	SuSiE fine-mapped credible set with out-of-sample LD	SuSiE-inf	1
6ab40071663566fa7a65b7c98c517f6d	7_23260430_A_C	cedar_microarray_monocyte_cd14_ilmn_1801205	eQTL, isTrans:false	[CL_0002057]:CD14-positive, CD16-negative classical monocyte	naive	1.8819999694824219x10-13	-0.556849	SuSiE fine-mapped credible set with in-sample LD	SuSie	41
6b93c23e44ea2018adf11e9c442a9d01	7_23245260_TA_T	rosmap_ge_brain_naive_ensg00000136235	eQTL, isTrans:false	[UBERON_0009834]:dorsolateral prefrontal cortex	naive	1.065999984741211x10-56	-0.726999	SuSiE fine-mapped credible set with in-sample LD	SuSie	12
6d7201600edcbc7c211d6462415cf0df	7_23266401_T_C	gtex_exon_brain_cortex_ensg00000136235_17_7_23260456_23260773	eQTL, isTrans:false	[UBERON_0001870]:frontal cortex	naive	6.116000175476074x10-18	-0.579742	SuSiE fine-mapped credible set with in-sample LD	SuSie	21
6dfb1e41899edf21302ad1c2bba4bfe4	7_23266401_T_C	gtex_ge_brain_cortex_ensg00000136235	eQTL, isTrans:false	[UBERON_0001870]:frontal cortex	naive	3.2079999446868896x10-22	-0.629324	SuSiE fine-mapped credible set with in-sample LD	SuSie	13
6e9644d3817967ea944953f862a9adf1	7_23351890_C_G	steinberg_2020_txrev_synovium_naive_ensg00000136235_grp_1_upstream_enst00000492858	tuQTL, isTrans:false	[UBERON_0007616]:layer of synovial tissue	naive	6.758999824523926x10-9	-0.92821	SuSiE fine-mapped credible set with in-sample LD	SuSie	63
6fe777a78b620f64cacdd4fe31e96965	7_23273552_T_C	geuvadis_ge_lcl_ensg00000136235	eQTL, isTrans:false	[EFO_0005292]:lymphoblastoid cell line	naive	1.8049999475479126x10-12	1.04959	SuSiE fine-mapped credible set with in-sample LD	SuSie	2
70e375d13475a6f19bfc073e77d29ea7	7_23255281_C_T	commonmind_txrev_dlpfc_naive_ensg00000136235_grp_2_upstream_enst00000492858	tuQTL, isTrans:false	[UBERON_0009834]:dorsolateral prefrontal cortex	naive	1.4170000553131104x10-11	-0.403913	SuSiE fine-mapped credible set with in-sample LD	SuSie	27
718291015efccbc45b4102f70d6d8780	7_23248690_G_A	brainseq_exon_brain_ensg00000136235_17_7_23246766_23246767	eQTL, isTrans:false	[UBERON_0009834]:dorsolateral prefrontal cortex	naive	1.7549999952316284x10-12	-0.347227	SuSiE fine-mapped credible set with in-sample LD	SuSie	1
7525d1bb752769b5f01ff2dd35075b32	7_23273552_T_C	gtex_exon_muscle_ensg00000136235_17_7_23273372_23273520	eQTL, isTrans:false	[UBERON_0001134]:skeletal muscle tissue	naive	7.306000232696533x10-15	0.911023	SuSiE fine-mapped credible set with in-sample LD	SuSie	1
75f5f7017cc8fa95aa0e657e76d828b4	7_23281902_A_G	sun_2018_aptamer_plasma_gpnmb_8240_207_3_1	pQTL, isTrans:false	[UBERON_0001969]:blood plasma	naive	8.529999732971191x10-15	0.555679	SuSiE fine-mapped credible set with in-sample LD	SuSie	3
766ce0eadcdc1db6ae0269cf4d42f08d	7_23365098_G_C	UKB_PPP_EUR_GPNMB_Q14956_OID20173_v1	pQTL, isTrans:false	[UBERON_0001969]:blood plasma		4.89681339263916x10-46	-0.03701102889735691	SuSiE fine-mapped credible set with out-of-sample LD	SuSiE-inf	2
79e3bcda2d9e11aab73f9d7bb76ed2d0	7_23253665_T_C	gtex_txrev_skin_not_sun_exposed_ensg00000136235_grp_2_contained_enst00000474157	tuQTL, isTrans:false	[UBERON_0036149]:suprapubic skin	naive	1.1230000257492065x10-8	1.01582	SuSiE fine-mapped credible set with in-sample LD	SuSie	55
7b695695789ca9e4240b39cce491375b	7_23126389_C_T	gtex_leafcutter_heart_atrial_appendage_7_23260773_23266517_clu_40054__	sQTL, isTrans:false	[UBERON_0006631]:right atrium auricular region	naive	1.5820000171661377x10-7	-0.37976	SuSiE fine-mapped credible set with in-sample LD	SuSie	63
7c034869e23a7fa44aeb05891fcffa39	7_23157197_C_T	peng_2018_exon_placenta_naive_ensg00000136235_17_7_23257066_23258048	eQTL, isTrans:false	[UBERON_0001987]:placenta	naive	4.945000171661377x10-33	1.00518	SuSiE fine-mapped credible set with in-sample LD	SuSie	7
7e62b17468144fa31ef1831f0fdd69a3	6_396321_C_T	UKB_PPP_EUR_GPNMB_Q14956_OID20173_v1	pQTL, isTrans:true	[UBERON_0001969]:blood plasma		2.2937378883361816x10-17	-0.046365162307419924	SuSiE fine-mapped credible set with out-of-sample LD	SuSiE-inf	1
7f033a718c7e09436fa9a04ac282e974	7_23258796_C_A	nedelec_2016_tx_macrophage_naive_enst00000479625	eQTL, isTrans:false	[CL_0000235]:macrophage	naive	8.885000228881836x10-7	0.241559	SuSiE fine-mapped credible set with in-sample LD	SuSie	113
7f0f87e90ef1805c7b504d862ab5d642	7_23255879_C_T	quach_2016_leafcutter_monocyte_pam3csk4_7_23250862_23253307_clu_35230__	sQTL, isTrans:false	[CL_0002057]:CD14-positive, CD16-negative classical monocyte	Pam3CSK4_6h	2.424999952316284x10-10	1.167	SuSiE fine-mapped credible set with in-sample LD	SuSie	34
813aa39ce4d2361470a62613e7a78fbc	7_23249335_T_C	gtex_tx_skin_not_sun_exposed_enst00000492512	eQTL, isTrans:false	[UBERON_0036149]:suprapubic skin	naive	6.315999984741211x10-10	1.141	SuSiE fine-mapped credible set with in-sample LD	SuSie	38
82f607db60b4c672eb44ab00918fafae	7_23392738_T_C	UKB_PPP_EUR_GPNMB_Q14956_OID20173_v1	pQTL, isTrans:false	[UBERON_0001969]:blood plasma		9.111955642700195x10-147	0.1486154371265605	SuSiE fine-mapped credible set with out-of-sample LD	SuSiE-inf	1
8489ac2195c350e93c2d6cbda699045c	7_23258796_C_A	gtex_txrev_fibroblast_ensg00000136235_grp_1_contained_enst00000258733	tuQTL, isTrans:false	[CL_0000057]:fibroblast	naive	2.072999954223633x10-6	-0.308313	SuSiE fine-mapped credible set with in-sample LD	SuSie	57
86f28720cdf5d4da8c7bd60f3aee95a6	7_22267825_A_G	gtex_exon_adipose_subcutaneous_ensg00000136235_17_7_23236759_23236823	eQTL, isTrans:false	[UBERON_0001013]:adipose tissue	naive	7.191999912261963x10-8	0.596371	SuSiE fine-mapped credible set with in-sample LD	SuSie	1
88a38a751bff0728249eef675d5192ce	7_23248690_G_A	gtex_txrev_colon_sigmoid_ensg00000136235_grp_2_upstream_enst00000492858	tuQTL, isTrans:false	[UBERON_0001159]:sigmoid colon	naive	3.109999895095825x10-12	-0.533368	SuSiE fine-mapped credible set with in-sample LD	SuSie	61
896b5b27f435e6ffed906c44f619012f	7_23273552_T_C	gtex_tx_muscle_enst00000409458	eQTL, isTrans:false	[UBERON_0001134]:skeletal muscle tissue	naive	2.4170000553131104x10-9	-0.800309	SuSiE fine-mapped credible set with in-sample LD	SuSie	1
8a8841f98b0d10ee985d188586277ba3	7_23250567_C_CA	fusion_tx_muscle_naive_enst00000258733	eQTL, isTrans:false	[UBERON_0001134]:skeletal muscle tissue	naive	5.414999961853027x10-6	-0.39237	SuSiE fine-mapped credible set with in-sample LD	SuSie	16
8aa4edc2cd8288f8b0d6423832a93e04	7_23250688_G_A	quach_2016_txrev_monocyte_naive_ensg00000136235_grp_2_contained_enst00000459927	tuQTL, isTrans:false	[CL_0002057]:CD14-positive, CD16-negative classical monocyte	naive	1.524999976158142x10-15	0.983136	SuSiE fine-mapped credible set with in-sample LD	SuSie	49
8ab28742c54c088679caf42166c43bb8	7_23248690_G_A	gtex_exon_brain_anterior_cingulate_cortex_ensg00000136235_17_7_23257066_23258048	eQTL, isTrans:false	[UBERON_0009835]:anterior cingulate cortex	naive	3.3359999656677246x10-18	-0.721373	SuSiE fine-mapped credible set with in-sample LD	SuSie	11
8b6428667055cfa735484484118865e9	7_23271055_C_T	gtex_tx_skin_sun_exposed_enst00000492512	eQTL, isTrans:false	[UBERON_0002097]:skin of body	naive	1.531999945640564x10-11	1.12885	SuSiE fine-mapped credible set with in-sample LD	SuSie	41
8ce8f66ed1a6c2b608612e360a4f8409	7_23266522_G_A	gtex_leafcutter_heart_atrial_appendage_7_23260773_23266517_clu_40054__	sQTL, isTrans:false	[UBERON_0006631]:right atrium auricular region	naive	1.0190000534057617x10-6	-1.06855	SuSiE fine-mapped credible set with in-sample LD	SuSie	3
8d87e5c5579e5c0c0c16c535dbbe3330	7_23235565_G_A	quach_2016_tx_monocyte_iav_enst00000409458	eQTL, isTrans:false	[CL_0002057]:CD14-positive, CD16-negative classical monocyte	Influenza_6h	5.74399995803833x10-14	-1.29255	SuSiE fine-mapped credible set with in-sample LD	SuSie	7
8e393d58350dcacea3b4d0477480ac0b	7_23246696_G_A	sun_2018_aptamer_plasma_gpnmb_5080_131_3_1	pQTL, isTrans:false	[UBERON_0001969]:blood plasma	naive	7.984000205993652x10-18	-0.182717	SuSiE fine-mapped credible set with in-sample LD	SuSie	15
8ef51bebed2f8dfba06fbf59592ac688	7_23254525_T_C	hipsci_exon_ipsc_ensg00000136235_17_7_23270043_23270175	eQTL, isTrans:false	[EFO_0004905]:induced pluripotent stem cell	naive	8.083999633789062x10-7	-0.383161	SuSiE fine-mapped credible set with in-sample LD	SuSie	85
916fea87c80bb892ef90aa88e7ea4ab7	7_22799172_G_C	fusion_txrev_adipose_naive_ensg00000136235_grp_1_contained_enst00000470994	tuQTL, isTrans:false	[UBERON_0001013]:adipose tissue	naive	2.490000009536743x10-7	1.18465	SuSiE fine-mapped credible set with in-sample LD	SuSie	14
92eea87950d83caf59bc2b95db5403ca	7_23237166_A_G	peng_2018_txrev_placenta_naive_ensg00000136235_grp_2_downstream_enst00000409458	tuQTL, isTrans:false	[UBERON_0001987]:placenta	naive	2.940999984741211x10-14	0.605981	SuSiE fine-mapped credible set with in-sample LD	SuSie	17
9575f20f51c07b2037fbc22699bd288d	7_23237166_A_G	gtex_ge_brain_hypothalamus_ensg00000136235	eQTL, isTrans:false	[UBERON_0001898]:hypothalamus	naive	1.2489999532699585x10-19	-0.880032	SuSiE fine-mapped credible set with in-sample LD	SuSie	12
9616bfa9df410336cc31ae7667bc8040	11_126349501_T_C	UKB_PPP_EUR_GPNMB_Q14956_OID20173_v1	pQTL, isTrans:true	[UBERON_0001969]:blood plasma		9.430524826049805x10-12	0.034636105300643594	SuSiE fine-mapped credible set with out-of-sample LD	SuSiE-inf	2
964eaf9202f092cb0badf00b9c9dd973	7_24316607_T_C	UKB_PPP_EUR_GPNMB_Q14956_OID20173_v1	pQTL, isTrans:false	[UBERON_0001969]:blood plasma		1.2855020761489868x10-38	-0.07093077117431495	SuSiE fine-mapped credible set with out-of-sample LD	SuSiE-inf	1
9851eb330dddbe3c0c2c2904fed75fbe	7_23220632_G_T	gtex_ge_brain_caudate_ensg00000136235	eQTL, isTrans:false	[UBERON_0001873]:caudate nucleus	naive	3.875x10-16	-0.704252	SuSiE fine-mapped credible set with in-sample LD	SuSie	14
991c64a8fe0356d4cb1cc2fd4bf236f9	7_23258092_T_C	quach_2016_txrev_monocyte_lps_ensg00000136235_grp_2_downstream_enst00000409458	tuQTL, isTrans:false	[CL_0002057]:CD14-positive, CD16-negative classical monocyte	LPS_6h	9.911999702453613x10-10	-0.972246	SuSiE fine-mapped credible set with in-sample LD	SuSie	5
997dcd43d17ce87b11dd6d0e991ce525	7_23261505_A_C	lepik_2017_exon_blood_ensg00000136235_17_7_23246774_23246774	eQTL, isTrans:false	[UBERON_0000178]:blood	naive	4.885000228881836x10-8	0.417195	SuSiE fine-mapped credible set with in-sample LD	SuSie	6
9c7b435d71fc5f1225ac3b12d3cac94a	7_23273552_T_C	sun_2018_aptamer_plasma_gpnmb_8606_39_3_1	pQTL, isTrans:false	[UBERON_0001969]:blood plasma	naive	7.0920000076293945x10-33	0.690593	SuSiE fine-mapped credible set with in-sample LD	SuSie	1
9ca67f0dc790f7037d0e5d3487e2ae62	7_24083952_G_T	UKB_PPP_EUR_GPNMB_Q14956_OID20173_v1	pQTL, isTrans:false	[UBERON_0001969]:blood plasma		2.464772939682007x10-20	-0.05011261696992274	SuSiE fine-mapped credible set with out-of-sample LD	SuSiE-inf	1
9f038ca89aa61d273b900468636456cb	7_23266522_G_A	gtex_leafcutter_artery_tibial_7_23260773_23266517_clu_42024__	sQTL, isTrans:false	[UBERON_0007610]:tibial artery	naive	2.98799991607666x10-8	-1.04604	SuSiE fine-mapped credible set with in-sample LD	SuSie	1
a09fd6fca7ba072eb76cacb4b4e2953f	17_7176997_C_T	UKB_PPP_EUR_GPNMB_Q14956_OID20173_v1	pQTL, isTrans:true	[UBERON_0001969]:blood plasma		2.929051637649536x10-22	0.05503454350410746	SuSiE fine-mapped credible set with out-of-sample LD	SuSiE-inf	6
a0f0cf61c2563ba94c509157ace41ca4	7_23212603_G_A	fusion_exon_adipose_naive_ensg00000136235_17_7_23273615_23273925	eQTL, isTrans:false	[UBERON_0001013]:adipose tissue	naive	2.2209999561309814x10-11	1.02734	SuSiE fine-mapped credible set with in-sample LD	SuSie	10
a1f7b24092b40a30711eef5d76042887	7_22595193_CA_C	peng_2018_txrev_placenta_naive_ensg00000136235_grp_1_contained_enst00000479625	tuQTL, isTrans:false	[UBERON_0001987]:placenta	naive	3.927999973297119x10-6	-1.00194	SuSiE fine-mapped credible set with in-sample LD	SuSie	1
a2626295e6a25612c48e79404ad218ca	7_23281902_A_G	sun_2018_aptamer_plasma_gpnmb_5080_131_3_1	pQTL, isTrans:false	[UBERON_0001969]:blood plasma	naive	3.6700000762939453x10-13	0.539087	SuSiE fine-mapped credible set with in-sample LD	SuSie	3
a2677063944e4951410e7591529e4e67	7_24156372_A_G	gtex_exon_brain_cerebellar_hemisphere_ensg00000136235_17_7_23250713_23250761	eQTL, isTrans:false	[UBERON_0002037]:cerebellum	naive	9.458000183105469x10-8	0.659799	SuSiE fine-mapped credible set with in-sample LD	SuSie	4
a41bb7d926a10aa92e13b4b335662d8b	7_23190155_T_C	gtex_tx_muscle_enst00000409458	eQTL, isTrans:false	[UBERON_0001134]:skeletal muscle tissue	naive	1.378999948501587x10-6	-0.258615	SuSiE fine-mapped credible set with in-sample LD	SuSie	159
a64a1616d4647f9689a76aeb24fcf242	7_23220632_G_T	gtex_leafcutter_artery_tibial_7_23260138_23260488_clu_42023__	sQTL, isTrans:false	[UBERON_0007610]:tibial artery	naive	3.4679999351501465x10-10	-0.378224	SuSiE fine-mapped credible set with in-sample LD	SuSie	71
a6d733e0353864f60c0991f7447d8a93	7_23227709_CA_C	braineac2_exon_putamen_ensg00000136235_17_7_23270043_23270175	eQTL, isTrans:false	[UBERON_0001874]:putamen	naive	4.355999946594238x10-12	-0.788571	SuSiE fine-mapped credible set with in-sample LD	SuSie	15
a74702998bcf852e9ec77772d0af21e6	7_23276020_G_A	gtex_ge_brain_frontal_cortex_ensg00000136235	eQTL, isTrans:false	[UBERON_0009834]:dorsolateral prefrontal cortex	naive	1.0010000467300415x10-19	-0.740584	SuSiE fine-mapped credible set with in-sample LD	SuSie	10
a7c92448c1bee644c7dd7d8c3c8dab34	7_23220632_G_T	gtex_txrev_heart_atrial_appendage_ensg00000136235_grp_1_upstream_enst00000492858	tuQTL, isTrans:false	[UBERON_0006631]:right atrium auricular region	naive	2.4010000228881836x10-18	-0.637784	SuSiE fine-mapped credible set with in-sample LD	SuSie	11
a934272c5a5c370d7730aec47add2d1c	7_23101713_T_TA	gtex_leafcutter_colon_sigmoid_7_23260138_23260488_clu_44632__	sQTL, isTrans:false	[UBERON_0001159]:sigmoid colon	naive	1.6050000190734863x10-8	-0.466532	SuSiE fine-mapped credible set with in-sample LD	SuSie	128
a9dd14ae25c2704c29e7129396af274e	7_23254525_T_C	gtex_exon_brain_putamen_ensg00000136235_17_7_23266517_23266615	eQTL, isTrans:false	[UBERON_0001874]:putamen	naive	1.1419999599456787x10-15	-0.776342	SuSiE fine-mapped credible set with in-sample LD	SuSie	16
a9f15e623eae3d4a5a938645e8e866f2	7_23251368_G_A	gtex_ge_blood_ensg00000136235	eQTL, isTrans:false	[UBERON_0000178]:blood	naive	2.5230000019073486x10-8	-0.202213	SuSiE fine-mapped credible set with in-sample LD	SuSie	155
aab2dbdc714727f5de91b18901f14c5e	7_23394987_C_G	UKB_PPP_EUR_GPNMB_Q14956_OID20173_v1	pQTL, isTrans:false	[UBERON_0001969]:blood plasma		1.7388523817062378x10-307	-0.22419318771514024	SuSiE fine-mapped credible set with out-of-sample LD	SuSiE-inf	1
abbb51e2d394be0252c6ecc50e81347f	7_22860226_GAA_G	UKB_PPP_EUR_GPNMB_Q14956_OID20173_v1	pQTL, isTrans:false	[UBERON_0001969]:blood plasma		4.806922912597656x10-26	0.04516252182897442	SuSiE fine-mapped credible set with out-of-sample LD	SuSiE-inf	1
ad3a173267f28eee7cf685e92a80b486	7_23253189_T_C	gtex_txrev_artery_tibial_ensg00000136235_grp_1_contained_enst00000470994	tuQTL, isTrans:false	[UBERON_0007610]:tibial artery	naive	4.941999912261963x10-10	-0.351491	SuSiE fine-mapped credible set with in-sample LD	SuSie	29
aded101a3751f697dd8d1e498dda419b	7_23245812_T_C	gtex_tx_nerve_tibial_enst00000492512	eQTL, isTrans:false	[UBERON_0001323]:tibial nerve	naive	4.9039998054504395x10-7	0.950142	SuSiE fine-mapped credible set with in-sample LD	SuSie	79
ae67e18c58845b267c3bbbb3fac78a21	7_23157197_C_T	peng_2018_txrev_placenta_naive_ensg00000136235_grp_1_contained_enst00000647578	tuQTL, isTrans:false	[UBERON_0001987]:placenta	naive	1.3200000524520874x10-10	-0.502824	SuSiE fine-mapped credible set with in-sample LD	SuSie	132
af4fc4c7c40b8860a3d5efdfa9fd6b32	7_23254127_A_G	brainseq_ge_brain_ensg00000136235	eQTL, isTrans:false	[UBERON_0009834]:dorsolateral prefrontal cortex	naive	9.616999626159668x10-30	-0.549111	SuSiE fine-mapped credible set with in-sample LD	SuSie	9
b00fae886994f491ab2bab6708675130	7_23224922_T_C	UKB_PPP_EUR_GPNMB_Q14956_OID20173_v1	pQTL, isTrans:false	[UBERON_0001969]:blood plasma		3.0225582122802734x10-122	-0.12527576373772148	SuSiE fine-mapped credible set with out-of-sample LD	SuSiE-inf	1
b1c2caea39b323ee157cddaa15537d7c	7_23071112_C_G	gtex_txrev_heart_atrial_appendage_ensg00000136235_grp_1_contained_enst00000258733	tuQTL, isTrans:false	[UBERON_0006631]:right atrium auricular region	naive	6.310999870300293x10-15	-0.513137	SuSiE fine-mapped credible set with in-sample LD	SuSie	35
b29dd823ab5246e636639fca924a67ce	7_23170907_C_CTTT	sun_2018_aptamer_plasma_gpnmb_8289_8_3_1	pQTL, isTrans:false	[UBERON_0001969]:blood plasma	naive	2.614000082015991x10-18	-0.205871	SuSiE fine-mapped credible set with in-sample LD	SuSie	168
b4b0820a03041dbf28ebda81011d4e17	7_23216550_A_G	quach_2016_txrev_monocyte_r848_ensg00000136235_grp_2_contained_enst00000465673	tuQTL, isTrans:false	[CL_0002057]:CD14-positive, CD16-negative classical monocyte	R848_6h	1.600000023841858x10-17	-1.74889	SuSiE fine-mapped credible set with in-sample LD	SuSie	39
b58d4341f693d9db0be6eadd159ce349	7_24035115_G_C	UKB_PPP_EUR_GPNMB_Q14956_OID20173_v1	pQTL, isTrans:false	[UBERON_0001969]:blood plasma		3.405351161956787x10-65	-0.09282391124467525	SuSiE fine-mapped credible set with out-of-sample LD	SuSiE-inf	1
b5bdbdec79f0506088468b95c4dbe7f9	7_23273552_T_C	fusion_txrev_muscle_naive_ensg00000136235_grp_1_contained_enst00000468723	tuQTL, isTrans:false	[UBERON_0001134]:skeletal muscle tissue	naive	1.0420000553131104x10-20	0.993464	SuSiE fine-mapped credible set with in-sample LD	SuSie	2
b6a678a4456ca0e9727ca93c41b00fdd	7_23231412_A_C	fusion_txrev_muscle_naive_ensg00000136235_grp_2_upstream_enst00000492858	tuQTL, isTrans:false	[UBERON_0001134]:skeletal muscle tissue	naive	1.222000002861023x10-7	-0.480241	SuSiE fine-mapped credible set with in-sample LD	SuSie	31
b80066e1e61c05c83d3c25d5091ba1b0	7_23228262_T_G	nedelec_2016_txrev_macrophage_naive_ensg00000136235_grp_2_contained_enst00000474157	tuQTL, isTrans:false	[CL_0000235]:macrophage	naive	1.184999942779541x10-8	1.01458	SuSiE fine-mapped credible set with in-sample LD	SuSie	14
b8a631175ca0cf3c83f91c1c7932bc89	7_23266401_T_C	gtex_txrev_esophagus_muscularis_ensg00000136235_grp_1_upstream_enst00000492858	tuQTL, isTrans:false	[UBERON_0004648]:esophagus muscularis mucosa	naive	3.7809998989105225x10-18	-0.577775	SuSiE fine-mapped credible set with in-sample LD	SuSie	7
b8f42407b9daa3b8f7839af7b68d47c0	7_23253526_G_T	quach_2016_txrev_monocyte_iav_ensg00000136235_grp_2_contained_enst00000459927	tuQTL, isTrans:false	[CL_0002057]:CD14-positive, CD16-negative classical monocyte	Influenza_6h	1.0540000200271606x10-11	1.17229	SuSiE fine-mapped credible set with in-sample LD	SuSie	40
b8f972157ee2d607365a30aea1bb7632	7_23245260_TA_T	blueprint_exon_monocyte_ensg00000136235_17_7_23274065_23274252	eQTL, isTrans:false	[CL_0002057]:CD14-positive, CD16-negative classical monocyte	naive	3.950000047683716x10-12	-0.502723	SuSiE fine-mapped credible set with in-sample LD	SuSie	138
b93f12be07056269c819f0eac49859a0	7_22918638_G_A	UKB_PPP_EUR_GPNMB_Q14956_OID20173_v1	pQTL, isTrans:false	[UBERON_0001969]:blood plasma		4.163822174072266x10-90	-0.11424223920555511	SuSiE fine-mapped credible set with out-of-sample LD	SuSiE-inf	3
bc0cd17e0ddc08232d41867ec5da3890	7_23250567_C_CA	fusion_txrev_muscle_naive_ensg00000136235_grp_1_contained_enst00000468723	tuQTL, isTrans:false	[UBERON_0001134]:skeletal muscle tissue	naive	7.511000156402588x10-7	0.416333	SuSiE fine-mapped credible set with in-sample LD	SuSie	15
bcef3477e8ae1d2e05f575e618a14dce	7_23273552_T_C	geuvadis_exon_lcl_ensg00000136235_17_7_23274253_23274550	eQTL, isTrans:false	[EFO_0005292]:lymphoblastoid cell line	naive	5.769999980926514x10-20	1.13036	SuSiE fine-mapped credible set with in-sample LD	SuSie	1
bd0331ac6cc5eafcbad2b2c70d9c9ae1	7_22930654_T_A	twinsuk_exon_lcl_ensg00000136235_17_7_23246768_23246773	eQTL, isTrans:false	[EFO_0005292]:lymphoblastoid cell line	naive	2.688999891281128x10-8	0.533837	SuSiE fine-mapped credible set with in-sample LD	SuSie	1
bd9f8f998415dd1b84370e7550276788	7_23246696_G_A	gtex_txrev_artery_tibial_ensg00000136235_grp_2_upstream_enst00000492858	tuQTL, isTrans:false	[UBERON_0007610]:tibial artery	naive	4.007999897003174x10-54	-0.829213	SuSiE fine-mapped credible set with in-sample LD	SuSie	6
beaf1c2df35c4a10884f7c48fa945625	7_23259375_A_G	gtex_txrev_artery_tibial_ensg00000136235_grp_1_contained_enst00000474157	tuQTL, isTrans:false	[UBERON_0007610]:tibial artery	naive	2.052999973297119x10-11	1.35706	SuSiE fine-mapped credible set with in-sample LD	SuSie	48
bf4c445f54f2e64b0421b9ac1838199e	7_22862708_T_C	fusion_leafcutter_muscle_naive_7_23260773_23266481_clu_63483_-	sQTL, isTrans:false	[UBERON_0001134]:skeletal muscle tissue	naive	3.430999994277954x10-8	-0.703543	SuSiE fine-mapped credible set with in-sample LD	SuSie	28
bf5b592efea75bfab98b7fd5326dd1eb	7_23246696_G_A	gtex_txrev_adipose_visceral_ensg00000136235_grp_1_upstream_enst00000492858	tuQTL, isTrans:false	[UBERON_0010414]:omental fat pad	naive	5.729000091552734x10-22	-0.630915	SuSiE fine-mapped credible set with in-sample LD	SuSie	10
c0954e185ae3fbf9e878e43f037807b5	7_23253479_C_A	lepik_2017_txrev_blood_ensg00000136235_grp_2_downstream_enst00000409458	tuQTL, isTrans:false	[UBERON_0000178]:blood	naive	3.8369998931884766x10-22	0.582526	SuSiE fine-mapped credible set with in-sample LD	SuSie	15
c27d3a8a7ccbf4b3eb2de632be5ce32a	7_23294385_C_T	UKB_PPP_EUR_GPNMB_Q14956_OID20173_v1	pQTL, isTrans:false	[UBERON_0001969]:blood plasma		3.601621627807617x10-55	-0.06801043519986458	SuSiE fine-mapped credible set with out-of-sample LD	SuSiE-inf	2
c310c539ac686f5acfdbe857c16e63a5	7_23229446_A_G	commonmind_tx_dlpfc_naive_enst00000479625	eQTL, isTrans:false	[UBERON_0009834]:dorsolateral prefrontal cortex	naive	1.8509999513626099x10-10	0.335306	SuSiE fine-mapped credible set with in-sample LD	SuSie	35
c3e210a2cfa8636084addf4af72d391c	7_23263868_C_CA	schmiedel_2018_ge_monocyte_naive_ensg00000136235	eQTL, isTrans:false	[CL_0002057]:CD14-positive, CD16-negative classical monocyte	naive	4.053999900817871x10-8	-0.85231	SuSiE fine-mapped credible set with in-sample LD	SuSie	16
c3f7a2d69acd3436f977054b6ba4e3f0	7_23255879_C_T	quach_2016_tx_monocyte_naive_enst00000409458	eQTL, isTrans:false	[CL_0002057]:CD14-positive, CD16-negative classical monocyte	naive	1.4529999494552612x10-17	-1.08564	SuSiE fine-mapped credible set with in-sample LD	SuSie	5
c479869e9e5146c78a5f92564563231b	7_23273552_T_C	gtex_ge_muscle_ensg00000136235	eQTL, isTrans:false	[UBERON_0001134]:skeletal muscle tissue	naive	2.0139999389648438x10-7	0.475903	SuSiE fine-mapped credible set with in-sample LD	SuSie	2
c7724e0b82f8726da076c62c685deb4b	7_23273552_T_C	fusion_txrev_muscle_naive_ensg00000136235_grp_2_downstream_enst00000409458	tuQTL, isTrans:false	[UBERON_0001134]:skeletal muscle tissue	naive	1.11899995803833x10-10	-0.795135	SuSiE fine-mapped credible set with in-sample LD	SuSie	2
c7c96420935a91abcd6de3a373efd1ab	7_22932715_A_C	UKB_PPP_EUR_GPNMB_Q14956_OID20173_v1	pQTL, isTrans:false	[UBERON_0001969]:blood plasma		1.045627236366272x10-14	-0.03800021935586246	SuSiE fine-mapped credible set with out-of-sample LD	SuSiE-inf	2
c8e594f84354bf94aa77c7f4a251292a	7_23273552_T_C	gtex_txrev_muscle_ensg00000136235_grp_2_downstream_enst00000409458	tuQTL, isTrans:false	[UBERON_0001134]:skeletal muscle tissue	naive	6.3480000495910645x10-11	-0.858246	SuSiE fine-mapped credible set with in-sample LD	SuSie	2
ca15917ec798027f11a308ed32671729	7_23246906_T_C	peng_2018_exon_placenta_naive_ensg00000136235_17_7_23257066_23258048	eQTL, isTrans:false	[UBERON_0001987]:placenta	naive	9.79699993133545x10-5	-1.41328	SuSiE fine-mapped credible set with in-sample LD	SuSie	39
caaa165d8823ccbca8f07b1ca905a019	7_23254127_A_G	peng_2018_txrev_placenta_naive_ensg00000136235_grp_1_contained_enst00000479625	tuQTL, isTrans:false	[UBERON_0001987]:placenta	naive	1.8380000591278076x10-11	0.410257	SuSiE fine-mapped credible set with in-sample LD	SuSie	10
caec6c3a867fadf0d0b2beefd9b911e4	7_23273552_T_C	fusion_exon_muscle_naive_ensg00000136235_17_7_23274730_23275096	eQTL, isTrans:false	[UBERON_0001134]:skeletal muscle tissue	naive	1.2350000143051147x10-26	0.712867	SuSiE fine-mapped credible set with in-sample LD	SuSie	1
cb1661bca67e5739acf9938cbbf7554d	7_23222816_T_A	gtex_exon_skin_sun_exposed_ensg00000136235_17_7_23275108_23275108	eQTL, isTrans:false	[UBERON_0002097]:skin of body	naive	7.781000137329102x10-10	-0.335587	SuSiE fine-mapped credible set with in-sample LD	SuSie	46
cb462c751bf61af53bcd807d72aef29e	7_23235565_G_A	quach_2016_txrev_monocyte_iav_ensg00000136235_grp_2_downstream_enst00000409458	tuQTL, isTrans:false	[CL_0002057]:CD14-positive, CD16-negative classical monocyte	Influenza_6h	8.288000106811523x10-11	-1.14016	SuSiE fine-mapped credible set with in-sample LD	SuSie	11
cc053445640b4a6d1913361d36bfdeda	7_23255879_C_T	quach_2016_txrev_monocyte_naive_ensg00000136235_grp_2_downstream_enst00000409458	tuQTL, isTrans:false	[CL_0002057]:CD14-positive, CD16-negative classical monocyte	naive	3.4649999141693115x10-15	-0.983674	SuSiE fine-mapped credible set with in-sample LD	SuSie	5
cc712eb4ca2283c473aafd71d4f7ac86	7_23099726_G_A	gtex_tx_skin_sun_exposed_enst00000479625	eQTL, isTrans:false	[UBERON_0002097]:skin of body	naive	4.563000202178955x10-9	0.250354	SuSiE fine-mapped credible set with in-sample LD	SuSie	70
cc783c21633bffa9f428f684a6320b6f	7_23256914_G_A	gtex_ge_brain_nucleus_accumbens_ensg00000136235	eQTL, isTrans:false	[UBERON_0001882]:nucleus accumbens	naive	3.6470000743865967x10-21	-0.754755	SuSiE fine-mapped credible set with in-sample LD	SuSie	9
cc791c3c58747986c5d185fdce4a0d11	7_22793023_A_C	UKB_PPP_EUR_GPNMB_Q14956_OID20173_v1	pQTL, isTrans:false	[UBERON_0001969]:blood plasma		2.6221935749053955x10-40	-0.05446142151249652	SuSiE fine-mapped credible set with out-of-sample LD	SuSiE-inf	1
d35221c3e1b58fbdb87cf741cf67d3fc	7_23246910_C_T	UKB_PPP_EUR_GPNMB_Q14956_OID20173_v1	pQTL, isTrans:false	[UBERON_0001969]:blood plasma		1.2787364721298218x10-144	-0.13249434404340196	SuSiE fine-mapped credible set with out-of-sample LD	SuSiE-inf	1
d658032e0062df063dd51d70f69d3ee8	7_22618770_T_G	gtex_exon_brain_cortex_ensg00000136235_17_7_23236759_23236823	eQTL, isTrans:false	[UBERON_0001870]:frontal cortex	naive	3.2669999599456787x10-7	0.450769	SuSiE fine-mapped credible set with in-sample LD	SuSie	3
d848523340a33a867d1cbc00a87cb8ff	7_22856072_G_C	UKB_PPP_EUR_GPNMB_Q14956_OID20173_v1	pQTL, isTrans:false	[UBERON_0001969]:blood plasma		6.447718143463135x10-31	-0.043424282871820916	SuSiE fine-mapped credible set with out-of-sample LD	SuSiE-inf	2
dd57125871439cfb7cc222e19bd8ca6c	7_23138461_T_TA	quach_2016_exon_monocyte_lps_ensg00000136235_17_7_23236668_23236758	eQTL, isTrans:false	[CL_0002057]:CD14-positive, CD16-negative classical monocyte	LPS_6h	3.4230000972747803x10-7	0.675098	SuSiE fine-mapped credible set with in-sample LD	SuSie	1
dd9d21a8291c2d0f8ef0d7d7df29de84	7_23266522_G_A	gtex_leafcutter_esophagus_mucosa_7_23260773_23266481_clu_45533__	sQTL, isTrans:false	[UBERON_0006920]:esophagus squamous epithelium	naive	4.736000061035156x10-8	1.13861	SuSiE fine-mapped credible set with in-sample LD	SuSie	1
ddb23c416acfc82c4d9f5efdd4614984	7_23256914_G_A	rosmap_exon_brain_naive_ensg00000136235_17_7_23274065_23274252	eQTL, isTrans:false	[UBERON_0009834]:dorsolateral prefrontal cortex	naive	9.46500015258789x10-53	-0.690595	SuSiE fine-mapped credible set with in-sample LD	SuSie	12
de127b2618f6f7c658d042fdcc64491b	7_23254127_A_G	commonmind_ge_dlpfc_naive_ensg00000136235	eQTL, isTrans:false	[UBERON_0009834]:dorsolateral prefrontal cortex	naive	1.281000018119812x10-79	-0.872722	SuSiE fine-mapped credible set with in-sample LD	SuSie	7
de98d00eb6ca13146409b7ea99fd03d6	7_23333890_A_G	UKB_PPP_EUR_GPNMB_Q14956_OID20173_v1	pQTL, isTrans:false	[UBERON_0001969]:blood plasma		3.282222270965576x10-78	-0.08154577860438711	SuSiE fine-mapped credible set with out-of-sample LD	SuSiE-inf	1
df3f35bddab8ae1c481da13d553a83e0	7_24046570_C_T	gtex_exon_brain_hypothalamus_ensg00000136235_17_7_23246709_23246745	eQTL, isTrans:false	[UBERON_0001898]:hypothalamus	naive	2.986999988555908x10-8	1.15242	SuSiE fine-mapped credible set with in-sample LD	SuSie	1
e1679589b0cc36da1285f05652aa9d7f	7_23227709_CA_C	braineac2_ge_putamen_ensg00000136235	eQTL, isTrans:false	[UBERON_0001874]:putamen	naive	1.8890000581741333x10-12	-0.883942	SuSiE fine-mapped credible set with in-sample LD	SuSie	42
e32635852141f6b83e5d1a988debbebe	7_23273843_A_G	quach_2016_tx_monocyte_pam3csk4_enst00000479625	eQTL, isTrans:false	[CL_0002057]:CD14-positive, CD16-negative classical monocyte	Pam3CSK4_6h	4.158999919891357x10-7	0.524453	SuSiE fine-mapped credible set with in-sample LD	SuSie	40
e4614848160411fee2254334fb6730ca	7_23273552_T_C	fusion_ge_muscle_naive_ensg00000136235	eQTL, isTrans:false	[UBERON_0001134]:skeletal muscle tissue	naive	1.1069999933242798x10-18	0.751213	SuSiE fine-mapped credible set with in-sample LD	SuSie	2
e474abaf4d9d147f8f3fc9d6815e7a4b	7_23224665_T_G	gtex_ge_heart_atrial_appendage_ensg00000136235	eQTL, isTrans:false	[UBERON_0006631]:right atrium auricular region	naive	2.0490000247955322x10-24	-0.566416	SuSiE fine-mapped credible set with in-sample LD	SuSie	8
e48681cf4075fcd7f5ddbb491df371c2	7_23235145_A_G	gtex_leafcutter_artery_tibial_7_23260773_23266517_clu_42024__	sQTL, isTrans:false	[UBERON_0007610]:tibial artery	naive	1.5099999904632568x10-5	-0.269649	SuSiE fine-mapped credible set with in-sample LD	SuSie	114
e753531acbdd22ec1fe7c30f17b56bae	3_98689982_G_T	UKB_PPP_EUR_GPNMB_Q14956_OID20173_v1	pQTL, isTrans:true	[UBERON_0001969]:blood plasma		3.2363483905792236x10-17	-0.04472815300872948	SuSiE fine-mapped credible set with out-of-sample LD	SuSiE-inf	4
e8b9a3a77733dc4c4f694f541541fc02	7_23130808_T_G	gtex_txrev_muscle_ensg00000136235_grp_2_downstream_enst00000409458	tuQTL, isTrans:false	[UBERON_0001134]:skeletal muscle tissue	naive	2.5810000896453857x10-6	-0.243946	SuSiE fine-mapped credible set with in-sample LD	SuSie	182
e924cf75a34db7541dbc41fdced6a180	7_23238664_G_T	gtex_exon_heart_atrial_appendage_ensg00000136235_17_7_23275108_23275108	eQTL, isTrans:false	[UBERON_0006631]:right atrium auricular region	naive	1.9600000381469727x10-12	-0.452412	SuSiE fine-mapped credible set with in-sample LD	SuSie	15
e93b1a777d6cb4ba87fe50f002cd54a9	7_23211386_T_C	gtex_exon_lung_ensg00000136235_17_7_23246768_23246773	eQTL, isTrans:false	[UBERON_0008952]:upper lobe of left lung	naive	1.2899999618530273x10-10	-0.381039	SuSiE fine-mapped credible set with in-sample LD	SuSie	25
ec07c888bf42a556d47489364cb685cb	7_22707939_G_A	blueprint_exon_monocyte_ensg00000136235_17_7_23275097_23275107	eQTL, isTrans:false	[CL_0002057]:CD14-positive, CD16-negative classical monocyte	naive	7.872000217437744x10-7	0.679385	SuSiE fine-mapped credible set with in-sample LD	SuSie	23
ec5f2f30cb8cd4c1018d0ef8cd495064	7_23176674_T_TA	fusion_tx_muscle_naive_enst00000258733	eQTL, isTrans:false	[UBERON_0001134]:skeletal muscle tissue	naive	9.829000473022461x10-17	-0.931091	SuSiE fine-mapped credible set with in-sample LD	SuSie	2
ecb83133bf9a515b68976bbbe0733611	7_23258425_G_C	quach_2016_txrev_monocyte_pam3csk4_ensg00000136235_grp_2_contained_enst00000459927	tuQTL, isTrans:false	[CL_0002057]:CD14-positive, CD16-negative classical monocyte	Pam3CSK4_6h	9.348999977111816x10-9	1.05859	SuSiE fine-mapped credible set with in-sample LD	SuSie	69
ed06fac9136db2b17fa7be62aaedd53b	7_22675742_A_G	UKB_PPP_EUR_GPNMB_Q14956_OID20173_v1	pQTL, isTrans:false	[UBERON_0001969]:blood plasma		1.2609094381332397x10-25	-0.04915286222503342	SuSiE fine-mapped credible set with out-of-sample LD	SuSiE-inf	1
ed46b3f097af1ce5f8b1e0bc3337ae9e	7_24212563_A_T	quach_2016_exon_monocyte_lps_ensg00000136235_17_7_23236008_23236123	eQTL, isTrans:false	[CL_0002057]:CD14-positive, CD16-negative classical monocyte	LPS_6h	6.816999912261963x10-10	0.455913	SuSiE fine-mapped credible set with in-sample LD	SuSie	1
f0c43764039469a7843fe516313baff8	7_23248690_G_A	commonmind_txrev_dlpfc_naive_ensg00000136235_grp_1_contained_enst00000479625	tuQTL, isTrans:false	[UBERON_0009834]:dorsolateral prefrontal cortex	naive	1.805999994277954x10-25	0.486231	SuSiE fine-mapped credible set with in-sample LD	SuSie	5
f3241c7f3e5888c861c1fcc9479b2f17	7_23251368_G_A	quach_2016_txrev_monocyte_pam3csk4_ensg00000136235_grp_1_contained_enst00000479625	tuQTL, isTrans:false	[CL_0002057]:CD14-positive, CD16-negative classical monocyte	Pam3CSK4_6h	1.9299999475479126x10-6	0.47324	SuSiE fine-mapped credible set with in-sample LD	SuSie	62
f41e606a6adaf6156f53be99182b7346	7_23294385_C_T	gtex_exon_heart_atrial_appendage_ensg00000136235_17_7_23275108_23275108	eQTL, isTrans:false	[UBERON_0006631]:right atrium auricular region	naive	4.789000034332275x10-8	-1.62108	SuSiE fine-mapped credible set with in-sample LD	SuSie	9
f4fee957e27eb2b4aa2ce8b6459a4618	7_23350848_G_C	gtex_txrev_nerve_tibial_ensg00000136235_grp_1_upstream_enst00000647578	tuQTL, isTrans:false	[UBERON_0001323]:tibial nerve	naive	5.913000106811523x10-9	-0.376091	SuSiE fine-mapped credible set with in-sample LD	SuSie	28
f5c06b23a74d820e9cf683ed85ed67aa	7_23255879_C_T	quach_2016_tx_monocyte_pam3csk4_enst00000409458	eQTL, isTrans:false	[CL_0002057]:CD14-positive, CD16-negative classical monocyte	Pam3CSK4_6h	1.937999963760376x10-17	-1.50858	SuSiE fine-mapped credible set with in-sample LD	SuSie	6
f64a15ab2c10669ffc52941b8635c850	7_23266522_G_A	UKB_PPP_EUR_GPNMB_Q14956_OID20173_v1	pQTL, isTrans:false	[UBERON_0001969]:blood plasma		9.88131332397461x10-323	-0.26424314622801276	SuSiE fine-mapped credible set with out-of-sample LD	SuSiE-inf	1
f7103d9be520af1a4eecd5b35a93f91d	7_23071112_C_G	gtex_txrev_adipose_subcutaneous_ensg00000136235_grp_1_contained_enst00000258733	tuQTL, isTrans:false	[UBERON_0001013]:adipose tissue	naive	3.6679999828338623x10-7	-0.292493	SuSiE fine-mapped credible set with in-sample LD	SuSie	141
f73e8d7bd31d8c52e249dfbd0f97a4e3	7_23253189_T_C	gtex_exon_artery_tibial_ensg00000136235_17_7_23273615_23273925	eQTL, isTrans:false	[UBERON_0007610]:tibial artery	naive	1.0750000476837158x10-11	-0.356435	SuSiE fine-mapped credible set with in-sample LD	SuSie	11
f775c2e0f402310a497caa6230c480c1	7_23273552_T_C	hipsci_exon_ipsc_ensg00000136235_17_7_23274253_23274550	eQTL, isTrans:false	[EFO_0004905]:induced pluripotent stem cell	naive	2.8529999256134033x10-9	1.14247	SuSiE fine-mapped credible set with in-sample LD	SuSie	3
f7a883a45b7d9d47a62e678e829df9eb	7_23245812_T_C	peng_2018_txrev_placenta_naive_ensg00000136235_grp_1_contained_enst00000647578	tuQTL, isTrans:false	[UBERON_0001987]:placenta	naive	4.072999954223633x10-6	1.28931	SuSiE fine-mapped credible set with in-sample LD	SuSie	42
f8782922289d8f30074f7d9ed4a43f79	7_23259264_G_C	quach_2016_txrev_monocyte_pam3csk4_ensg00000136235_grp_2_downstream_enst00000465673	tuQTL, isTrans:false	[CL_0002057]:CD14-positive, CD16-negative classical monocyte	Pam3CSK4_6h	3.7360000610351562x10-7	0.978532	SuSiE fine-mapped credible set with in-sample LD	SuSie	26
f90fab42bd851966233d623fb0dfa684	7_23248690_G_A	lepik_2017_ge_blood_ensg00000136235	eQTL, isTrans:false	[UBERON_0000178]:blood	naive	3.755000114440918x10-33	-0.676494	SuSiE fine-mapped credible set with in-sample LD	SuSie	5
f93b5df1ee34c8a95608f05766b6a166	7_23258425_G_C	quach_2016_exon_monocyte_lps_ensg00000136235_17_7_23247741_23247993	eQTL, isTrans:false	[CL_0002057]:CD14-positive, CD16-negative classical monocyte	LPS_6h	2.691999912261963x10-11	1.18429	SuSiE fine-mapped credible set with in-sample LD	SuSie	34
fa499049204492a27ab98a8aa553b6f0	7_23250965_C_T	gtex_txrev_adipose_subcutaneous_ensg00000136235_grp_1_contained_enst00000474157	tuQTL, isTrans:false	[UBERON_0001013]:adipose tissue	naive	7.281000137329102x10-10	1.23203	SuSiE fine-mapped credible set with in-sample LD	SuSie	33
fb38368dc2f924906aaaed93a6de7518	7_23028249_C_G	gtex_txrev_artery_aorta_ensg00000136235_grp_2_upstream_enst00000647578	tuQTL, isTrans:false	[UBERON_0001496]:ascending aorta	naive	1.4919999837875366x10-5	-1.18869	SuSiE fine-mapped credible set with in-sample LD	SuSie	3
fc4e04cbaa0b494b13e46b354adbde3d	7_23248690_G_A	lepik_2017_exon_blood_ensg00000136235_17_7_23253368_23253459	eQTL, isTrans:false	[UBERON_0000178]:blood	naive	1.315999984741211x10-10	-0.251933	SuSiE fine-mapped credible set with in-sample LD	SuSie	23
fd7be1a7a8a965700d10be67c4a56d8b	7_23273552_T_C	twinsuk_exon_lcl_ensg00000136235_17_7_23274253_23274550	eQTL, isTrans:false	[EFO_0005292]:lymphoblastoid cell line	naive	7.561999797821045x10-15	0.971268	SuSiE fine-mapped credible set with in-sample LD	SuSie	1
fff55421cc23594ee5d28872a1751df4	7_23248690_G_A	gtex_ge_brain_hippocampus_ensg00000136235	eQTL, isTrans:false	[UBERON_0001954]:Ammon's horn	naive	6.502999782562256x10-12	-0.647139	SuSiE fine-mapped credible set with in-sample LD	SuSie	15