snp,chr,pos_pqtl,effect_allele_pqtl,other_allele_pqtl,beta_pqtl,se_pqtl,varbeta,p_pqtl,eaf_pqtl,maf_pqtl,n_pqtl,ncase,ncontrol,present_in_pd_by_snp,effect_allele_pd,other_allele_pd,pos_pd,beta_pd,se_pd,p_pd,eaf_pd,maf_pd,n_pd
rs156414,7,23357321,T,C,0.1563,0.0456617,0.00208499084689,0.000644496,,,996,,,True,G,C,23357321.0,-1.96,1.7029,0.2497,0.3965,0.3965,482730.0
rs10264967,7,23775477,T,G,-0.1591,0.0574576,0.0033013757977599,0.00573601,,,996,,,False,,,,,,,,,
rs10264952,7,23775454,A,G,-0.1561,0.0585302,0.0034257843120399,0.00778305,,,996,,,False,,,,,,,,,
rs2286498,7,22857504,C,T,0.07286,0.0465857,0.00217022744449,0.1182,,,996,,,False,,,,,,,,,
rs2037605,7,22914929,T,G,0.06553,0.0467404,0.00218466499216,0.1612,,,996,,,False,,,,,,,,,
rs5029444,7,23737795,C,T,0.06032,0.0433957,0.00188318677849,0.1649,,,996,,,False,,,,,,,,,
rs67726553,7,22911733,T,C,-0.1095,0.0815339,0.00664777684921,0.1797,,,996,,,False,,,,,,,,,
rs6950451,7,22919808,G,A,-0.07263,0.054609,0.0029821428809999,0.1838,,,996,,,False,,,,,,,,,
rs227932,7,23624475,G,A,-0.08083,0.0710906,0.00505387340836,0.2559,,,996,,,False,,,,,,,,,
rs10950938,7,23100220,A,G,-0.04411,0.0442916,0.00196174583056,0.3195,,,996,,,False,,,,,,,,,
rs4599713,7,22983854,C,T,-0.07394,0.0839559,0.00704859314481,0.3787,,,996,,,False,,,,,,,,,
rs1524100,7,22823906,A,G,0.03944,0.0496913,0.00246922529569,0.4275,,,996,,,False,,,,,,,,,
rs12700456,7,23720488,T,G,0.03053,0.0432375,0.0018694814062499,0.4803,,,996,,,False,,,,,,,,,
rs4722242,7,23690640,A,G,0.02402,0.0445475,0.0019844797562499,0.589899,,,996,,,False,,,,,,,,,
rs17147462,7,22979839,C,T,0.08632,0.17029,0.0289986840999999,0.6124,,,996,,,False,,,,,,,,,
