SNP,SNP_original,chr.exposure,pos.exposure,pval.exposure,beta.exposure,effect_allele.exposure,other_allele.exposure,samplesize.exposure,z.exposure,se.exposure,exposure,mr_keep.exposure,pval_origin.exposure,id.exposure,eaf.exposure
rs78840640,7_23394987_c_g,7,23394987,1e-200,-0.22419318771514024,G,C,34151,37.48306303335681,0.005981186423202047,GPNMB (Olink UKB-PPP),TRUE,reported,2F56E7,NA
rs75801644,7_23266522_g_a,7,23266522,1e-200,-0.26424314622801276,A,G,34151,37.537836095576054,0.007039381427187664,GPNMB (Olink UKB-PPP),TRUE,reported,2F56E7,NA
rs191297708,7_23217214_t_c,7,23217214,5.909956932067871e-186,0.14882173401455193,C,T,34151,29.08288392720731,0.005117158751760784,GPNMB (Olink UKB-PPP),TRUE,reported,2F56E7,NA
rs1881203,7_23253189_t_c,7,23253189,9.136404037475586e-176,-0.15555656266522624,C,T,34151,28.265669014729394,0.0055033745206655065,GPNMB (Olink UKB-PPP),TRUE,reported,2F56E7,NA
rs141210139,7_23392738_t_c,7,23392738,9.111955642700195e-147,0.1486154371265605,C,T,34151,25.798945695447753,0.00576052366173955,GPNMB (Olink UKB-PPP),TRUE,reported,2F56E7,NA
rs140122424,7_23246910_c_t,7,23246910,1.2787364721298219e-144,-0.13249434404340196,T,C,34151,25.606882244375228,0.005174169302571205,GPNMB (Olink UKB-PPP),TRUE,reported,2F56E7,NA
rs187317213,7_23224922_t_c,7,23224922,3.022558212280273e-122,-0.12527576373772148,C,T,34151,23.51272608238487,0.0053279982635265274,GPNMB (Olink UKB-PPP),TRUE,reported,2F56E7,NA
rs564627708,7_22891972_a_t,7,22891972,9.267850875854492e-93,-0.11499013016357998,T,A,34151,20.42883947862599,0.005628813632996153,GPNMB (Olink UKB-PPP),TRUE,reported,2F56E7,NA
rs191709994,7_22918638_g_a,7,22918638,4.163822174072266e-90,-0.11424223920555512,A,G,34151,20.12838044292883,0.005675679646928018,GPNMB (Olink UKB-PPP),TRUE,reported,2F56E7,NA
rs188019604,7_22929241_g_a,7,22929241,5.353777885437012e-83,0.10108282482729512,A,G,34151,19.300165203709064,0.0052374072325489344,GPNMB (Olink UKB-PPP),TRUE,reported,2F56E7,NA
rs183705156,7_23333890_a_g,7,23333890,3.282222270965576e-78,-0.08154577860438711,G,A,34151,18.72190151789045,0.00435563548534121,GPNMB (Olink UKB-PPP),TRUE,reported,2F56E7,NA
rs192489514,7_24035115_g_c,7,24035115,3.405351161956787e-65,-0.09282391124467523,C,G,34151,17.05152437615069,0.0054437309648693024,GPNMB (Olink UKB-PPP),TRUE,reported,2F56E7,NA
rs79570193,7_23294385_c_t,7,23294385,3.601621627807617e-55,-0.06801043519986458,T,C,34151,15.644859696535104,0.0043471425451598635,GPNMB (Olink UKB-PPP),TRUE,reported,2F56E7,NA
rs78591304,7_23907608_t_g,7,23907608,1.1336864233016969e-51,0.10998206894780238,G,T,34151,15.123491601283693,0.007272267003372887,GPNMB (Olink UKB-PPP),TRUE,reported,2F56E7,NA
rs182846976,7_23365098_g_c,7,23365098,4.89681339263916e-46,-0.03701102889735691,C,G,34151,14.24382988418579,0.0025983902642960095,GPNMB (Olink UKB-PPP),TRUE,reported,2F56E7,NA
rs572638581,7_22793023_a_c,7,22793023,2.6221935749053954e-40,-0.05446142151249652,C,A,34151,13.290670085856828,0.004097718261056774,GPNMB (Olink UKB-PPP),TRUE,reported,2F56E7,NA
rs561835325,7_24316607_t_c,7,24316607,1.2855020761489867e-38,-0.07093077117431495,C,T,34151,12.99621477542811,0.005457802321674729,GPNMB (Olink UKB-PPP),TRUE,reported,2F56E7,NA
rs187529119,7_22856072_g_c,7,22856072,6.447718143463135e-31,-0.04342428287182091,C,G,34151,11.561624695973233,0.0037558979826550704,GPNMB (Olink UKB-PPP),TRUE,reported,2F56E7,NA
rs553402465,7_22675742_a_g,7,22675742,1.2609094381332398e-25,-0.04915286222503342,G,A,34151,10.464234970454594,0.004697224628825216,GPNMB (Olink UKB-PPP),TRUE,reported,2F56E7,NA
rs34691502,7_23893711_a_g,7,23893711,6.863521099090575e-24,0.04821698887590739,G,A,34151,10.078689779543481,0.004784053277815185,GPNMB (Olink UKB-PPP),TRUE,reported,2F56E7,NA
rs12531722,7_23849012_t_g,7,23849012,1.5745340585708618e-21,-0.09301813779144724,G,T,34151,9.529887737614994,0.009760675083747263,GPNMB (Olink UKB-PPP),TRUE,reported,2F56E7,NA
rs554517895,7_24083952_g_t,7,24083952,2.464772939682007e-20,-0.05011261696992274,T,G,34151,9.240008657220717,0.005423438313638551,GPNMB (Olink UKB-PPP),TRUE,reported,2F56E7,NA
rs111416687,7_23261483_a_c,7,23261483,4.878015041351318e-18,-0.05796144325906591,C,A,34151,8.656188541748477,0.006695954342898149,GPNMB (Olink UKB-PPP),TRUE,reported,2F56E7,NA
rs77652512,7_23292930_g_a,7,23292930,7.293472766876221e-18,-0.05579218783455166,A,G,34151,8.610197632344038,0.006479780164971987,GPNMB (Olink UKB-PPP),TRUE,reported,2F56E7,NA
rs77175079,7_22932715_a_c,7,22932715,1.045627236366272e-14,-0.03800021935586246,C,A,34151,7.733581078436207,0.0049136640542658426,GPNMB (Olink UKB-PPP),TRUE,reported,2F56E7,NA
rs17147995,7_23260029_c_g,7,23260029,2.7445528507232664e-14,-0.03022853398780657,G,C,34151,7.60983065769776,0.003972300481775998,GPNMB (Olink UKB-PPP),TRUE,reported,2F56E7,NA
