SNP,effect_allele.exposure,other_allele.exposure,effect_allele.outcome,other_allele.outcome,beta.exposure,beta.outcome,eaf.exposure,eaf.outcome,remove,palindromic,ambiguous,id.outcome,chr,pos,se.outcome,samplesize.outcome,pval.outcome,outcome,originalname.outcome,outcome.deprecated,mr_keep.outcome,data_source.outcome,SNP_original,chr.exposure,pos.exposure,pval.exposure,samplesize.exposure,z.exposure,se.exposure,exposure,mr_keep.exposure,pval_origin.exposure,id.exposure,action,SNP_index,mr_keep
rs111416687,C,A,C,A,-0.05796144325906591,-0.3319,NA,0.0043,FALSE,FALSE,FALSE,ieu-b-7,7,23301102,0.1598,23713,0.0377903,Parkinson's disease || id:ieu-b-7,Parkinson's disease,Parkinson's disease ||  || ,TRUE,igd,7_23261483_a_c,7,23261483,4.878015041351318e-18,34151,8.656188541748477,0.006695954342898149,GPNMB (Olink UKB-PPP),TRUE,reported,2F56E7,2,1,TRUE
rs12531722,G,T,G,T,-0.09301813779144724,0.0742,NA,0.0417,FALSE,FALSE,FALSE,ieu-b-7,7,23888631,0.0468,482730,0.1131,Parkinson's disease || id:ieu-b-7,Parkinson's disease,Parkinson's disease ||  || ,TRUE,igd,7_23849012_t_g,7,23849012,1.5745340585708618e-21,34151,9.529887737614994,0.009760675083747263,GPNMB (Olink UKB-PPP),TRUE,reported,2F56E7,2,1,TRUE
rs140122424,T,C,T,C,-0.13249434404340196,-0.2839,NA,0.0032,FALSE,FALSE,FALSE,ieu-b-7,7,23286529,0.2038,25028,0.1635,Parkinson's disease || id:ieu-b-7,Parkinson's disease,Parkinson's disease ||  || ,TRUE,igd,7_23246910_c_t,7,23246910,1.2787364721298219e-144,34151,25.606882244375228,0.005174169302571205,GPNMB (Olink UKB-PPP),TRUE,reported,2F56E7,2,1,TRUE
rs141210139,C,T,C,T,0.1486154371265605,-0.1504,NA,0.0229,FALSE,FALSE,FALSE,ieu-b-7,7,23432357,0.1449,25556,0.2991,Parkinson's disease || id:ieu-b-7,Parkinson's disease,Parkinson's disease ||  || ,TRUE,igd,7_23392738_t_c,7,23392738,9.111955642700195e-147,34151,25.798945695447753,0.00576052366173955,GPNMB (Olink UKB-PPP),TRUE,reported,2F56E7,2,1,TRUE
rs183705156,G,A,G,A,-0.08154577860438711,-0.5997,NA,0.0026,FALSE,FALSE,FALSE,ieu-b-7,7,23373509,0.2914,22542,0.0396096,Parkinson's disease || id:ieu-b-7,Parkinson's disease,Parkinson's disease ||  || ,TRUE,igd,7_23333890_a_g,7,23333890,3.282222270965576e-78,34151,18.72190151789045,0.00435563548534121,GPNMB (Olink UKB-PPP),TRUE,reported,2F56E7,2,1,TRUE
rs187317213,C,T,C,T,-0.12527576373772148,0.5735,NA,0.0015,FALSE,FALSE,FALSE,ieu-b-7,7,23264541,1.4539,1680,0.6933,Parkinson's disease || id:ieu-b-7,Parkinson's disease,Parkinson's disease ||  || ,TRUE,igd,7_23224922_t_c,7,23224922,3.022558212280273e-122,34151,23.51272608238487,0.0053279982635265274,GPNMB (Olink UKB-PPP),TRUE,reported,2F56E7,2,1,TRUE
rs188019604,A,G,A,G,0.10108282482729512,-0.104,NA,0.0241,FALSE,FALSE,FALSE,ieu-b-7,7,22968860,0.1447,25556,0.4723,Parkinson's disease || id:ieu-b-7,Parkinson's disease,Parkinson's disease ||  || ,TRUE,igd,7_22929241_g_a,7,22929241,5.353777885437012e-83,34151,19.300165203709064,0.0052374072325489344,GPNMB (Olink UKB-PPP),TRUE,reported,2F56E7,2,1,TRUE
rs1881203,C,T,C,T,-0.15555656266522624,-0.0923,NA,0.3738,FALSE,FALSE,FALSE,ieu-b-7,7,23292808,0.0177,482730,1.985e-7,Parkinson's disease || id:ieu-b-7,Parkinson's disease,Parkinson's disease ||  || ,TRUE,igd,7_23253189_t_c,7,23253189,9.136404037475586e-176,34151,28.265669014729394,0.0055033745206655065,GPNMB (Olink UKB-PPP),TRUE,reported,2F56E7,2,1,TRUE
rs191709994,A,G,A,G,-0.11424223920555512,-0.225,NA,0.0048,FALSE,FALSE,FALSE,ieu-b-7,7,22958257,0.2039,24234,0.2699,Parkinson's disease || id:ieu-b-7,Parkinson's disease,Parkinson's disease ||  || ,TRUE,igd,7_22918638_g_a,7,22918638,4.163822174072266e-90,34151,20.12838044292883,0.005675679646928018,GPNMB (Olink UKB-PPP),TRUE,reported,2F56E7,2,1,TRUE
rs34691502,G,A,G,A,0.04821698887590739,0.0299,NA,0.2409,FALSE,FALSE,FALSE,ieu-b-7,7,23933330,0.023,482730,0.1934,Parkinson's disease || id:ieu-b-7,Parkinson's disease,Parkinson's disease ||  || ,TRUE,igd,7_23893711_a_g,7,23893711,6.863521099090575e-24,34151,10.078689779543481,0.004784053277815185,GPNMB (Olink UKB-PPP),TRUE,reported,2F56E7,2,1,TRUE
rs553402465,G,A,G,A,-0.04915286222503342,0.7796,NA,0.0019,FALSE,FALSE,FALSE,ieu-b-7,7,22715361,0.5751,8817,0.1753,Parkinson's disease || id:ieu-b-7,Parkinson's disease,Parkinson's disease ||  || ,TRUE,igd,7_22675742_a_g,7,22675742,1.2609094381332398e-25,34151,10.464234970454594,0.004697224628825216,GPNMB (Olink UKB-PPP),TRUE,reported,2F56E7,2,1,TRUE
rs554517895,T,G,T,G,-0.05011261696992274,-0.0897,NA,0.0015,FALSE,FALSE,FALSE,ieu-b-7,7,24123571,0.4694,16422,0.8485,Parkinson's disease || id:ieu-b-7,Parkinson's disease,Parkinson's disease ||  || ,TRUE,igd,7_24083952_g_t,7,24083952,2.464772939682007e-20,34151,9.240008657220717,0.005423438313638551,GPNMB (Olink UKB-PPP),TRUE,reported,2F56E7,2,1,TRUE
rs75801644,A,G,A,G,-0.26424314622801276,0.0751,NA,0.0266,FALSE,FALSE,FALSE,ieu-b-7,7,23306141,0.054,482730,0.1643,Parkinson's disease || id:ieu-b-7,Parkinson's disease,Parkinson's disease ||  || ,TRUE,igd,7_23266522_g_a,7,23266522,1e-200,34151,37.537836095576054,0.007039381427187664,GPNMB (Olink UKB-PPP),TRUE,reported,2F56E7,2,1,TRUE
rs77175079,C,A,C,A,-0.03800021935586246,-0.0011,NA,0.0576,FALSE,FALSE,FALSE,ieu-b-7,7,22972334,0.0505,468692,0.9828,Parkinson's disease || id:ieu-b-7,Parkinson's disease,Parkinson's disease ||  || ,TRUE,igd,7_22932715_a_c,7,22932715,1.045627236366272e-14,34151,7.733581078436207,0.0049136640542658426,GPNMB (Olink UKB-PPP),TRUE,reported,2F56E7,2,1,TRUE
rs77652512,A,G,A,G,-0.05579218783455166,-0.3253,NA,0.0039,FALSE,FALSE,FALSE,ieu-b-7,7,23332549,0.1666,23713,0.0508604,Parkinson's disease || id:ieu-b-7,Parkinson's disease,Parkinson's disease ||  || ,TRUE,igd,7_23292930_g_a,7,23292930,7.293472766876221e-18,34151,8.610197632344038,0.006479780164971987,GPNMB (Olink UKB-PPP),TRUE,reported,2F56E7,2,1,TRUE
rs78591304,G,T,G,T,0.10998206894780238,-0.2129,NA,0.0137,FALSE,FALSE,FALSE,ieu-b-7,7,23947227,0.1532,24029,0.1647,Parkinson's disease || id:ieu-b-7,Parkinson's disease,Parkinson's disease ||  || ,TRUE,igd,7_23907608_t_g,7,23907608,1.1336864233016969e-51,34151,15.123491601283693,0.007272267003372887,GPNMB (Olink UKB-PPP),TRUE,reported,2F56E7,2,1,TRUE
rs79570193,T,C,T,C,-0.06801043519986458,-0.0535,NA,0.0133,FALSE,FALSE,FALSE,ieu-b-7,7,23334004,0.098,471013,0.5851,Parkinson's disease || id:ieu-b-7,Parkinson's disease,Parkinson's disease ||  || ,TRUE,igd,7_23294385_c_t,7,23294385,3.601621627807617e-55,34151,15.644859696535104,0.0043471425451598635,GPNMB (Olink UKB-PPP),TRUE,reported,2F56E7,2,1,TRUE
