SNP_original,chr,pos,ref,alt,query_used,rsid,all_rsids
7_23907608_t_g,7,23907608,t,g,NC_000007.14:23907607:t:g,rs78591304,rs78591304
7_23289622_ta_t,7,23289622,ta,t,NA,NA,NA
7_23253189_t_c,7,23253189,t,c,NC_000007.14:23253188:t:c,rs1881203,rs1881203
7_23849012_t_g,7,23849012,t,g,NC_000007.14:23849011:t:g,rs12531722,rs12531722
7_23260029_c_g,7,23260029,c,g,NC_000007.14:23260028:c:g,rs17147995,rs17147995
7_23261483_a_c,7,23261483,a,c,NC_000007.14:23261482:a:c,rs111416687,rs111416687
7_23217214_t_c,7,23217214,t,c,NC_000007.14:23217213:t:c,rs191297708,rs191297708
7_23292930_g_a,7,23292930,g,a,NC_000007.14:23292929:g:a,rs77652512,rs77652512
7_22891972_a_t,7,22891972,a,t,NC_000007.14:22891971:a:t,rs564627708,rs564627708
7_23893711_a_g,7,23893711,a,g,NC_000007.14:23893710:a:g,rs34691502,rs34691502
7_22929241_g_a,7,22929241,g,a,NC_000007.14:22929240:g:a,rs188019604,rs188019604
7_23365098_g_c,7,23365098,g,c,NC_000007.14:23365097:g:c,rs182846976,rs182846976
7_23392738_t_c,7,23392738,t,c,NC_000007.14:23392737:t:c,rs141210139,rs141210139
7_24316607_t_c,7,24316607,t,c,NC_000007.14:24316606:t:c,rs561835325,rs561835325
7_24083952_g_t,7,24083952,g,t,NC_000007.14:24083951:g:t,rs554517895,rs554517895
7_23394987_c_g,7,23394987,c,g,NC_000007.14:23394986:c:g,rs78840640,rs78840640
7_22860226_gaa_g,7,22860226,gaa,g,NA,NA,NA
7_23224922_t_c,7,23224922,t,c,NC_000007.14:23224921:t:c,rs187317213,rs187317213
7_24035115_g_c,7,24035115,g,c,NC_000007.14:24035114:g:c,rs192489514,rs192489514
7_22918638_g_a,7,22918638,g,a,NC_000007.14:22918637:g:a,rs191709994,rs191709994
7_23294385_c_t,7,23294385,c,t,NC_000007.14:23294384:c:t,rs79570193,rs79570193
7_22932715_a_c,7,22932715,a,c,NC_000007.14:22932714:a:c,rs77175079,rs77175079
7_22793023_a_c,7,22793023,a,c,NC_000007.14:22793022:a:c,rs572638581,rs572638581
7_23246910_c_t,7,23246910,c,t,NC_000007.14:23246909:c:t,rs140122424,rs140122424
7_22856072_g_c,7,22856072,g,c,NC_000007.14:22856071:g:c,rs187529119,rs187529119
7_23333890_a_g,7,23333890,a,g,NC_000007.14:23333889:a:g,rs183705156,rs183705156
7_22675742_a_g,7,22675742,a,g,NC_000007.14:22675741:a:g,rs553402465,rs553402465
7_23266522_g_a,7,23266522,g,a,NC_000007.14:23266521:g:a,rs75801644,rs75801644
