credibleSet,leadVariant,chr,pos,ref_allele,alt_allele,study,type,affectedTissueCell,condition,pValue,beta,fineMappingConfidence,fineMappingMethod,credibleSetSize,effect_allele,other_allele,pValue_original,sample_size,exposure_name,pValue_safe,z,se
00687d5a0913d6e37c58b9bb1c57c47a,7_23907608_T_G,7,23907608,T,G,UKB_PPP_EUR_GPNMB_Q14956_OID20173_v1,"pQTL, isTrans:false",[UBERON_0001969]:blood plasma,NA,1.1336864233016969e-51,0.10998206894780238,SuSiE fine-mapped credible set with out-of-sample LD,SuSiE-inf,1,G,T,1.1336864233016968x10-51,34151,GPNMB (Olink UKB-PPP),1.1336864233016969e-51,15.123491601283693,0.007272267003372887
13187884b2de345d8891c797b9dd0047,7_23289622_TA_T,7,23289622,TA,T,UKB_PPP_EUR_GPNMB_Q14956_OID20173_v1,"pQTL, isTrans:false",[UBERON_0001969]:blood plasma,NA,7.760343074798584e-119,-0.14024624479487938,SuSiE fine-mapped credible set with out-of-sample LD,SuSiE-inf,1,T,TA,7.760343074798584x10-119,34151,GPNMB (Olink UKB-PPP),7.760343074798584e-119,23.177048675727573,0.0060510829811456475
17edfb2be12eecf97129da62dc76f318,7_23253189_T_C,7,23253189,T,C,UKB_PPP_EUR_GPNMB_Q14956_OID20173_v1,"pQTL, isTrans:false",[UBERON_0001969]:blood plasma,NA,9.136404037475586e-176,-0.15555656266522624,SuSiE fine-mapped credible set with out-of-sample LD,SuSiE-inf,2,C,T,9.136404037475586x10-176,34151,GPNMB (Olink UKB-PPP),9.136404037475586e-176,28.265669014729394,0.0055033745206655065
22f26419d27398a9019abf2f635fcdaa,7_23849012_T_G,7,23849012,T,G,UKB_PPP_EUR_GPNMB_Q14956_OID20173_v1,"pQTL, isTrans:false",[UBERON_0001969]:blood plasma,NA,1.5745340585708618e-21,-0.09301813779144724,SuSiE fine-mapped credible set with out-of-sample LD,SuSiE-inf,1,G,T,1.5745340585708618x10-21,34151,GPNMB (Olink UKB-PPP),1.5745340585708618e-21,9.529887737614994,0.009760675083747263
23bcfb9080c005d37943d20a3ff2e1f0,7_23260029_C_G,7,23260029,C,G,UKB_PPP_EUR_GPNMB_Q14956_OID20173_v1,"pQTL, isTrans:false",[UBERON_0001969]:blood plasma,NA,2.7445528507232664e-14,-0.03022853398780657,SuSiE fine-mapped credible set with out-of-sample LD,SuSiE-inf,3,G,C,2.7445528507232666x10-14,34151,GPNMB (Olink UKB-PPP),2.7445528507232664e-14,7.60983065769776,0.003972300481775998
24e3466a19404ccc6ed3d26b313054d5,7_23261483_A_C,7,23261483,A,C,UKB_PPP_EUR_GPNMB_Q14956_OID20173_v1,"pQTL, isTrans:false",[UBERON_0001969]:blood plasma,NA,4.878015041351318e-18,-0.05796144325906591,SuSiE fine-mapped credible set with out-of-sample LD,SuSiE-inf,140,C,A,4.878015041351318x10-18,34151,GPNMB (Olink UKB-PPP),4.878015041351318e-18,8.656188541748477,0.006695954342898149
280f5adf73c600497251195dbba58d27,7_23217214_T_C,7,23217214,T,C,UKB_PPP_EUR_GPNMB_Q14956_OID20173_v1,"pQTL, isTrans:false",[UBERON_0001969]:blood plasma,NA,5.909956932067871e-186,0.14882173401455193,SuSiE fine-mapped credible set with out-of-sample LD,SuSiE-inf,3,C,T,5.909956932067871x10-186,34151,GPNMB (Olink UKB-PPP),5.909956932067871e-186,29.08288392720731,0.005117158751760784
476bda96a5e73d56e693784038db2cfe,7_23292930_G_A,7,23292930,G,A,UKB_PPP_EUR_GPNMB_Q14956_OID20173_v1,"pQTL, isTrans:false",[UBERON_0001969]:blood plasma,NA,7.293472766876221e-18,-0.05579218783455166,SuSiE fine-mapped credible set with out-of-sample LD,SuSiE-inf,46,A,G,7.293472766876221x10-18,34151,GPNMB (Olink UKB-PPP),7.293472766876221e-18,8.610197632344038,0.006479780164971987
56907788c87d9e0466a158c519ec7b44,7_22891972_A_T,7,22891972,A,T,UKB_PPP_EUR_GPNMB_Q14956_OID20173_v1,"pQTL, isTrans:false",[UBERON_0001969]:blood plasma,NA,9.267850875854492e-93,-0.11499013016357998,SuSiE fine-mapped credible set with out-of-sample LD,SuSiE-inf,1,T,A,9.267850875854492x10-93,34151,GPNMB (Olink UKB-PPP),9.267850875854492e-93,20.42883947862599,0.005628813632996153
61f30d43a275e2d1ea325b7f58120a6a,7_23893711_A_G,7,23893711,A,G,UKB_PPP_EUR_GPNMB_Q14956_OID20173_v1,"pQTL, isTrans:false",[UBERON_0001969]:blood plasma,NA,6.863521099090575e-24,0.04821698887590739,SuSiE fine-mapped credible set with out-of-sample LD,SuSiE-inf,3,G,A,6.863521099090576x10-24,34151,GPNMB (Olink UKB-PPP),6.863521099090575e-24,10.078689779543481,0.004784053277815185
69a0ed692046dfc8d7d220e43f105688,7_22929241_G_A,7,22929241,G,A,UKB_PPP_EUR_GPNMB_Q14956_OID20173_v1,"pQTL, isTrans:false",[UBERON_0001969]:blood plasma,NA,5.353777885437012e-83,0.10108282482729512,SuSiE fine-mapped credible set with out-of-sample LD,SuSiE-inf,1,A,G,5.353777885437012x10-83,34151,GPNMB (Olink UKB-PPP),5.353777885437012e-83,19.300165203709064,0.0052374072325489344
766ce0eadcdc1db6ae0269cf4d42f08d,7_23365098_G_C,7,23365098,G,C,UKB_PPP_EUR_GPNMB_Q14956_OID20173_v1,"pQTL, isTrans:false",[UBERON_0001969]:blood plasma,NA,4.89681339263916e-46,-0.03701102889735691,SuSiE fine-mapped credible set with out-of-sample LD,SuSiE-inf,2,C,G,4.89681339263916x10-46,34151,GPNMB (Olink UKB-PPP),4.89681339263916e-46,14.24382988418579,0.0025983902642960095
82f607db60b4c672eb44ab00918fafae,7_23392738_T_C,7,23392738,T,C,UKB_PPP_EUR_GPNMB_Q14956_OID20173_v1,"pQTL, isTrans:false",[UBERON_0001969]:blood plasma,NA,9.111955642700195e-147,0.1486154371265605,SuSiE fine-mapped credible set with out-of-sample LD,SuSiE-inf,1,C,T,9.111955642700195x10-147,34151,GPNMB (Olink UKB-PPP),9.111955642700195e-147,25.798945695447753,0.00576052366173955
964eaf9202f092cb0badf00b9c9dd973,7_24316607_T_C,7,24316607,T,C,UKB_PPP_EUR_GPNMB_Q14956_OID20173_v1,"pQTL, isTrans:false",[UBERON_0001969]:blood plasma,NA,1.2855020761489867e-38,-0.07093077117431495,SuSiE fine-mapped credible set with out-of-sample LD,SuSiE-inf,1,C,T,1.2855020761489868x10-38,34151,GPNMB (Olink UKB-PPP),1.2855020761489867e-38,12.99621477542811,0.005457802321674729
9ca67f0dc790f7037d0e5d3487e2ae62,7_24083952_G_T,7,24083952,G,T,UKB_PPP_EUR_GPNMB_Q14956_OID20173_v1,"pQTL, isTrans:false",[UBERON_0001969]:blood plasma,NA,2.464772939682007e-20,-0.05011261696992274,SuSiE fine-mapped credible set with out-of-sample LD,SuSiE-inf,1,T,G,2.464772939682007x10-20,34151,GPNMB (Olink UKB-PPP),2.464772939682007e-20,9.240008657220717,0.005423438313638551
aab2dbdc714727f5de91b18901f14c5e,7_23394987_C_G,7,23394987,C,G,UKB_PPP_EUR_GPNMB_Q14956_OID20173_v1,"pQTL, isTrans:false",[UBERON_0001969]:blood plasma,NA,1.7388523817062378e-307,-0.22419318771514024,SuSiE fine-mapped credible set with out-of-sample LD,SuSiE-inf,1,G,C,1.7388523817062378x10-307,34151,GPNMB (Olink UKB-PPP),1.7388523817062378e-307,37.48306303335681,0.005981186423202047
abbb51e2d394be0252c6ecc50e81347f,7_22860226_GAA_G,7,22860226,GAA,G,UKB_PPP_EUR_GPNMB_Q14956_OID20173_v1,"pQTL, isTrans:false",[UBERON_0001969]:blood plasma,NA,4.806922912597656e-26,0.04516252182897442,SuSiE fine-mapped credible set with out-of-sample LD,SuSiE-inf,1,G,GAA,4.806922912597656x10-26,34151,GPNMB (Olink UKB-PPP),4.806922912597656e-26,10.555184890320463,0.004278704949108973
b00fae886994f491ab2bab6708675130,7_23224922_T_C,7,23224922,T,C,UKB_PPP_EUR_GPNMB_Q14956_OID20173_v1,"pQTL, isTrans:false",[UBERON_0001969]:blood plasma,NA,3.022558212280273e-122,-0.12527576373772148,SuSiE fine-mapped credible set with out-of-sample LD,SuSiE-inf,1,C,T,3.0225582122802734x10-122,34151,GPNMB (Olink UKB-PPP),3.022558212280273e-122,23.51272608238487,0.0053279982635265274
b58d4341f693d9db0be6eadd159ce349,7_24035115_G_C,7,24035115,G,C,UKB_PPP_EUR_GPNMB_Q14956_OID20173_v1,"pQTL, isTrans:false",[UBERON_0001969]:blood plasma,NA,3.405351161956787e-65,-0.09282391124467523,SuSiE fine-mapped credible set with out-of-sample LD,SuSiE-inf,1,C,G,3.405351161956787x10-65,34151,GPNMB (Olink UKB-PPP),3.405351161956787e-65,17.05152437615069,0.0054437309648693024
b93f12be07056269c819f0eac49859a0,7_22918638_G_A,7,22918638,G,A,UKB_PPP_EUR_GPNMB_Q14956_OID20173_v1,"pQTL, isTrans:false",[UBERON_0001969]:blood plasma,NA,4.163822174072266e-90,-0.11424223920555512,SuSiE fine-mapped credible set with out-of-sample LD,SuSiE-inf,3,A,G,4.163822174072266x10-90,34151,GPNMB (Olink UKB-PPP),4.163822174072266e-90,20.12838044292883,0.005675679646928018
c27d3a8a7ccbf4b3eb2de632be5ce32a,7_23294385_C_T,7,23294385,C,T,UKB_PPP_EUR_GPNMB_Q14956_OID20173_v1,"pQTL, isTrans:false",[UBERON_0001969]:blood plasma,NA,3.601621627807617e-55,-0.06801043519986458,SuSiE fine-mapped credible set with out-of-sample LD,SuSiE-inf,2,T,C,3.601621627807617x10-55,34151,GPNMB (Olink UKB-PPP),3.601621627807617e-55,15.644859696535104,0.0043471425451598635
c7c96420935a91abcd6de3a373efd1ab,7_22932715_A_C,7,22932715,A,C,UKB_PPP_EUR_GPNMB_Q14956_OID20173_v1,"pQTL, isTrans:false",[UBERON_0001969]:blood plasma,NA,1.045627236366272e-14,-0.03800021935586246,SuSiE fine-mapped credible set with out-of-sample LD,SuSiE-inf,2,C,A,1.045627236366272x10-14,34151,GPNMB (Olink UKB-PPP),1.045627236366272e-14,7.733581078436207,0.0049136640542658426
cc791c3c58747986c5d185fdce4a0d11,7_22793023_A_C,7,22793023,A,C,UKB_PPP_EUR_GPNMB_Q14956_OID20173_v1,"pQTL, isTrans:false",[UBERON_0001969]:blood plasma,NA,2.6221935749053954e-40,-0.05446142151249652,SuSiE fine-mapped credible set with out-of-sample LD,SuSiE-inf,1,C,A,2.6221935749053955x10-40,34151,GPNMB (Olink UKB-PPP),2.6221935749053954e-40,13.290670085856828,0.004097718261056774
d35221c3e1b58fbdb87cf741cf67d3fc,7_23246910_C_T,7,23246910,C,T,UKB_PPP_EUR_GPNMB_Q14956_OID20173_v1,"pQTL, isTrans:false",[UBERON_0001969]:blood plasma,NA,1.2787364721298219e-144,-0.13249434404340196,SuSiE fine-mapped credible set with out-of-sample LD,SuSiE-inf,1,T,C,1.2787364721298218x10-144,34151,GPNMB (Olink UKB-PPP),1.2787364721298219e-144,25.606882244375228,0.005174169302571205
d848523340a33a867d1cbc00a87cb8ff,7_22856072_G_C,7,22856072,G,C,UKB_PPP_EUR_GPNMB_Q14956_OID20173_v1,"pQTL, isTrans:false",[UBERON_0001969]:blood plasma,NA,6.447718143463135e-31,-0.04342428287182091,SuSiE fine-mapped credible set with out-of-sample LD,SuSiE-inf,2,C,G,6.447718143463135x10-31,34151,GPNMB (Olink UKB-PPP),6.447718143463135e-31,11.561624695973233,0.0037558979826550704
de98d00eb6ca13146409b7ea99fd03d6,7_23333890_A_G,7,23333890,A,G,UKB_PPP_EUR_GPNMB_Q14956_OID20173_v1,"pQTL, isTrans:false",[UBERON_0001969]:blood plasma,NA,3.282222270965576e-78,-0.08154577860438711,SuSiE fine-mapped credible set with out-of-sample LD,SuSiE-inf,1,G,A,3.282222270965576x10-78,34151,GPNMB (Olink UKB-PPP),3.282222270965576e-78,18.72190151789045,0.00435563548534121
ed06fac9136db2b17fa7be62aaedd53b,7_22675742_A_G,7,22675742,A,G,UKB_PPP_EUR_GPNMB_Q14956_OID20173_v1,"pQTL, isTrans:false",[UBERON_0001969]:blood plasma,NA,1.2609094381332398e-25,-0.04915286222503342,SuSiE fine-mapped credible set with out-of-sample LD,SuSiE-inf,1,G,A,1.2609094381332397x10-25,34151,GPNMB (Olink UKB-PPP),1.2609094381332398e-25,10.464234970454594,0.004697224628825216
f64a15ab2c10669ffc52941b8635c850,7_23266522_G_A,7,23266522,G,A,UKB_PPP_EUR_GPNMB_Q14956_OID20173_v1,"pQTL, isTrans:false",[UBERON_0001969]:blood plasma,NA,1e-322,-0.26424314622801276,SuSiE fine-mapped credible set with out-of-sample LD,SuSiE-inf,1,A,G,9.88131332397461x10-323,34151,GPNMB (Olink UKB-PPP),2.2250738585072014e-308,37.537836095576054,0.007039381427187664
